ISO-10303-21;
HEADER;
FILE_DESCRIPTION(('STEP AP203'),
    '1');
FILE_NAME('Frame-v1',
    '2025-10-21T19:17:42',
    ('NewTToNN'),
    (''),
    'C3D Converter',
    'C3D Toolkit',
    '');
/**/
FILE_SCHEMA(('CONFIG_CONTROL_DESIGN'));
ENDSEC;

DATA;
#1=PRODUCT_DEFINITION('','UNSPECIFIED',#28,#31);
#2=SHAPE_DEFINITION_REPRESENTATION(#26,#3);
#3=SHAPE_REPRESENTATION('NONE',(#4),#8);
#4=AXIS2_PLACEMENT_3D('',#5,#6,#7);
#5=CARTESIAN_POINT('',(0.,0.,0.));
#6=DIRECTION('',(0.,0.,1.));
#7=DIRECTION('',(1.,0.,0.));
#8=(GEOMETRIC_REPRESENTATION_CONTEXT(3)GLOBAL_UNCERTAINTY_ASSIGNED_CONTEXT((#10))
GLOBAL_UNIT_ASSIGNED_CONTEXT((#9,#11,#12))REPRESENTATION_CONTEXT('NONE','NONE'));
#9=(LENGTH_UNIT()NAMED_UNIT(*)SI_UNIT(.MILLI.,.METRE.));
#10=UNCERTAINTY_MEASURE_WITH_UNIT(LENGTH_MEASURE(1.E-5),#9,'NONE','NONE');
#11=(NAMED_UNIT(*)PLANE_ANGLE_UNIT()SI_UNIT($,.RADIAN.));
#12=(NAMED_UNIT(*)SI_UNIT($,.STERADIAN.)SOLID_ANGLE_UNIT());
#13=MANIFOLD_SOLID_BREP('',#14);
#14=CLOSED_SHELL('',(#53,#54,#55,#56,#57,#58,#59,#60,#61,#62,#63,#64,#65,#66,#67,
#68,#69,#70,#71,#72,#73,#74,#75,#76,#77,#78,#79,#80,#81,#82,#83,#84,#85,#86,#87,
#88,#89,#90,#91,#92,#93,#94,#95,#96,#97,#98,#99,#100,#101,#102,#103,#104,#105,#106,
#107,#108,#109,#110,#111,#112,#113,#114,#115,#116,#117,#118,#119,#120,#121,#122,
#123,#124,#125,#126,#127,#128,#129,#130,#131,#132,#133,#134,#135,#136,#137,#138,
#139,#140,#141,#142,#143,#144,#145,#146,#147,#148,#149,#150,#151,#152,#153,#154,
#155,#156,#157,#158,#159,#160,#161,#162,#163,#164,#165,#166,#167,#168,#169,#170,
#171,#172,#173,#174,#175,#176,#177,#178,#179,#180,#181,#182,#183,#184,#185,#186,
#187,#188,#189,#190,#191,#192,#193,#194,#195,#196,#197,#198,#199,#200,#201,#202,
#203,#204,#205,#206,#207,#208,#209,#210,#211,#212,#213,#214,#215,#216,#217,#218,
#219,#220,#221,#222,#223,#224,#225,#226,#227,#228,#229,#230,#231,#232,#233,#234,
#235,#236,#237,#238,#239,#240,#241,#242,#243,#244,#245,#246,#247,#248,#249,#250,
#251,#252,#253,#254,#255,#256,#257,#258,#259,#260,#261,#262,#263,#264,#265,#266,
#267,#268,#269,#270,#271,#272,#273,#274,#275,#276,#277,#278,#279,#280,#281,#282,
#283,#284,#285,#286,#287,#288,#289,#290,#291,#292,#293,#294,#295,#296,#297,#298,
#299,#300,#301,#302,#303,#304,#305,#306,#307,#308,#309,#310,#311,#312,#313,#314,
#315,#316,#317,#318,#319,#320,#321,#322,#323,#324,#325,#326,#327,#328,#329,#330,
#331,#332,#333,#334,#335,#336,#337,#338,#339,#340,#341,#342,#343,#344,#345,#346,
#347,#348,#349,#350,#351,#352,#353,#354,#355,#356,#357,#358,#359,#360,#361,#362,
#363,#364,#365,#366,#367,#368,#369,#370,#371,#372,#373,#374,#375,#376,#377,#378,
#379,#380,#381,#382,#383,#384,#385,#386,#387,#388,#389,#390,#391,#392,#393,#394,
#395,#396,#397,#398,#399,#400,#401,#402,#403,#404,#405,#406,#407,#408,#409,#410,
#411,#412,#413,#414,#415,#416,#417,#418,#419,#420,#421,#422,#423,#424,#425,#426,
#427,#428,#429,#430,#431,#432,#433,#434,#435,#436,#437,#438,#439,#440,#441,#442,
#443,#444,#445,#446,#447,#448,#449,#450,#451,#452,#453,#454,#455,#456,#457,#458,
#459,#460,#461,#462,#463,#464,#465,#466,#467,#468,#469,#470,#471,#472,#473,#474,
#475,#476,#477));
#15=COLOUR_RGB('',0.423529411764706,0.423529411764706,0.423529411764706);
#16=FILL_AREA_STYLE_COLOUR('',#15);
#17=FILL_AREA_STYLE($,(#16));
#18=SURFACE_STYLE_FILL_AREA(#17);
#19=SURFACE_SIDE_STYLE('',(#18));
#20=SURFACE_STYLE_USAGE(.BOTH.,#19);
#21=PRESENTATION_STYLE_ASSIGNMENT((#20));
#22=MECHANICAL_DESIGN_GEOMETRIC_PRESENTATION_REPRESENTATION('NONE',(#23),#8);
#23=STYLED_ITEM('',(#21),#13);
#24=ADVANCED_BREP_SHAPE_REPRESENTATION('NONE',(#13),#8);
#25=SHAPE_REPRESENTATION_RELATIONSHIP('','',#3,#24);
#26=PRODUCT_DEFINITION_SHAPE('NONE','NONE',#1);
#27=MECHANICAL_CONTEXT('NONE',#32,'mechanical');
#28=PRODUCT_DEFINITION_FORMATION_WITH_SPECIFIED_SOURCE('ANY','UNSPECIFIED',#29,.NOT_KNOWN.);
#29=PRODUCT('','Frame-v1','NONE',(#27));
#30=PRODUCT_RELATED_PRODUCT_CATEGORY('detail','',(#29));
#31=DESIGN_CONTEXT('detailed design',#32,'design');
#32=APPLICATION_CONTEXT('configuration controlled 3d designs of mechanical parts and assemblies');
#33=APPLICATION_PROTOCOL_DEFINITION('international standard','config_control_design',
1994,#32);
#34=CC_DESIGN_DATE_AND_TIME_ASSIGNMENT(#35,#39,(#1));
#35=DATE_AND_TIME(#36,#37);
#36=CALENDAR_DATE(0,1,1);
#37=LOCAL_TIME(0,0,0.,#38);
#38=COORDINATED_UNIVERSAL_TIME_OFFSET(0,0,.AHEAD.);
#39=DATE_TIME_ROLE('creation_date');
#40=CC_DESIGN_APPROVAL(#41,(#1));
#41=APPROVAL(#42,'UNSPECIFIED');
#42=APPROVAL_STATUS('not_yet_approved');
#43=APPROVAL_DATE_TIME(#44,#41);
#44=DATE_AND_TIME(#45,#46);
#45=CALENDAR_DATE(0,1,1);
#46=LOCAL_TIME(0,0,0.,#47);
#47=COORDINATED_UNIVERSAL_TIME_OFFSET(0,0,.AHEAD.);
#48=PERSON('UNSPECIFIED','NewTToNN','UNSPECIFIED',('UNSPECIFIED'),('UNSPECIFIED'),
('UNSPECIFIED'));
#49=ORGANIZATION('UNSPECIFIED','UNSPECIFIED','UNSPECIFIED');
#50=PERSON_AND_ORGANIZATION(#48,#49);
#51=PERSON_AND_ORGANIZATION_ROLE('creator');
#52=CC_DESIGN_PERSON_AND_ORGANIZATION_ASSIGNMENT(#50,#51,(#28,#1));
#53=ADVANCED_FACE('',(#478),#480,.F.);
#54=ADVANCED_FACE('',(#485),#487,.T.);
#55=ADVANCED_FACE('',(#492),#494,.T.);
#56=ADVANCED_FACE('',(#499),#501,.F.);
#57=ADVANCED_FACE('',(#506),#508,.F.);
#58=ADVANCED_FACE('',(#513,#515,#517,#519,#521,#523,#525,#527,#529,#531),#533,.T.);
#59=ADVANCED_FACE('',(#538),#540,.F.);
#60=ADVANCED_FACE('',(#545),#547,.F.);
#61=ADVANCED_FACE('',(#552),#554,.F.);
#62=ADVANCED_FACE('',(#559),#561,.F.);
#63=ADVANCED_FACE('',(#566),#568,.F.);
#64=ADVANCED_FACE('',(#573),#575,.F.);
#65=ADVANCED_FACE('',(#580),#582,.T.);
#66=ADVANCED_FACE('',(#587),#589,.F.);
#67=ADVANCED_FACE('',(#594),#596,.F.);
#68=ADVANCED_FACE('',(#601),#603,.T.);
#69=ADVANCED_FACE('',(#608),#610,.F.);
#70=ADVANCED_FACE('',(#615),#617,.T.);
#71=ADVANCED_FACE('',(#622),#624,.F.);
#72=ADVANCED_FACE('',(#629),#631,.T.);
#73=ADVANCED_FACE('',(#636),#638,.F.);
#74=ADVANCED_FACE('',(#643),#645,.T.);
#75=ADVANCED_FACE('',(#650),#652,.T.);
#76=ADVANCED_FACE('',(#657),#659,.T.);
#77=ADVANCED_FACE('',(#664),#666,.F.);
#78=ADVANCED_FACE('',(#671),#673,.T.);
#79=ADVANCED_FACE('',(#678),#680,.F.);
#80=ADVANCED_FACE('',(#685),#687,.T.);
#81=ADVANCED_FACE('',(#692),#694,.T.);
#82=ADVANCED_FACE('',(#699),#701,.T.);
#83=ADVANCED_FACE('',(#706),#708,.T.);
#84=ADVANCED_FACE('',(#713),#715,.F.);
#85=ADVANCED_FACE('',(#720),#722,.F.);
#86=ADVANCED_FACE('',(#727),#729,.T.);
#87=ADVANCED_FACE('',(#734),#736,.T.);
#88=ADVANCED_FACE('',(#741),#743,.F.);
#89=ADVANCED_FACE('',(#748),#750,.T.);
#90=ADVANCED_FACE('',(#755),#757,.F.);
#91=ADVANCED_FACE('',(#762),#764,.T.);
#92=ADVANCED_FACE('',(#769),#771,.T.);
#93=ADVANCED_FACE('',(#776),#778,.T.);
#94=ADVANCED_FACE('',(#783),#785,.F.);
#95=ADVANCED_FACE('',(#790),#792,.F.);
#96=ADVANCED_FACE('',(#797),#799,.F.);
#97=ADVANCED_FACE('',(#804),#806,.F.);
#98=ADVANCED_FACE('',(#811),#813,.T.);
#99=ADVANCED_FACE('',(#818),#820,.T.);
#100=ADVANCED_FACE('',(#825),#827,.T.);
#101=ADVANCED_FACE('',(#832),#834,.F.);
#102=ADVANCED_FACE('',(#839),#841,.T.);
#103=ADVANCED_FACE('',(#846),#848,.F.);
#104=ADVANCED_FACE('',(#853),#855,.T.);
#105=ADVANCED_FACE('',(#860),#862,.T.);
#106=ADVANCED_FACE('',(#867),#869,.T.);
#107=ADVANCED_FACE('',(#874),#876,.T.);
#108=ADVANCED_FACE('',(#881),#883,.F.);
#109=ADVANCED_FACE('',(#888),#890,.F.);
#110=ADVANCED_FACE('',(#895),#897,.T.);
#111=ADVANCED_FACE('',(#902),#904,.T.);
#112=ADVANCED_FACE('',(#909),#911,.F.);
#113=ADVANCED_FACE('',(#916),#918,.T.);
#114=ADVANCED_FACE('',(#923),#925,.F.);
#115=ADVANCED_FACE('',(#930),#932,.T.);
#116=ADVANCED_FACE('',(#937),#939,.T.);
#117=ADVANCED_FACE('',(#944),#946,.T.);
#118=ADVANCED_FACE('',(#951),#953,.F.);
#119=ADVANCED_FACE('',(#958),#960,.F.);
#120=ADVANCED_FACE('',(#965),#967,.T.);
#121=ADVANCED_FACE('',(#972),#974,.T.);
#122=ADVANCED_FACE('',(#979),#981,.F.);
#123=ADVANCED_FACE('',(#986),#988,.T.);
#124=ADVANCED_FACE('',(#993),#995,.T.);
#125=ADVANCED_FACE('',(#1000),#1002,.F.);
#126=ADVANCED_FACE('',(#1007),#1009,.F.);
#127=ADVANCED_FACE('',(#1014),#1016,.F.);
#128=ADVANCED_FACE('',(#1021),#1023,.F.);
#129=ADVANCED_FACE('',(#1028),#1030,.F.);
#130=ADVANCED_FACE('',(#1035),#1037,.T.);
#131=ADVANCED_FACE('',(#1042),#1044,.F.);
#132=ADVANCED_FACE('',(#1049),#1051,.T.);
#133=ADVANCED_FACE('',(#1056),#1058,.F.);
#134=ADVANCED_FACE('',(#1063),#1065,.T.);
#135=ADVANCED_FACE('',(#1070),#1072,.F.);
#136=ADVANCED_FACE('',(#1077),#1079,.F.);
#137=ADVANCED_FACE('',(#1084),#1086,.T.);
#138=ADVANCED_FACE('',(#1099),#1101,.T.);
#139=ADVANCED_FACE('',(#1106),#1108,.F.);
#140=ADVANCED_FACE('',(#1113),#1115,.T.);
#141=ADVANCED_FACE('',(#1120),#1122,.F.);
#142=ADVANCED_FACE('',(#1127),#1129,.F.);
#143=ADVANCED_FACE('',(#1134),#1136,.T.);
#144=ADVANCED_FACE('',(#1141),#1143,.F.);
#145=ADVANCED_FACE('',(#1148),#1150,.F.);
#146=ADVANCED_FACE('',(#1155),#1157,.T.);
#147=ADVANCED_FACE('',(#1162),#1164,.T.);
#148=ADVANCED_FACE('',(#1169),#1171,.F.);
#149=ADVANCED_FACE('',(#1176),#1178,.F.);
#150=ADVANCED_FACE('',(#1183),#1185,.F.);
#151=ADVANCED_FACE('',(#1198),#1200,.T.);
#152=ADVANCED_FACE('',(#1205),#1207,.F.);
#153=ADVANCED_FACE('',(#1212),#1214,.F.);
#154=ADVANCED_FACE('',(#1219),#1221,.F.);
#155=ADVANCED_FACE('',(#1226),#1228,.F.);
#156=ADVANCED_FACE('',(#1233),#1235,.F.);
#157=ADVANCED_FACE('',(#1240),#1242,.T.);
#158=ADVANCED_FACE('',(#1247),#1249,.F.);
#159=ADVANCED_FACE('',(#1254),#1256,.T.);
#160=ADVANCED_FACE('',(#1261),#1263,.F.);
#161=ADVANCED_FACE('',(#1268),#1270,.T.);
#162=ADVANCED_FACE('',(#1275),#1277,.T.);
#163=ADVANCED_FACE('',(#1282),#1284,.F.);
#164=ADVANCED_FACE('',(#1289),#1291,.F.);
#165=ADVANCED_FACE('',(#1296),#1298,.T.);
#166=ADVANCED_FACE('',(#1303),#1305,.F.);
#167=ADVANCED_FACE('',(#1310),#1312,.F.);
#168=ADVANCED_FACE('',(#1317),#1319,.F.);
#169=ADVANCED_FACE('',(#1324),#1326,.T.);
#170=ADVANCED_FACE('',(#1331),#1333,.T.);
#171=ADVANCED_FACE('',(#1338),#1340,.F.);
#172=ADVANCED_FACE('',(#1345),#1347,.F.);
#173=ADVANCED_FACE('',(#1352),#1354,.F.);
#174=ADVANCED_FACE('',(#1367),#1369,.T.);
#175=ADVANCED_FACE('',(#1374),#1376,.F.);
#176=ADVANCED_FACE('',(#1381),#1383,.F.);
#177=ADVANCED_FACE('',(#1388),#1390,.F.);
#178=ADVANCED_FACE('',(#1395),#1397,.T.);
#179=ADVANCED_FACE('',(#1410),#1412,.T.);
#180=ADVANCED_FACE('',(#1417),#1419,.F.);
#181=ADVANCED_FACE('',(#1424),#1426,.T.);
#182=ADVANCED_FACE('',(#1431),#1433,.F.);
#183=ADVANCED_FACE('',(#1438),#1440,.F.);
#184=ADVANCED_FACE('',(#1445),#1447,.T.);
#185=ADVANCED_FACE('',(#1452,#1454),#1456,.F.);
#186=ADVANCED_FACE('',(#1461,#1463),#1465,.F.);
#187=ADVANCED_FACE('',(#1470),#1472,.T.);
#188=ADVANCED_FACE('',(#1477),#1479,.F.);
#189=ADVANCED_FACE('',(#1484),#1486,.F.);
#190=ADVANCED_FACE('',(#1491,#1493,#1495,#1497,#1499),#1501,.F.);
#191=ADVANCED_FACE('',(#1506),#1508,.T.);
#192=ADVANCED_FACE('',(#1513),#1515,.F.);
#193=ADVANCED_FACE('',(#1520),#1522,.T.);
#194=ADVANCED_FACE('',(#1527),#1529,.T.);
#195=ADVANCED_FACE('',(#1534),#1536,.F.);
#196=ADVANCED_FACE('',(#1541),#1543,.T.);
#197=ADVANCED_FACE('',(#1548),#1550,.T.);
#198=ADVANCED_FACE('',(#1555),#1557,.T.);
#199=ADVANCED_FACE('',(#1562),#1564,.T.);
#200=ADVANCED_FACE('',(#1569),#1571,.F.);
#201=ADVANCED_FACE('',(#1576),#1578,.T.);
#202=ADVANCED_FACE('',(#1583,#1585),#1587,.T.);
#203=ADVANCED_FACE('',(#1592),#1594,.F.);
#204=ADVANCED_FACE('',(#1627),#1629,.F.);
#205=ADVANCED_FACE('',(#1634),#1636,.F.);
#206=ADVANCED_FACE('',(#1641),#1643,.F.);
#207=ADVANCED_FACE('',(#1648,#1650),#1652,.T.);
#208=ADVANCED_FACE('',(#1657),#1659,.F.);
#209=ADVANCED_FACE('',(#1664),#1666,.F.);
#210=ADVANCED_FACE('',(#1671),#1673,.F.);
#211=ADVANCED_FACE('',(#1678),#1680,.F.);
#212=ADVANCED_FACE('',(#1713),#1715,.T.);
#213=ADVANCED_FACE('',(#1720),#1722,.F.);
#214=ADVANCED_FACE('',(#1727),#1729,.F.);
#215=ADVANCED_FACE('',(#1734),#1736,.T.);
#216=ADVANCED_FACE('',(#1769,#1771),#1773,.T.);
#217=ADVANCED_FACE('',(#1778),#1780,.T.);
#218=ADVANCED_FACE('',(#1785),#1787,.T.);
#219=ADVANCED_FACE('',(#1792,#1794),#1796,.F.);
#220=ADVANCED_FACE('',(#1801),#1803,.T.);
#221=ADVANCED_FACE('',(#1808),#1810,.T.);
#222=ADVANCED_FACE('',(#1815),#1817,.F.);
#223=ADVANCED_FACE('',(#1822),#1824,.F.);
#224=ADVANCED_FACE('',(#1829),#1831,.T.);
#225=ADVANCED_FACE('',(#1864),#1866,.F.);
#226=ADVANCED_FACE('',(#1871),#1873,.F.);
#227=ADVANCED_FACE('',(#1878),#1880,.F.);
#228=ADVANCED_FACE('',(#1885),#1887,.F.);
#229=ADVANCED_FACE('',(#1892),#1894,.T.);
#230=ADVANCED_FACE('',(#1899,#1901),#1903,.T.);
#231=ADVANCED_FACE('',(#1908),#1910,.F.);
#232=ADVANCED_FACE('',(#1943),#1945,.F.);
#233=ADVANCED_FACE('',(#1950),#1952,.F.);
#234=ADVANCED_FACE('',(#1957),#1959,.F.);
#235=ADVANCED_FACE('',(#1964,#1966),#1968,.T.);
#236=ADVANCED_FACE('',(#1973),#1975,.F.);
#237=ADVANCED_FACE('',(#1980),#1982,.F.);
#238=ADVANCED_FACE('',(#1987),#1989,.F.);
#239=ADVANCED_FACE('',(#1994),#1996,.F.);
#240=ADVANCED_FACE('',(#2029),#2031,.T.);
#241=ADVANCED_FACE('',(#2036),#2038,.F.);
#242=ADVANCED_FACE('',(#2043),#2045,.F.);
#243=ADVANCED_FACE('',(#2050),#2052,.T.);
#244=ADVANCED_FACE('',(#2085,#2087),#2089,.T.);
#245=ADVANCED_FACE('',(#2094),#2096,.T.);
#246=ADVANCED_FACE('',(#2101),#2103,.T.);
#247=ADVANCED_FACE('',(#2108,#2110),#2112,.F.);
#248=ADVANCED_FACE('',(#2117),#2119,.T.);
#249=ADVANCED_FACE('',(#2124),#2126,.T.);
#250=ADVANCED_FACE('',(#2131),#2133,.F.);
#251=ADVANCED_FACE('',(#2138),#2140,.F.);
#252=ADVANCED_FACE('',(#2145),#2147,.T.);
#253=ADVANCED_FACE('',(#2180),#2182,.F.);
#254=ADVANCED_FACE('',(#2187),#2189,.F.);
#255=ADVANCED_FACE('',(#2194),#2196,.T.);
#256=ADVANCED_FACE('',(#2201),#2203,.F.);
#257=ADVANCED_FACE('',(#2208),#2210,.T.);
#258=ADVANCED_FACE('',(#2215),#2217,.T.);
#259=ADVANCED_FACE('',(#2222),#2224,.F.);
#260=ADVANCED_FACE('',(#2229),#2231,.T.);
#261=ADVANCED_FACE('',(#2236),#2238,.T.);
#262=ADVANCED_FACE('',(#2243),#2245,.F.);
#263=ADVANCED_FACE('',(#2250),#2252,.F.);
#264=ADVANCED_FACE('',(#2257),#2259,.F.);
#265=ADVANCED_FACE('',(#2264),#2266,.F.);
#266=ADVANCED_FACE('',(#2271),#2273,.F.);
#267=ADVANCED_FACE('',(#2278),#2280,.T.);
#268=ADVANCED_FACE('',(#2285),#2287,.F.);
#269=ADVANCED_FACE('',(#2292),#2294,.T.);
#270=ADVANCED_FACE('',(#2299),#2301,.F.);
#271=ADVANCED_FACE('',(#2306),#2308,.F.);
#272=ADVANCED_FACE('',(#2313),#2315,.T.);
#273=ADVANCED_FACE('',(#2320),#2322,.F.);
#274=ADVANCED_FACE('',(#2327),#2329,.F.);
#275=ADVANCED_FACE('',(#2334),#2336,.T.);
#276=ADVANCED_FACE('',(#2341),#2343,.F.);
#277=ADVANCED_FACE('',(#2348),#2350,.T.);
#278=ADVANCED_FACE('',(#2355),#2357,.F.);
#279=ADVANCED_FACE('',(#2362),#2364,.T.);
#280=ADVANCED_FACE('',(#2369),#2371,.F.);
#281=ADVANCED_FACE('',(#2376),#2378,.F.);
#282=ADVANCED_FACE('',(#2383),#2385,.T.);
#283=ADVANCED_FACE('',(#2390),#2392,.T.);
#284=ADVANCED_FACE('',(#2397),#2399,.F.);
#285=ADVANCED_FACE('',(#2404),#2406,.F.);
#286=ADVANCED_FACE('',(#2411),#2413,.F.);
#287=ADVANCED_FACE('',(#2418),#2420,.F.);
#288=ADVANCED_FACE('',(#2425),#2427,.F.);
#289=ADVANCED_FACE('',(#2432),#2434,.T.);
#290=ADVANCED_FACE('',(#2439),#2441,.T.);
#291=ADVANCED_FACE('',(#2446),#2448,.F.);
#292=ADVANCED_FACE('',(#2453),#2455,.T.);
#293=ADVANCED_FACE('',(#2460),#2462,.T.);
#294=ADVANCED_FACE('',(#2467),#2469,.F.);
#295=ADVANCED_FACE('',(#2478),#2480,.T.);
#296=ADVANCED_FACE('',(#2485),#2487,.T.);
#297=ADVANCED_FACE('',(#2492),#2494,.T.);
#298=ADVANCED_FACE('',(#2499),#2501,.T.);
#299=ADVANCED_FACE('',(#2510),#2512,.F.);
#300=ADVANCED_FACE('',(#2521),#2523,.T.);
#301=ADVANCED_FACE('',(#2528),#2530,.F.);
#302=ADVANCED_FACE('',(#2535),#2537,.T.);
#303=ADVANCED_FACE('',(#2542),#2544,.T.);
#304=ADVANCED_FACE('',(#2553),#2555,.F.);
#305=ADVANCED_FACE('',(#2560),#2562,.F.);
#306=ADVANCED_FACE('',(#2567),#2569,.T.);
#307=ADVANCED_FACE('',(#2574),#2576,.F.);
#308=ADVANCED_FACE('',(#2581),#2583,.T.);
#309=ADVANCED_FACE('',(#2588),#2590,.F.);
#310=ADVANCED_FACE('',(#2595,#2597),#2599,.T.);
#311=ADVANCED_FACE('',(#2604),#2606,.T.);
#312=ADVANCED_FACE('',(#2611),#2613,.T.);
#313=ADVANCED_FACE('',(#2618,#2620),#2622,.F.);
#314=ADVANCED_FACE('',(#2627),#2629,.T.);
#315=ADVANCED_FACE('',(#2634),#2636,.F.);
#316=ADVANCED_FACE('',(#2641),#2643,.F.);
#317=ADVANCED_FACE('',(#2648),#2650,.F.);
#318=ADVANCED_FACE('',(#2655),#2657,.F.);
#319=ADVANCED_FACE('',(#2662),#2664,.T.);
#320=ADVANCED_FACE('',(#2669),#2671,.T.);
#321=ADVANCED_FACE('',(#2676),#2678,.T.);
#322=ADVANCED_FACE('',(#2683),#2685,.F.);
#323=ADVANCED_FACE('',(#2690,#2692),#2694,.T.);
#324=ADVANCED_FACE('',(#2699),#2701,.T.);
#325=ADVANCED_FACE('',(#2706),#2708,.T.);
#326=ADVANCED_FACE('',(#2713),#2715,.F.);
#327=ADVANCED_FACE('',(#2720,#2722),#2724,.F.);
#328=ADVANCED_FACE('',(#2729),#2731,.T.);
#329=ADVANCED_FACE('',(#2736),#2738,.T.);
#330=ADVANCED_FACE('',(#2743),#2745,.F.);
#331=ADVANCED_FACE('',(#2750),#2752,.F.);
#332=ADVANCED_FACE('',(#2757),#2759,.F.);
#333=ADVANCED_FACE('',(#2764),#2766,.T.);
#334=ADVANCED_FACE('',(#2771),#2773,.F.);
#335=ADVANCED_FACE('',(#2778),#2780,.T.);
#336=ADVANCED_FACE('',(#2785),#2787,.F.);
#337=ADVANCED_FACE('',(#2792,#2794),#2796,.T.);
#338=ADVANCED_FACE('',(#2801),#2803,.T.);
#339=ADVANCED_FACE('',(#2808),#2810,.T.);
#340=ADVANCED_FACE('',(#2815,#2817),#2819,.F.);
#341=ADVANCED_FACE('',(#2824),#2826,.T.);
#342=ADVANCED_FACE('',(#2831),#2833,.F.);
#343=ADVANCED_FACE('',(#2838),#2840,.F.);
#344=ADVANCED_FACE('',(#2845),#2847,.T.);
#345=ADVANCED_FACE('',(#2852),#2854,.F.);
#346=ADVANCED_FACE('',(#2859),#2861,.T.);
#347=ADVANCED_FACE('',(#2866),#2868,.T.);
#348=ADVANCED_FACE('',(#2873),#2875,.T.);
#349=ADVANCED_FACE('',(#2880),#2882,.F.);
#350=ADVANCED_FACE('',(#2887,#2889),#2891,.T.);
#351=ADVANCED_FACE('',(#2896),#2898,.T.);
#352=ADVANCED_FACE('',(#2903),#2905,.T.);
#353=ADVANCED_FACE('',(#2910),#2912,.F.);
#354=ADVANCED_FACE('',(#2917,#2919),#2921,.F.);
#355=ADVANCED_FACE('',(#2926),#2928,.T.);
#356=ADVANCED_FACE('',(#2933),#2935,.T.);
#357=ADVANCED_FACE('',(#2940),#2942,.F.);
#358=ADVANCED_FACE('',(#2947),#2949,.T.);
#359=ADVANCED_FACE('',(#2954),#2956,.F.);
#360=ADVANCED_FACE('',(#2961),#2963,.F.);
#361=ADVANCED_FACE('',(#2968),#2970,.F.);
#362=ADVANCED_FACE('',(#2975),#2977,.F.);
#363=ADVANCED_FACE('',(#2982),#2984,.F.);
#364=ADVANCED_FACE('',(#2989),#2991,.F.);
#365=ADVANCED_FACE('',(#2996),#2998,.F.);
#366=ADVANCED_FACE('',(#3003),#3005,.F.);
#367=ADVANCED_FACE('',(#3010),#3012,.T.);
#368=ADVANCED_FACE('',(#3017),#3019,.F.);
#369=ADVANCED_FACE('',(#3024),#3026,.F.);
#370=ADVANCED_FACE('',(#3031),#3033,.F.);
#371=ADVANCED_FACE('',(#3038),#3040,.T.);
#372=ADVANCED_FACE('',(#3045),#3047,.T.);
#373=ADVANCED_FACE('',(#3052),#3054,.T.);
#374=ADVANCED_FACE('',(#3059),#3061,.T.);
#375=ADVANCED_FACE('',(#3066),#3068,.T.);
#376=ADVANCED_FACE('',(#3083),#3085,.F.);
#377=ADVANCED_FACE('',(#3094),#3096,.T.);
#378=ADVANCED_FACE('',(#3105),#3107,.F.);
#379=ADVANCED_FACE('',(#3122),#3124,.F.);
#380=ADVANCED_FACE('',(#3129),#3131,.T.);
#381=ADVANCED_FACE('',(#3136),#3138,.F.);
#382=ADVANCED_FACE('',(#3143),#3145,.F.);
#383=ADVANCED_FACE('',(#3150),#3152,.F.);
#384=ADVANCED_FACE('',(#3157),#3159,.T.);
#385=ADVANCED_FACE('',(#3164),#3166,.T.);
#386=ADVANCED_FACE('',(#3171),#3173,.T.);
#387=ADVANCED_FACE('',(#3178),#3180,.T.);
#388=ADVANCED_FACE('',(#3195),#3197,.F.);
#389=ADVANCED_FACE('',(#3206),#3208,.T.);
#390=ADVANCED_FACE('',(#3217),#3219,.F.);
#391=ADVANCED_FACE('',(#3234),#3236,.T.);
#392=ADVANCED_FACE('',(#3241),#3243,.F.);
#393=ADVANCED_FACE('',(#3248),#3250,.T.);
#394=ADVANCED_FACE('',(#3255),#3257,.F.);
#395=ADVANCED_FACE('',(#3262),#3264,.F.);
#396=ADVANCED_FACE('',(#3269),#3271,.F.);
#397=ADVANCED_FACE('',(#3276,#3278),#3280,.F.);
#398=ADVANCED_FACE('',(#3285,#3287),#3289,.F.);
#399=ADVANCED_FACE('',(#3294),#3296,.T.);
#400=ADVANCED_FACE('',(#3305),#3307,.F.);
#401=ADVANCED_FACE('',(#3312),#3314,.T.);
#402=ADVANCED_FACE('',(#3319),#3321,.F.);
#403=ADVANCED_FACE('',(#3330),#3332,.T.);
#404=ADVANCED_FACE('',(#3337,#3339),#3341,.T.);
#405=ADVANCED_FACE('',(#3346,#3348),#3350,.F.);
#406=ADVANCED_FACE('',(#3355),#3357,.F.);
#407=ADVANCED_FACE('',(#3362,#3364),#3366,.F.);
#408=ADVANCED_FACE('',(#3371,#3373),#3375,.F.);
#409=ADVANCED_FACE('',(#3380),#3382,.T.);
#410=ADVANCED_FACE('',(#3391),#3393,.F.);
#411=ADVANCED_FACE('',(#3398),#3400,.T.);
#412=ADVANCED_FACE('',(#3405),#3407,.F.);
#413=ADVANCED_FACE('',(#3416),#3418,.T.);
#414=ADVANCED_FACE('',(#3423,#3425),#3427,.T.);
#415=ADVANCED_FACE('',(#3432,#3434),#3436,.F.);
#416=ADVANCED_FACE('',(#3441),#3443,.F.);
#417=ADVANCED_FACE('',(#3448),#3450,.F.);
#418=ADVANCED_FACE('',(#3459),#3461,.F.);
#419=ADVANCED_FACE('',(#3466),#3468,.T.);
#420=ADVANCED_FACE('',(#3477),#3479,.F.);
#421=ADVANCED_FACE('',(#3508),#3510,.F.);
#422=ADVANCED_FACE('',(#3515),#3517,.T.);
#423=ADVANCED_FACE('',(#3546),#3548,.F.);
#424=ADVANCED_FACE('',(#3557),#3559,.T.);
#425=ADVANCED_FACE('',(#3564),#3566,.T.);
#426=ADVANCED_FACE('',(#3575),#3577,.T.);
#427=ADVANCED_FACE('',(#3582),#3584,.T.);
#428=ADVANCED_FACE('',(#3589),#3591,.T.);
#429=ADVANCED_FACE('',(#3596),#3598,.T.);
#430=ADVANCED_FACE('',(#3603),#3605,.F.);
#431=ADVANCED_FACE('',(#3610),#3612,.T.);
#432=ADVANCED_FACE('',(#3631),#3633,.F.);
#433=ADVANCED_FACE('',(#3638),#3640,.T.);
#434=ADVANCED_FACE('',(#3645),#3647,.F.);
#435=ADVANCED_FACE('',(#3652),#3654,.F.);
#436=ADVANCED_FACE('',(#3673),#3675,.F.);
#437=ADVANCED_FACE('',(#3680),#3682,.F.);
#438=ADVANCED_FACE('',(#3687),#3689,.T.);
#439=ADVANCED_FACE('',(#3694),#3696,.F.);
#440=ADVANCED_FACE('',(#3701),#3703,.F.);
#441=ADVANCED_FACE('',(#3708),#3710,.T.);
#442=ADVANCED_FACE('',(#3715),#3717,.F.);
#443=ADVANCED_FACE('',(#3722),#3724,.F.);
#444=ADVANCED_FACE('',(#3729),#3731,.F.);
#445=ADVANCED_FACE('',(#3748),#3750,.F.);
#446=ADVANCED_FACE('',(#3755),#3757,.F.);
#447=ADVANCED_FACE('',(#3762),#3764,.F.);
#448=ADVANCED_FACE('',(#3769),#3771,.T.);
#449=ADVANCED_FACE('',(#3788),#3790,.F.);
#450=ADVANCED_FACE('',(#3795),#3797,.T.);
#451=ADVANCED_FACE('',(#3802),#3804,.T.);
#452=ADVANCED_FACE('',(#3809),#3811,.T.);
#453=ADVANCED_FACE('',(#3816,#3818),#3820,.F.);
#454=ADVANCED_FACE('',(#3825,#3827),#3829,.F.);
#455=ADVANCED_FACE('',(#3834,#3836),#3838,.F.);
#456=ADVANCED_FACE('',(#3843,#3845),#3847,.F.);
#457=ADVANCED_FACE('',(#3852),#3854,.T.);
#458=ADVANCED_FACE('',(#3859),#3861,.T.);
#459=ADVANCED_FACE('',(#3866),#3868,.T.);
#460=ADVANCED_FACE('',(#3873),#3875,.T.);
#461=ADVANCED_FACE('',(#3880),#3882,.T.);
#462=ADVANCED_FACE('',(#3887),#3889,.T.);
#463=ADVANCED_FACE('',(#3894),#3896,.F.);
#464=ADVANCED_FACE('',(#3901),#3903,.T.);
#465=ADVANCED_FACE('',(#3908),#3910,.F.);
#466=ADVANCED_FACE('',(#3915),#3917,.T.);
#467=ADVANCED_FACE('',(#3922),#3924,.F.);
#468=ADVANCED_FACE('',(#3929),#3931,.F.);
#469=ADVANCED_FACE('',(#3940),#3942,.F.);
#470=ADVANCED_FACE('',(#3947),#3949,.T.);
#471=ADVANCED_FACE('',(#3958),#3960,.F.);
#472=ADVANCED_FACE('',(#3989),#3991,.F.);
#473=ADVANCED_FACE('',(#3996),#3998,.T.);
#474=ADVANCED_FACE('',(#4027),#4029,.F.);
#475=ADVANCED_FACE('',(#4040),#4042,.T.);
#476=ADVANCED_FACE('',(#4047),#4049,.T.);
#477=ADVANCED_FACE('',(#4058),#4060,.T.);
#478=FACE_BOUND('',#479,.T.);
#479=EDGE_LOOP('',(#4065,#4066,#4067,#4068,#4069,#4070,#4071,#4072,#4073,#4074,#4075,
#4076));
#480=PLANE('',#481);
#481=AXIS2_PLACEMENT_3D('',#482,#483,#484);
#482=CARTESIAN_POINT('',(0.,0.,1.6));
#483=DIRECTION('',(0.,0.,-1.));
#484=DIRECTION('',(-1.,0.,0.));
#485=FACE_BOUND('',#486,.T.);
#486=EDGE_LOOP('',(#4077,#4078,#4079,#4080,#4081,#4082));
#487=PLANE('',#488);
#488=AXIS2_PLACEMENT_3D('',#489,#490,#491);
#489=CARTESIAN_POINT('',(4.1,-19.8,2.7));
#490=DIRECTION('',(-0.707106781186547,0.,0.707106781186547));
#491=DIRECTION('',(0.,1.,0.));
#492=FACE_BOUND('',#493,.T.);
#493=EDGE_LOOP('',(#4083,#4084,#4085,#4086,#4087,#4088));
#494=PLANE('',#495);
#495=AXIS2_PLACEMENT_3D('',#496,#497,#498);
#496=CARTESIAN_POINT('',(4.1,-19.8,2.7));
#497=DIRECTION('',(-0.707106781186547,0.,0.707106781186547));
#498=DIRECTION('',(0.,1.,0.));
#499=FACE_BOUND('',#500,.T.);
#500=EDGE_LOOP('',(#4089,#4090,#4091,#4092,#4093,#4094));
#501=PLANE('',#502);
#502=AXIS2_PLACEMENT_3D('',#503,#504,#505);
#503=CARTESIAN_POINT('',(-4.1,-19.8,2.7));
#504=DIRECTION('',(-0.707106781186547,-8.65956056235493E-17,-0.707106781186547));
#505=DIRECTION('',(-1.22464679914735E-16,1.,0.));
#506=FACE_BOUND('',#507,.T.);
#507=EDGE_LOOP('',(#4095,#4096,#4097,#4098,#4099,#4100));
#508=PLANE('',#509);
#509=AXIS2_PLACEMENT_3D('',#510,#511,#512);
#510=CARTESIAN_POINT('',(-4.1,-19.8,2.7));
#511=DIRECTION('',(-0.707106781186547,-8.65956056235493E-17,-0.707106781186547));
#512=DIRECTION('',(-1.22464679914735E-16,1.,0.));
#513=FACE_BOUND('',#514,.T.);
#514=EDGE_LOOP('',(#4101,#4102,#4103,#4104,#4105,#4106,#4107,#4108,#4109,#4110,#4111,
#4112,#4113,#4114,#4115,#4116,#4117,#4118,#4119,#4120,#4121,#4122,#4123,#4124,#4125,
#4126,#4127,#4128,#4129,#4130,#4131,#4132,#4133,#4134,#4135,#4136,#4137,#4138,#4139,
#4140,#4141,#4142,#4143,#4144,#4145,#4146,#4147,#4148,#4149,#4150,#4151,#4152));
#515=FACE_BOUND('',#516,.T.);
#516=EDGE_LOOP('',(#4153,#4154,#4155,#4156,#4157,#4158,#4159,#4160,#4161,#4162,#4163,
#4164));
#517=FACE_BOUND('',#518,.T.);
#518=EDGE_LOOP('',(#4165));
#519=FACE_BOUND('',#520,.T.);
#520=EDGE_LOOP('',(#4166,#4167,#4168,#4169,#4170,#4171,#4172,#4173,#4174,#4175,#4176,
#4177,#4178,#4179));
#521=FACE_BOUND('',#522,.T.);
#522=EDGE_LOOP('',(#4180,#4181,#4182,#4183,#4184,#4185,#4186,#4187,#4188));
#523=FACE_BOUND('',#524,.T.);
#524=EDGE_LOOP('',(#4189,#4190,#4191,#4192,#4193,#4194,#4195,#4196,#4197));
#525=FACE_BOUND('',#526,.T.);
#526=EDGE_LOOP('',(#4198,#4199,#4200,#4201,#4202,#4203,#4204,#4205,#4206,#4207,#4208,
#4209,#4210,#4211));
#527=FACE_BOUND('',#528,.T.);
#528=EDGE_LOOP('',(#4212,#4213,#4214,#4215,#4216,#4217,#4218,#4219,#4220));
#529=FACE_BOUND('',#530,.T.);
#530=EDGE_LOOP('',(#4221,#4222,#4223,#4224,#4225,#4226,#4227,#4228,#4229));
#531=FACE_BOUND('',#532,.T.);
#532=EDGE_LOOP('',(#4230));
#533=PLANE('',#534);
#534=AXIS2_PLACEMENT_3D('',#535,#536,#537);
#535=CARTESIAN_POINT('',(0.,0.,2.7));
#536=DIRECTION('',(0.,0.,1.));
#537=DIRECTION('',(6.12323399573677E-17,-1.,0.));
#538=FACE_BOUND('',#539,.T.);
#539=EDGE_LOOP('',(#4231,#4232,#4233,#4234));
#540=PLANE('',#541);
#541=AXIS2_PLACEMENT_3D('',#542,#543,#544);
#542=CARTESIAN_POINT('',(-13.,5.,0.6));
#543=DIRECTION('',(0.,-1.,0.));
#544=DIRECTION('',(1.,0.,0.));
#545=FACE_BOUND('',#546,.T.);
#546=EDGE_LOOP('',(#4235,#4236,#4237,#4238));
#547=PLANE('',#548);
#548=AXIS2_PLACEMENT_3D('',#549,#550,#551);
#549=CARTESIAN_POINT('',(-13.,5.,0.6));
#550=DIRECTION('',(0.,-1.,0.));
#551=DIRECTION('',(1.,0.,0.));
#552=FACE_BOUND('',#553,.T.);
#553=EDGE_LOOP('',(#4239,#4240,#4241,#4242));
#554=PLANE('',#555);
#555=AXIS2_PLACEMENT_3D('',#556,#557,#558);
#556=CARTESIAN_POINT('',(13.,5.,0.6));
#557=DIRECTION('',(1.,0.,0.));
#558=DIRECTION('',(0.,1.,0.));
#559=FACE_BOUND('',#560,.T.);
#560=EDGE_LOOP('',(#4243,#4244,#4245,#4246));
#561=PLANE('',#562);
#562=AXIS2_PLACEMENT_3D('',#563,#564,#565);
#563=CARTESIAN_POINT('',(13.,8.99999999999999,0.6));
#564=DIRECTION('',(6.83214169000096E-16,1.,0.));
#565=DIRECTION('',(-1.,6.83214169000096E-16,0.));
#566=FACE_BOUND('',#567,.T.);
#567=EDGE_LOOP('',(#4247,#4248,#4249,#4250));
#568=PLANE('',#569);
#569=AXIS2_PLACEMENT_3D('',#570,#571,#572);
#570=CARTESIAN_POINT('',(13.,8.99999999999999,0.6));
#571=DIRECTION('',(6.83214169000096E-16,1.,0.));
#572=DIRECTION('',(-1.,6.83214169000096E-16,0.));
#573=FACE_BOUND('',#574,.T.);
#574=EDGE_LOOP('',(#4251,#4252,#4253,#4254));
#575=PLANE('',#576);
#576=AXIS2_PLACEMENT_3D('',#577,#578,#579);
#577=CARTESIAN_POINT('',(-13.,9.00000000000001,0.6));
#578=DIRECTION('',(-1.,-4.44089209850062E-16,0.));
#579=DIRECTION('',(4.44089209850062E-16,-1.,0.));
#580=FACE_BOUND('',#581,.T.);
#581=EDGE_LOOP('',(#4255,#4256,#4257,#4258));
#582=PLANE('',#583);
#583=AXIS2_PLACEMENT_3D('',#584,#585,#586);
#584=CARTESIAN_POINT('',(5.4,13.4,1.));
#585=DIRECTION('',(8.65954372948176E-17,0.707106781186547,0.707106781186548));
#586=DIRECTION('',(-1.,1.2246444186196E-16,0.));
#587=FACE_BOUND('',#588,.T.);
#588=EDGE_LOOP('',(#4259,#4260,#4261,#4262));
#589=PLANE('',#590);
#590=AXIS2_PLACEMENT_3D('',#591,#592,#593);
#591=CARTESIAN_POINT('',(5.4,-13.4,1.));
#592=DIRECTION('',(0.,0.707106781186547,-0.707106781186548));
#593=DIRECTION('',(-1.,0.,0.));
#594=FACE_BOUND('',#595,.T.);
#595=EDGE_LOOP('',(#4263,#4264,#4265,#4266,#4267,#4268,#4269,#4270,#4271,#4272,#4273,
#4274));
#596=PLANE('',#597);
#597=AXIS2_PLACEMENT_3D('',#598,#599,#600);
#598=CARTESIAN_POINT('',(6.51970740368832,15.4,-7.));
#599=DIRECTION('',(1.2246444186196E-16,1.,0.));
#600=DIRECTION('',(-1.,1.2246444186196E-16,0.));
#601=FACE_BOUND('',#602,.T.);
#602=EDGE_LOOP('',(#4275,#4276,#4277,#4278,#4279));
#603=PLANE('',#604);
#604=AXIS2_PLACEMENT_3D('',#605,#606,#607);
#605=CARTESIAN_POINT('',(3.,13.4,2.7));
#606=DIRECTION('',(-1.,1.2246444186196E-16,0.));
#607=DIRECTION('',(1.2246444186196E-16,1.,0.));
#608=FACE_BOUND('',#609,.T.);
#609=EDGE_LOOP('',(#4280,#4281,#4282,#4283,#4284));
#610=PLANE('',#611);
#611=AXIS2_PLACEMENT_3D('',#612,#613,#614);
#612=CARTESIAN_POINT('',(3.,-13.4,2.7));
#613=DIRECTION('',(1.,0.,0.));
#614=DIRECTION('',(0.,-1.,0.));
#615=FACE_BOUND('',#616,.T.);
#616=EDGE_LOOP('',(#4285,#4286,#4287,#4288,#4289,#4290,#4291,#4292,#4293,#4294,#4295,
#4296));
#617=PLANE('',#618);
#618=AXIS2_PLACEMENT_3D('',#619,#620,#621);
#619=CARTESIAN_POINT('',(6.51970740368832,-15.4,-7.));
#620=DIRECTION('',(0.,1.,0.));
#621=DIRECTION('',(-1.,0.,0.));
#622=FACE_BOUND('',#623,.T.);
#623=EDGE_LOOP('',(#4297,#4298,#4299,#4300,#4301));
#624=PLANE('',#625);
#625=AXIS2_PLACEMENT_3D('',#626,#627,#628);
#626=CARTESIAN_POINT('',(-3.,13.4,2.7));
#627=DIRECTION('',(-1.,-2.44929121776695E-16,0.));
#628=DIRECTION('',(-2.44929121776695E-16,1.,0.));
#629=FACE_BOUND('',#630,.T.);
#630=EDGE_LOOP('',(#4302,#4303,#4304,#4305,#4306));
#631=PLANE('',#632);
#632=AXIS2_PLACEMENT_3D('',#633,#634,#635);
#633=CARTESIAN_POINT('',(-3.,-13.4,2.7));
#634=DIRECTION('',(1.,1.22464679914735E-16,0.));
#635=DIRECTION('',(1.22464679914735E-16,-1.,0.));
#636=FACE_BOUND('',#637,.T.);
#637=EDGE_LOOP('',(#4307,#4308,#4309,#4310));
#638=CONICAL_SURFACE('',#639,14.7972095242992,0.785398163397449);
#639=AXIS2_PLACEMENT_3D('',#640,#641,#642);
#640=CARTESIAN_POINT('',(6.51970741531357,-31.1972095242992,2.1));
#641=DIRECTION('',(0.,0.,1.));
#642=DIRECTION('',(0.155241982383194,-0.987876473505537,0.));
#643=FACE_BOUND('',#644,.T.);
#644=EDGE_LOOP('',(#4311,#4312,#4313,#4314));
#645=PLANE('',#646);
#646=AXIS2_PLACEMENT_3D('',#647,#648,#649);
#647=CARTESIAN_POINT('',(14.310020330091,-18.3944057958794,1.5));
#648=DIRECTION('',(-0.541675220429264,-0.454519477660648,0.707106781186548));
#649=DIRECTION('',(0.642787609670424,-0.7660444431325,0.));
#650=FACE_BOUND('',#651,.T.);
#651=EDGE_LOOP('',(#4315,#4316,#4317,#4318));
#652=CONICAL_SURFACE('',#653,5.5,0.78539816339745);
#653=AXIS2_PLACEMENT_3D('',#654,#655,#656);
#654=CARTESIAN_POINT('',(42.5,-42.5,2.1));
#655=DIRECTION('',(0.,0.,-1.));
#656=DIRECTION('',(0.978376482809506,0.206831955667639,0.));
#657=FACE_BOUND('',#658,.T.);
#658=EDGE_LOOP('',(#4319,#4320,#4321,#4322));
#659=CYLINDRICAL_SURFACE('',#660,2.12132034355964);
#660=AXIS2_PLACEMENT_3D('',#661,#662,#663);
#661=CARTESIAN_POINT('',(35.1197587730478,-24.1654822961717,0.578679656440356));
#662=DIRECTION('',(0.271690326888811,-0.962384728824731,4.70558103152347E-17));
#663=DIRECTION('',(0.962384728824731,0.271690326888811,-7.3270981405242E-16));
#664=FACE_BOUND('',#665,.T.);
#665=EDGE_LOOP('',(#4323,#4324,#4325,#4326,#4327,#4328,#4329,#4330,#4331,#4332,#4333,
#4334));
#666=CYLINDRICAL_SURFACE('',#667,4.35);
#667=AXIS2_PLACEMENT_3D('',#668,#669,#670);
#668=CARTESIAN_POINT('',(42.5,-42.5,-8.));
#669=DIRECTION('',(0.,0.,1.));
#670=DIRECTION('',(6.12323399573677E-17,-1.,0.));
#671=FACE_BOUND('',#672,.T.);
#672=EDGE_LOOP('',(#4335,#4336,#4337,#4338,#4339));
#673=CYLINDRICAL_SURFACE('',#674,2.12132034355964);
#674=AXIS2_PLACEMENT_3D('',#675,#676,#677);
#675=CARTESIAN_POINT('',(19.9822156033848,-22.4137015389163,0.578679656440358));
#676=DIRECTION('',(0.697604459902418,-0.716483089489386,-9.41116206304694E-17));
#677=DIRECTION('',(0.716483089489386,0.697604459902418,1.04672830578919E-16));
#678=FACE_BOUND('',#679,.T.);
#679=EDGE_LOOP('',(#4340,#4341,#4342,#4343));
#680=CONICAL_SURFACE('',#681,6.4,0.78539816339745);
#681=AXIS2_PLACEMENT_3D('',#682,#683,#684);
#682=CARTESIAN_POINT('',(42.5,-42.5,2.4));
#683=DIRECTION('',(0.,0.,1.));
#684=DIRECTION('',(0.424344766292315,0.905500700894439,0.));
#685=FACE_BOUND('',#686,.T.);
#686=EDGE_LOOP('',(#4344,#4345,#4346,#4347,#4348));
#687=CYLINDRICAL_SURFACE('',#688,2.12132034355964);
#688=AXIS2_PLACEMENT_3D('',#689,#690,#691);
#689=CARTESIAN_POINT('',(46.6199573042864,-49.2859009579316,0.578679656440358));
#690=DIRECTION('',(-0.271690326888812,0.962384728824731,0.));
#691=DIRECTION('',(-0.962384728824731,-0.271690326888812,1.04672830578918E-16));
#692=FACE_BOUND('',#693,.T.);
#693=EDGE_LOOP('',(#4349,#4350,#4351,#4352));
#694=CYLINDRICAL_SURFACE('',#695,2.12132034355964);
#695=AXIS2_PLACEMENT_3D('',#696,#697,#698);
#696=CARTESIAN_POINT('',(56.6465308777862,-53.9885013872111,0.578679656440358));
#697=DIRECTION('',(-0.697604459902418,0.716483089489386,-4.70558103152347E-17));
#698=DIRECTION('',(-0.716483089489386,-0.697604459902418,1.04672830578919E-16));
#699=FACE_BOUND('',#700,.T.);
#700=EDGE_LOOP('',(#4353,#4354,#4355,#4356));
#701=CONICAL_SURFACE('',#702,5.5,0.78539816339745);
#702=AXIS2_PLACEMENT_3D('',#703,#704,#705);
#703=CARTESIAN_POINT('',(42.5,-42.5,2.1));
#704=DIRECTION('',(0.,0.,-1.));
#705=DIRECTION('',(-0.595132748784443,0.803627408270944,0.));
#706=FACE_BOUND('',#707,.T.);
#707=EDGE_LOOP('',(#4357,#4358,#4359,#4360));
#708=PLANE('',#709);
#709=AXIS2_PLACEMENT_3D('',#710,#711,#712);
#710=CARTESIAN_POINT('',(49.8738216747081,-44.9242017056352,1.5));
#711=DIRECTION('',(0.664463024393576,0.241844762634511,0.707106781186546));
#712=DIRECTION('',(-0.342020143306626,0.939692620792839,0.));
#713=FACE_BOUND('',#714,.T.);
#714=EDGE_LOOP('',(#4361,#4362,#4363,#4364));
#715=CONICAL_SURFACE('',#716,35.1532978113629,0.785398163397451);
#716=AXIS2_PLACEMENT_3D('',#717,#718,#719);
#717=CARTESIAN_POINT('',(70.2936009530387,-2.78621724483807E-15,2.1));
#718=DIRECTION('',(0.,0.,1.));
#719=DIRECTION('',(0.914637640454288,0.404274642618373,0.));
#720=FACE_BOUND('',#721,.T.);
#721=EDGE_LOOP('',(#4365,#4366,#4367,#4368));
#722=PLANE('',#723);
#723=AXIS2_PLACEMENT_3D('',#724,#725,#726);
#724=CARTESIAN_POINT('',(49.8738216747081,44.9242017056352,1.5));
#725=DIRECTION('',(-0.664463024393576,0.241844762634511,-0.707106781186546));
#726=DIRECTION('',(-0.342020143306627,-0.939692620792839,0.));
#727=FACE_BOUND('',#728,.T.);
#728=EDGE_LOOP('',(#4369,#4370,#4371,#4372));
#729=CONICAL_SURFACE('',#730,5.5,0.78539816339745);
#730=AXIS2_PLACEMENT_3D('',#731,#732,#733);
#731=CARTESIAN_POINT('',(42.5,42.5,2.1));
#732=DIRECTION('',(0.,0.,-1.));
#733=DIRECTION('',(0.595132748784443,0.803627408270943,0.));
#734=FACE_BOUND('',#735,.T.);
#735=EDGE_LOOP('',(#4373,#4374,#4375,#4376));
#736=CYLINDRICAL_SURFACE('',#737,2.12132034355964);
#737=AXIS2_PLACEMENT_3D('',#738,#739,#740);
#738=CARTESIAN_POINT('',(56.6465308777862,53.9885013872111,0.578679656440358));
#739=DIRECTION('',(0.697604459902418,0.716483089489386,4.70558103152347E-17));
#740=DIRECTION('',(-0.716483089489386,0.697604459902418,1.04672830578919E-16));
#741=FACE_BOUND('',#742,.T.);
#742=EDGE_LOOP('',(#4377,#4378,#4379,#4380,#4381,#4382,#4383,#4384,#4385,#4386,#4387,
#4388));
#743=CYLINDRICAL_SURFACE('',#744,4.35);
#744=AXIS2_PLACEMENT_3D('',#745,#746,#747);
#745=CARTESIAN_POINT('',(42.5,42.5,-8.));
#746=DIRECTION('',(0.,0.,-1.));
#747=DIRECTION('',(1.83696781819328E-16,1.,0.));
#748=FACE_BOUND('',#749,.T.);
#749=EDGE_LOOP('',(#4389,#4390,#4391,#4392,#4393));
#750=CYLINDRICAL_SURFACE('',#751,2.12132034355964);
#751=AXIS2_PLACEMENT_3D('',#752,#753,#754);
#752=CARTESIAN_POINT('',(46.6199573042865,49.2859009579316,0.578679656440358));
#753=DIRECTION('',(0.271690326888812,0.962384728824731,0.));
#754=DIRECTION('',(-0.962384728824731,0.271690326888812,1.04672830578918E-16));
#755=FACE_BOUND('',#756,.T.);
#756=EDGE_LOOP('',(#4394,#4395,#4396,#4397));
#757=CONICAL_SURFACE('',#758,6.4,0.78539816339745);
#758=AXIS2_PLACEMENT_3D('',#759,#760,#761);
#759=CARTESIAN_POINT('',(42.5,42.5,2.4));
#760=DIRECTION('',(0.,0.,1.));
#761=DIRECTION('',(-0.424344766292315,0.905500700894439,0.));
#762=FACE_BOUND('',#763,.T.);
#763=EDGE_LOOP('',(#4398,#4399,#4400,#4401,#4402));
#764=CYLINDRICAL_SURFACE('',#765,2.12132034355964);
#765=AXIS2_PLACEMENT_3D('',#766,#767,#768);
#766=CARTESIAN_POINT('',(19.9822156033848,22.4137015389163,0.578679656440358));
#767=DIRECTION('',(-0.697604459902418,-0.716483089489386,9.41116206304694E-17));
#768=DIRECTION('',(0.716483089489386,-0.697604459902418,1.04672830578919E-16));
#769=FACE_BOUND('',#770,.T.);
#770=EDGE_LOOP('',(#4403,#4404,#4405,#4406));
#771=CYLINDRICAL_SURFACE('',#772,2.12132034355964);
#772=AXIS2_PLACEMENT_3D('',#773,#774,#775);
#773=CARTESIAN_POINT('',(35.1197587730478,24.1654822961717,0.578679656440356));
#774=DIRECTION('',(-0.271690326888812,-0.962384728824731,-4.70558103152347E-17));
#775=DIRECTION('',(0.962384728824731,-0.271690326888811,-7.3270981405242E-16));
#776=FACE_BOUND('',#777,.T.);
#777=EDGE_LOOP('',(#4407,#4408,#4409,#4410));
#778=CONICAL_SURFACE('',#779,5.5,0.78539816339745);
#779=AXIS2_PLACEMENT_3D('',#780,#781,#782);
#780=CARTESIAN_POINT('',(42.5,42.5,2.1));
#781=DIRECTION('',(0.,0.,-1.));
#782=DIRECTION('',(-0.978376482809506,0.206831955667639,0.));
#783=FACE_BOUND('',#784,.T.);
#784=EDGE_LOOP('',(#4411,#4412,#4413,#4414));
#785=PLANE('',#786);
#786=AXIS2_PLACEMENT_3D('',#787,#788,#789);
#787=CARTESIAN_POINT('',(14.310020330091,18.3944057958794,1.5));
#788=DIRECTION('',(0.541675220429263,-0.454519477660648,-0.707106781186548));
#789=DIRECTION('',(0.642787609670424,0.7660444431325,0.));
#790=FACE_BOUND('',#791,.T.);
#791=EDGE_LOOP('',(#4415,#4416,#4417,#4418));
#792=CONICAL_SURFACE('',#793,14.7972095242992,0.785398163397449);
#793=AXIS2_PLACEMENT_3D('',#794,#795,#796);
#794=CARTESIAN_POINT('',(6.51970741531357,31.1972095242992,2.1));
#795=DIRECTION('',(0.,0.,1.));
#796=DIRECTION('',(-0.155241982383194,-0.987876473505537,0.));
#797=FACE_BOUND('',#798,.T.);
#798=EDGE_LOOP('',(#4419,#4420,#4421,#4422));
#799=PLANE('',#800);
#800=AXIS2_PLACEMENT_3D('',#801,#802,#803);
#801=CARTESIAN_POINT('',(-4.8,17.,1.5));
#802=DIRECTION('',(-8.65954372948177E-17,-0.707106781186547,-0.707106781186548));
#803=DIRECTION('',(1.,-1.2246444186196E-16,0.));
#804=FACE_BOUND('',#805,.T.);
#805=EDGE_LOOP('',(#4423,#4424,#4425,#4426));
#806=CONICAL_SURFACE('',#807,14.7972095242992,0.785398163397449);
#807=AXIS2_PLACEMENT_3D('',#808,#809,#810);
#808=CARTESIAN_POINT('',(-6.51970741531358,31.1972095242992,2.1));
#809=DIRECTION('',(0.,0.,1.));
#810=DIRECTION('',(-0.155241982383194,0.987876473505537,0.));
#811=FACE_BOUND('',#812,.T.);
#812=EDGE_LOOP('',(#4427,#4428,#4429,#4430));
#813=PLANE('',#814);
#814=AXIS2_PLACEMENT_3D('',#815,#816,#817);
#815=CARTESIAN_POINT('',(-14.310020330091,18.3944057958794,1.5));
#816=DIRECTION('',(0.541675220429263,0.454519477660648,0.707106781186548));
#817=DIRECTION('',(-0.642787609670424,0.7660444431325,0.));
#818=FACE_BOUND('',#819,.T.);
#819=EDGE_LOOP('',(#4431,#4432,#4433,#4434));
#820=CONICAL_SURFACE('',#821,5.5,0.78539816339745);
#821=AXIS2_PLACEMENT_3D('',#822,#823,#824);
#822=CARTESIAN_POINT('',(-42.5,42.5,2.1));
#823=DIRECTION('',(0.,0.,-1.));
#824=DIRECTION('',(-0.978376482809506,-0.206831955667639,0.));
#825=FACE_BOUND('',#826,.T.);
#826=EDGE_LOOP('',(#4435,#4436,#4437,#4438));
#827=CYLINDRICAL_SURFACE('',#828,2.12132034355964);
#828=AXIS2_PLACEMENT_3D('',#829,#830,#831);
#829=CARTESIAN_POINT('',(-35.1197587730478,24.1654822961717,0.578679656440356));
#830=DIRECTION('',(-0.271690326888812,0.962384728824731,4.70558103152347E-17));
#831=DIRECTION('',(-0.962384728824731,-0.271690326888812,-7.3270981405242E-16));
#832=FACE_BOUND('',#833,.T.);
#833=EDGE_LOOP('',(#4439,#4440,#4441,#4442,#4443,#4444,#4445,#4446,#4447,#4448,#4449,
#4450));
#834=CYLINDRICAL_SURFACE('',#835,4.35);
#835=AXIS2_PLACEMENT_3D('',#836,#837,#838);
#836=CARTESIAN_POINT('',(-42.5,42.5,-8.));
#837=DIRECTION('',(0.,0.,1.));
#838=DIRECTION('',(-3.06161461734063E-16,1.,0.));
#839=FACE_BOUND('',#840,.T.);
#840=EDGE_LOOP('',(#4451,#4452,#4453,#4454,#4455));
#841=CYLINDRICAL_SURFACE('',#842,2.12132034355964);
#842=AXIS2_PLACEMENT_3D('',#843,#844,#845);
#843=CARTESIAN_POINT('',(-19.9822156033848,22.4137015389163,0.578679656440358));
#844=DIRECTION('',(-0.697604459902418,0.716483089489386,-9.41116206304694E-17));
#845=DIRECTION('',(-0.716483089489386,-0.697604459902418,1.04672830578919E-16));
#846=FACE_BOUND('',#847,.T.);
#847=EDGE_LOOP('',(#4456,#4457,#4458,#4459));
#848=CONICAL_SURFACE('',#849,6.4,0.78539816339745);
#849=AXIS2_PLACEMENT_3D('',#850,#851,#852);
#850=CARTESIAN_POINT('',(-42.5,42.5,2.4));
#851=DIRECTION('',(0.,0.,1.));
#852=DIRECTION('',(-0.424344766292315,-0.90550070089444,0.));
#853=FACE_BOUND('',#854,.T.);
#854=EDGE_LOOP('',(#4460,#4461,#4462,#4463,#4464));
#855=CYLINDRICAL_SURFACE('',#856,2.12132034355964);
#856=AXIS2_PLACEMENT_3D('',#857,#858,#859);
#857=CARTESIAN_POINT('',(-46.6199573042865,49.2859009579316,0.578679656440358));
#858=DIRECTION('',(0.271690326888812,-0.962384728824731,0.));
#859=DIRECTION('',(0.962384728824731,0.271690326888812,1.04672830578918E-16));
#860=FACE_BOUND('',#861,.T.);
#861=EDGE_LOOP('',(#4465,#4466,#4467,#4468));
#862=CYLINDRICAL_SURFACE('',#863,2.12132034355964);
#863=AXIS2_PLACEMENT_3D('',#864,#865,#866);
#864=CARTESIAN_POINT('',(-56.6465308777862,53.9885013872111,0.578679656440358));
#865=DIRECTION('',(0.697604459902418,-0.716483089489386,-4.70558103152347E-17));
#866=DIRECTION('',(0.716483089489386,0.697604459902418,1.04672830578919E-16));
#867=FACE_BOUND('',#868,.T.);
#868=EDGE_LOOP('',(#4469,#4470,#4471,#4472));
#869=CONICAL_SURFACE('',#870,5.5,0.78539816339745);
#870=AXIS2_PLACEMENT_3D('',#871,#872,#873);
#871=CARTESIAN_POINT('',(-42.5,42.5,2.1));
#872=DIRECTION('',(0.,0.,-1.));
#873=DIRECTION('',(0.595132748784443,-0.803627408270943,0.));
#874=FACE_BOUND('',#875,.T.);
#875=EDGE_LOOP('',(#4473,#4474,#4475,#4476));
#876=PLANE('',#877);
#877=AXIS2_PLACEMENT_3D('',#878,#879,#880);
#878=CARTESIAN_POINT('',(-49.8738216747081,44.9242017056352,1.5));
#879=DIRECTION('',(-0.664463024393576,-0.241844762634511,0.707106781186546));
#880=DIRECTION('',(0.342020143306627,-0.939692620792839,0.));
#881=FACE_BOUND('',#882,.T.);
#882=EDGE_LOOP('',(#4477,#4478,#4479,#4480));
#883=CONICAL_SURFACE('',#884,35.1532978113629,0.785398163397451);
#884=AXIS2_PLACEMENT_3D('',#885,#886,#887);
#885=CARTESIAN_POINT('',(-70.2936009530387,-1.13947005856061E-14,2.1));
#886=DIRECTION('',(0.,0.,1.));
#887=DIRECTION('',(0.914637640454288,-0.404274642618373,0.));
#888=FACE_BOUND('',#889,.T.);
#889=EDGE_LOOP('',(#4481,#4482,#4483,#4484));
#890=PLANE('',#891);
#891=AXIS2_PLACEMENT_3D('',#892,#893,#894);
#892=CARTESIAN_POINT('',(-49.8738216747081,-44.9242017056352,1.5));
#893=DIRECTION('',(0.664463024393576,-0.241844762634511,-0.707106781186546));
#894=DIRECTION('',(0.342020143306626,0.939692620792839,0.));
#895=FACE_BOUND('',#896,.T.);
#896=EDGE_LOOP('',(#4485,#4486,#4487,#4488));
#897=CONICAL_SURFACE('',#898,5.5,0.78539816339745);
#898=AXIS2_PLACEMENT_3D('',#899,#900,#901);
#899=CARTESIAN_POINT('',(-42.5,-42.5,2.1));
#900=DIRECTION('',(0.,0.,-1.));
#901=DIRECTION('',(-0.595132748784442,-0.803627408270944,0.));
#902=FACE_BOUND('',#903,.T.);
#903=EDGE_LOOP('',(#4489,#4490,#4491,#4492));
#904=CYLINDRICAL_SURFACE('',#905,2.12132034355964);
#905=AXIS2_PLACEMENT_3D('',#906,#907,#908);
#906=CARTESIAN_POINT('',(-56.6465308777862,-53.9885013872111,0.578679656440358));
#907=DIRECTION('',(-0.697604459902418,-0.716483089489386,4.70558103152347E-17));
#908=DIRECTION('',(0.716483089489386,-0.697604459902418,1.04672830578919E-16));
#909=FACE_BOUND('',#910,.T.);
#910=EDGE_LOOP('',(#4493,#4494,#4495,#4496,#4497,#4498,#4499,#4500,#4501,#4502,#4503,
#4504));
#911=CYLINDRICAL_SURFACE('',#912,4.35);
#912=AXIS2_PLACEMENT_3D('',#913,#914,#915);
#913=CARTESIAN_POINT('',(-42.5,-42.5,-8.));
#914=DIRECTION('',(0.,0.,-1.));
#915=DIRECTION('',(6.12323399573677E-17,-1.,0.));
#916=FACE_BOUND('',#917,.T.);
#917=EDGE_LOOP('',(#4505,#4506,#4507,#4508,#4509));
#918=CYLINDRICAL_SURFACE('',#919,2.12132034355964);
#919=AXIS2_PLACEMENT_3D('',#920,#921,#922);
#920=CARTESIAN_POINT('',(-46.6199573042864,-49.2859009579316,0.578679656440358));
#921=DIRECTION('',(-0.271690326888812,-0.962384728824731,0.));
#922=DIRECTION('',(0.962384728824731,-0.271690326888812,1.04672830578918E-16));
#923=FACE_BOUND('',#924,.T.);
#924=EDGE_LOOP('',(#4510,#4511,#4512,#4513));
#925=CONICAL_SURFACE('',#926,6.4,0.78539816339745);
#926=AXIS2_PLACEMENT_3D('',#927,#928,#929);
#927=CARTESIAN_POINT('',(-42.5,-42.5,2.4));
#928=DIRECTION('',(0.,0.,1.));
#929=DIRECTION('',(0.424344766292315,-0.905500700894439,0.));
#930=FACE_BOUND('',#931,.T.);
#931=EDGE_LOOP('',(#4514,#4515,#4516,#4517,#4518));
#932=CYLINDRICAL_SURFACE('',#933,2.12132034355964);
#933=AXIS2_PLACEMENT_3D('',#934,#935,#936);
#934=CARTESIAN_POINT('',(-19.9822156033848,-22.4137015389163,0.578679656440358));
#935=DIRECTION('',(0.697604459902418,0.716483089489386,9.41116206304694E-17));
#936=DIRECTION('',(-0.716483089489386,0.697604459902418,1.04672830578919E-16));
#937=FACE_BOUND('',#938,.T.);
#938=EDGE_LOOP('',(#4519,#4520,#4521,#4522));
#939=CYLINDRICAL_SURFACE('',#940,2.12132034355964);
#940=AXIS2_PLACEMENT_3D('',#941,#942,#943);
#941=CARTESIAN_POINT('',(-35.1197587730478,-24.1654822961717,0.578679656440356));
#942=DIRECTION('',(0.271690326888811,0.962384728824731,-4.70558103152347E-17));
#943=DIRECTION('',(-0.962384728824731,0.271690326888811,-7.3270981405242E-16));
#944=FACE_BOUND('',#945,.T.);
#945=EDGE_LOOP('',(#4523,#4524,#4525,#4526));
#946=CONICAL_SURFACE('',#947,5.5,0.78539816339745);
#947=AXIS2_PLACEMENT_3D('',#948,#949,#950);
#948=CARTESIAN_POINT('',(-42.5,-42.5,2.1));
#949=DIRECTION('',(0.,0.,-1.));
#950=DIRECTION('',(0.978376482809506,-0.206831955667639,0.));
#951=FACE_BOUND('',#952,.T.);
#952=EDGE_LOOP('',(#4527,#4528,#4529,#4530));
#953=PLANE('',#954);
#954=AXIS2_PLACEMENT_3D('',#955,#956,#957);
#955=CARTESIAN_POINT('',(-14.310020330091,-18.3944057958794,1.5));
#956=DIRECTION('',(-0.541675220429264,0.454519477660648,-0.707106781186548));
#957=DIRECTION('',(-0.642787609670424,-0.766044443132501,0.));
#958=FACE_BOUND('',#959,.T.);
#959=EDGE_LOOP('',(#4531,#4532,#4533,#4534));
#960=CONICAL_SURFACE('',#961,14.7972095242992,0.785398163397449);
#961=AXIS2_PLACEMENT_3D('',#962,#963,#964);
#962=CARTESIAN_POINT('',(-6.51970741531356,-31.1972095242992,2.1));
#963=DIRECTION('',(0.,0.,1.));
#964=DIRECTION('',(0.155241982383194,0.987876473505537,0.));
#965=FACE_BOUND('',#966,.T.);
#966=EDGE_LOOP('',(#4535,#4536,#4537,#4538));
#967=PLANE('',#968);
#968=AXIS2_PLACEMENT_3D('',#969,#970,#971);
#969=CARTESIAN_POINT('',(-4.8,-17.,1.5));
#970=DIRECTION('',(0.,-0.707106781186547,0.707106781186548));
#971=DIRECTION('',(1.,0.,0.));
#972=FACE_BOUND('',#973,.T.);
#973=EDGE_LOOP('',(#4539,#4540,#4541,#4542,#4543));
#974=PLANE('',#975);
#975=AXIS2_PLACEMENT_3D('',#976,#977,#978);
#976=CARTESIAN_POINT('',(20.5,-9.09999999999999,5.1));
#977=DIRECTION('',(0.707106781186546,0.707106781186549,0.));
#978=DIRECTION('',(0.,0.,-1.));
#979=FACE_BOUND('',#980,.T.);
#980=EDGE_LOOP('',(#4544,#4545,#4546,#4547,#4548,#4549,#4550,#4551));
#981=PLANE('',#982);
#982=AXIS2_PLACEMENT_3D('',#983,#984,#985);
#983=CARTESIAN_POINT('',(20.5,-8.49999999999999,2.7));
#984=DIRECTION('',(0.,-1.,0.));
#985=DIRECTION('',(-1.,0.,0.));
#986=FACE_BOUND('',#987,.T.);
#987=EDGE_LOOP('',(#4552,#4553,#4554,#4555));
#988=PLANE('',#989);
#989=AXIS2_PLACEMENT_3D('',#990,#991,#992);
#990=CARTESIAN_POINT('',(18.5,2.4,2.7));
#991=DIRECTION('',(0.707106781186544,4.80028267623063E-16,0.707106781186551));
#992=DIRECTION('',(6.78862486395E-16,-1.,0.));
#993=FACE_BOUND('',#994,.T.);
#994=EDGE_LOOP('',(#4556,#4557,#4558,#4559,#4560,#4561,#4562,#4563));
#995=PLANE('',#996);
#996=AXIS2_PLACEMENT_3D('',#997,#998,#999);
#997=CARTESIAN_POINT('',(20.5,8.49999999999999,2.7));
#998=DIRECTION('',(-1.2246444186196E-16,-1.,0.));
#999=DIRECTION('',(-1.,1.2246444186196E-16,0.));
#1000=FACE_BOUND('',#1001,.T.);
#1001=EDGE_LOOP('',(#4564,#4565,#4566,#4567,#4568));
#1002=PLANE('',#1003);
#1003=AXIS2_PLACEMENT_3D('',#1004,#1005,#1006);
#1004=CARTESIAN_POINT('',(20.5,9.09999999999999,5.1));
#1005=DIRECTION('',(-0.707106781186546,0.707106781186549,0.));
#1006=DIRECTION('',(0.,0.,-1.));
#1007=FACE_BOUND('',#1008,.T.);
#1008=EDGE_LOOP('',(#4569,#4570,#4571,#4572));
#1009=PLANE('',#1010);
#1010=AXIS2_PLACEMENT_3D('',#1011,#1012,#1013);
#1011=CARTESIAN_POINT('',(20.5,15.9418876171395,0.));
#1012=DIRECTION('',(-1.,-1.00389574181967E-16,0.));
#1013=DIRECTION('',(1.00389574181967E-16,-1.,0.));
#1014=FACE_BOUND('',#1015,.T.);
#1015=EDGE_LOOP('',(#4573,#4574,#4575,#4576));
#1016=CYLINDRICAL_SURFACE('',#1017,1.7320508075792);
#1017=AXIS2_PLACEMENT_3D('',#1018,#1019,#1020);
#1018=CARTESIAN_POINT('',(22.2320508075792,12.9418876171932,-12.));
#1019=DIRECTION('',(0.,0.,-1.));
#1020=DIRECTION('',(-1.,-9.03115657536495E-16,0.));
#1021=FACE_BOUND('',#1022,.T.);
#1022=EDGE_LOOP('',(#4577,#4578,#4579,#4580));
#1023=PLANE('',#1024);
#1024=AXIS2_PLACEMENT_3D('',#1025,#1026,#1027);
#1025=CARTESIAN_POINT('',(36.407550255987,6.75765919513594,0.));
#1026=DIRECTION('',(0.499999999982116,0.866025403794764,0.));
#1027=DIRECTION('',(-0.866025403794764,0.499999999982116,0.));
#1028=FACE_BOUND('',#1029,.T.);
#1029=EDGE_LOOP('',(#4581,#4582,#4583,#4584));
#1030=CYLINDRICAL_SURFACE('',#1031,2.59669224170439);
#1031=AXIS2_PLACEMENT_3D('',#1032,#1033,#1034);
#1032=CARTESIAN_POINT('',(29.8421229440577,7.54980849137695,-6.));
#1033=DIRECTION('',(0.,0.,1.));
#1034=DIRECTION('',(0.983025219612799,-0.18347048156368,0.));
#1035=FACE_BOUND('',#1036,.T.);
#1036=EDGE_LOOP('',(#4585,#4586,#4587,#4588));
#1037=CYLINDRICAL_SURFACE('',#1038,38.5532978113629);
#1038=AXIS2_PLACEMENT_3D('',#1039,#1040,#1041);
#1039=CARTESIAN_POINT('',(70.2936009530387,-2.78621724483807E-15,-1.));
#1040=DIRECTION('',(0.,0.,1.));
#1041=DIRECTION('',(-1.,7.6605468414387E-17,0.));
#1042=FACE_BOUND('',#1043,.T.);
#1043=EDGE_LOOP('',(#4589,#4590,#4591,#4592));
#1044=CYLINDRICAL_SURFACE('',#1045,2.59669224170439);
#1045=AXIS2_PLACEMENT_3D('',#1046,#1047,#1048);
#1046=CARTESIAN_POINT('',(29.8421229440577,-7.54980849137695,-6.));
#1047=DIRECTION('',(0.,0.,-1.));
#1048=DIRECTION('',(0.983025219612799,0.18347048156368,0.));
#1049=FACE_BOUND('',#1050,.T.);
#1050=EDGE_LOOP('',(#4593,#4594,#4595,#4596));
#1051=PLANE('',#1052);
#1052=AXIS2_PLACEMENT_3D('',#1053,#1054,#1055);
#1053=CARTESIAN_POINT('',(36.407550255987,-6.75765919513594,0.));
#1054=DIRECTION('',(-0.499999999982116,0.866025403794764,0.));
#1055=DIRECTION('',(-0.866025403794764,-0.499999999982116,0.));
#1056=FACE_BOUND('',#1057,.T.);
#1057=EDGE_LOOP('',(#4597,#4598,#4599,#4600));
#1058=CYLINDRICAL_SURFACE('',#1059,1.7320508075792);
#1059=AXIS2_PLACEMENT_3D('',#1060,#1061,#1062);
#1060=CARTESIAN_POINT('',(22.2320508075792,-12.9418876171932,-12.));
#1061=DIRECTION('',(0.,0.,1.));
#1062=DIRECTION('',(-1.,1.02558009939846E-15,0.));
#1063=FACE_BOUND('',#1064,.T.);
#1064=EDGE_LOOP('',(#4601,#4602,#4603,#4604));
#1065=PLANE('',#1066);
#1066=AXIS2_PLACEMENT_3D('',#1067,#1068,#1069);
#1067=CARTESIAN_POINT('',(20.5,-15.9418876171395,0.));
#1068=DIRECTION('',(1.,-2.22854016043927E-16,0.));
#1069=DIRECTION('',(2.22854016043927E-16,1.,0.));
#1070=FACE_BOUND('',#1071,.T.);
#1071=EDGE_LOOP('',(#4605,#4606,#4607,#4608));
#1072=CYLINDRICAL_SURFACE('',#1073,2.33358574029008);
#1073=AXIS2_PLACEMENT_3D('',#1074,#1075,#1076);
#1074=CARTESIAN_POINT('',(35.9606427776673,-34.343302634902,14.7));
#1075=DIRECTION('',(0.,0.,-1.));
#1076=DIRECTION('',(0.49999999998212,-0.866025403794761,0.));
#1077=FACE_BOUND('',#1078,.T.);
#1078=EDGE_LOOP('',(#4609,#4610,#4611,#4612));
#1079=PLANE('',#1080);
#1080=AXIS2_PLACEMENT_3D('',#1081,#1082,#1083);
#1081=CARTESIAN_POINT('',(20.4595786290391,-19.5002686842337,-1.));
#1082=DIRECTION('',(-0.766044443132501,-0.642787609670424,0.));
#1083=DIRECTION('',(0.642787609670424,-0.766044443132501,0.));
#1084=FACE_BOUND('',#1085,.T.);
#1085=EDGE_LOOP('',(#4613,#4614,#4615,#4616));
#1086=(BOUNDED_SURFACE()B_SPLINE_SURFACE(3,2,(
(#1087,#1088,#1089),
(#1090,#1091,#1092),
(#1093,#1094,#1095),
(#1096,#1097,#1098)),
.UNSPECIFIED.,.F.,.F.,.F.)B_SPLINE_SURFACE_WITH_KNOTS((4,4),
(3,3),
(-3.7037037037037E-6,1.0000037037037),
(0.,1.),
.UNSPECIFIED.)GEOMETRIC_REPRESENTATION_ITEM()RATIONAL_B_SPLINE_SURFACE((
(1.,0.642787609686688,1.),
(1.,0.642787609686688,1.),
(1.,0.642787609686688,1.),
(1.,0.642787609686688,1.)))REPRESENTATION_ITEM('')SURFACE());
#1087=CARTESIAN_POINT('',(21.7877188969103,-17.5078238421342,-1.E-5));
#1088=CARTESIAN_POINT('',(19.7667743638859,-18.6746167122375,-1.0000000000111E-5));
#1089=CARTESIAN_POINT('',(21.266774363848,-20.46224710116,-9.99999999995449E-6));
#1090=CARTESIAN_POINT('',(21.7877188969103,-17.5078238421342,0.899996666666666));
#1091=CARTESIAN_POINT('',(19.7667743638859,-18.6746167122375,0.899996666666666));
#1092=CARTESIAN_POINT('',(21.266774363848,-20.46224710116,0.899996666666666));
#1093=CARTESIAN_POINT('',(21.7877188969103,-17.5078238421342,1.80000333333333));
#1094=CARTESIAN_POINT('',(19.7667743638859,-18.6746167122375,1.80000333333333));
#1095=CARTESIAN_POINT('',(21.266774363848,-20.46224710116,1.80000333333333));
#1096=CARTESIAN_POINT('',(21.7877188969103,-17.5078238421342,2.70001));
#1097=CARTESIAN_POINT('',(19.7667743638859,-18.6746167122375,2.70001));
#1098=CARTESIAN_POINT('',(21.266774363848,-20.46224710116,2.70001));
#1099=FACE_BOUND('',#1100,.T.);
#1100=EDGE_LOOP('',(#4617,#4618,#4619,#4620));
#1101=PLANE('',#1102);
#1102=AXIS2_PLACEMENT_3D('',#1103,#1104,#1105);
#1103=CARTESIAN_POINT('',(16.148100582676,-20.7638589938289,0.));
#1104=DIRECTION('',(0.499999999982116,-0.866025403794764,0.));
#1105=DIRECTION('',(0.866025403794764,0.499999999982116,0.));
#1106=FACE_BOUND('',#1107,.T.);
#1107=EDGE_LOOP('',(#4621,#4622,#4623,#4624));
#1108=CYLINDRICAL_SURFACE('',#1109,1.95604878944503);
#1109=AXIS2_PLACEMENT_3D('',#1110,#1111,#1112);
#1110=CARTESIAN_POINT('',(32.1925464487975,-13.7592444447083,-6.));
#1111=DIRECTION('',(0.,0.,1.));
#1112=DIRECTION('',(0.940549717567679,0.339656044820874,0.));
#1113=FACE_BOUND('',#1114,.T.);
#1114=EDGE_LOOP('',(#4625,#4626,#4627,#4628));
#1115=CYLINDRICAL_SURFACE('',#1116,38.5532978113629);
#1116=AXIS2_PLACEMENT_3D('',#1117,#1118,#1119);
#1117=CARTESIAN_POINT('',(70.2936009530387,-2.78621724483807E-15,-1.));
#1118=DIRECTION('',(0.,0.,1.));
#1119=DIRECTION('',(-1.,7.6605468414387E-17,0.));
#1120=FACE_BOUND('',#1121,.T.);
#1121=EDGE_LOOP('',(#4629,#4630,#4631,#4632));
#1122=PLANE('',#1123);
#1123=AXIS2_PLACEMENT_3D('',#1124,#1125,#1126);
#1124=CARTESIAN_POINT('',(44.473354503665,-41.7817576990561,-1.));
#1125=DIRECTION('',(0.939692620792839,0.342020143306626,0.));
#1126=DIRECTION('',(-0.342020143306626,0.939692620792839,0.));
#1127=FACE_BOUND('',#1128,.T.);
#1128=EDGE_LOOP('',(#4633,#4634,#4635,#4636));
#1129=CYLINDRICAL_SURFACE('',#1130,2.33358574029008);
#1130=AXIS2_PLACEMENT_3D('',#1131,#1132,#1133);
#1131=CARTESIAN_POINT('',(38.7057714824122,-32.7584018383329,-12.));
#1132=DIRECTION('',(0.,0.,1.));
#1133=DIRECTION('',(0.499999999982115,-0.866025403794764,0.));
#1134=FACE_BOUND('',#1135,.T.);
#1135=EDGE_LOOP('',(#4637,#4638,#4639,#4640,#4641,#4642,#4643,#4644));
#1136=PLANE('',#1137);
#1137=AXIS2_PLACEMENT_3D('',#1138,#1139,#1140);
#1138=CARTESIAN_POINT('',(45.0858791311357,-31.7694376806943,-7.));
#1139=DIRECTION('',(-0.499999999982117,0.866025403794764,0.));
#1140=DIRECTION('',(-0.866025403794764,-0.499999999982117,0.));
#1141=FACE_BOUND('',#1142,.T.);
#1142=EDGE_LOOP('',(#4645,#4646,#4647,#4648,#4649,#4650,#4651,#4652));
#1143=PLANE('',#1144);
#1144=AXIS2_PLACEMENT_3D('',#1145,#1146,#1147);
#1145=CARTESIAN_POINT('',(45.0858791311357,31.7694376806943,-7.));
#1146=DIRECTION('',(0.499999999982117,0.866025403794764,0.));
#1147=DIRECTION('',(-0.866025403794764,0.499999999982117,0.));
#1148=FACE_BOUND('',#1149,.T.);
#1149=EDGE_LOOP('',(#4653,#4654,#4655,#4656));
#1150=CYLINDRICAL_SURFACE('',#1151,2.33358574029008);
#1151=AXIS2_PLACEMENT_3D('',#1152,#1153,#1154);
#1152=CARTESIAN_POINT('',(38.7057714824122,32.7584018383329,-12.));
#1153=DIRECTION('',(0.,0.,-1.));
#1154=DIRECTION('',(0.499999999982115,0.866025403794764,0.));
#1155=FACE_BOUND('',#1156,.T.);
#1156=EDGE_LOOP('',(#4657,#4658,#4659,#4660));
#1157=PLANE('',#1158);
#1158=AXIS2_PLACEMENT_3D('',#1159,#1160,#1161);
#1159=CARTESIAN_POINT('',(44.473354503665,41.7817576990561,-1.));
#1160=DIRECTION('',(-0.939692620792839,0.342020143306626,0.));
#1161=DIRECTION('',(-0.342020143306626,-0.939692620792839,0.));
#1162=FACE_BOUND('',#1163,.T.);
#1163=EDGE_LOOP('',(#4661,#4662,#4663,#4664));
#1164=CYLINDRICAL_SURFACE('',#1165,38.5532978113629);
#1165=AXIS2_PLACEMENT_3D('',#1166,#1167,#1168);
#1166=CARTESIAN_POINT('',(70.2936009530387,-5.82224936234316E-15,-1.));
#1167=DIRECTION('',(0.,0.,-1.));
#1168=DIRECTION('',(-1.,4.58589734475732E-17,0.));
#1169=FACE_BOUND('',#1170,.T.);
#1170=EDGE_LOOP('',(#4665,#4666,#4667,#4668));
#1171=CYLINDRICAL_SURFACE('',#1172,1.95604878944503);
#1172=AXIS2_PLACEMENT_3D('',#1173,#1174,#1175);
#1173=CARTESIAN_POINT('',(32.1925464487975,13.7592444447083,-6.));
#1174=DIRECTION('',(0.,0.,-1.));
#1175=DIRECTION('',(0.940549717567679,-0.339656044820874,0.));
#1176=FACE_BOUND('',#1177,.T.);
#1177=EDGE_LOOP('',(#4669,#4670,#4671,#4672));
#1178=PLANE('',#1179);
#1179=AXIS2_PLACEMENT_3D('',#1180,#1181,#1182);
#1180=CARTESIAN_POINT('',(16.148100582676,20.7638589938289,0.));
#1181=DIRECTION('',(-0.499999999982116,-0.866025403794764,0.));
#1182=DIRECTION('',(0.866025403794764,-0.499999999982116,0.));
#1183=FACE_BOUND('',#1184,.T.);
#1184=EDGE_LOOP('',(#4673,#4674,#4675,#4676));
#1185=(BOUNDED_SURFACE()B_SPLINE_SURFACE(3,2,(
(#1186,#1187,#1188),
(#1189,#1190,#1191),
(#1192,#1193,#1194),
(#1195,#1196,#1197)),
.UNSPECIFIED.,.F.,.F.,.F.)B_SPLINE_SURFACE_WITH_KNOTS((4,4),
(3,3),
(-3.7037037037037E-6,1.0000037037037),
(0.,1.),
.UNSPECIFIED.)GEOMETRIC_REPRESENTATION_ITEM()RATIONAL_B_SPLINE_SURFACE((
(1.,0.642787609686688,1.),
(1.,0.642787609686688,1.),
(1.,0.642787609686688,1.),
(1.,0.642787609686688,1.)))REPRESENTATION_ITEM('')SURFACE());
#1186=CARTESIAN_POINT('',(21.7877188969103,17.5078238421342,-1.E-5));
#1187=CARTESIAN_POINT('',(19.7667743638859,18.6746167122375,-1.0000000000111E-5));
#1188=CARTESIAN_POINT('',(21.266774363848,20.46224710116,-9.99999999995449E-6));
#1189=CARTESIAN_POINT('',(21.7877188969103,17.5078238421342,0.899996666666666));
#1190=CARTESIAN_POINT('',(19.7667743638859,18.6746167122375,0.899996666666666));
#1191=CARTESIAN_POINT('',(21.266774363848,20.46224710116,0.899996666666666));
#1192=CARTESIAN_POINT('',(21.7877188969103,17.5078238421342,1.80000333333333));
#1193=CARTESIAN_POINT('',(19.7667743638859,18.6746167122375,1.80000333333333));
#1194=CARTESIAN_POINT('',(21.266774363848,20.46224710116,1.80000333333333));
#1195=CARTESIAN_POINT('',(21.7877188969103,17.5078238421342,2.70001));
#1196=CARTESIAN_POINT('',(19.7667743638859,18.6746167122375,2.70001));
#1197=CARTESIAN_POINT('',(21.266774363848,20.46224710116,2.70001));
#1198=FACE_BOUND('',#1199,.T.);
#1199=EDGE_LOOP('',(#4677,#4678,#4679,#4680));
#1200=PLANE('',#1201);
#1201=AXIS2_PLACEMENT_3D('',#1202,#1203,#1204);
#1202=CARTESIAN_POINT('',(20.4595786290391,19.5002686842337,-1.));
#1203=DIRECTION('',(0.7660444431325,-0.642787609670424,0.));
#1204=DIRECTION('',(0.642787609670424,0.7660444431325,0.));
#1205=FACE_BOUND('',#1206,.T.);
#1206=EDGE_LOOP('',(#4681,#4682,#4683,#4684));
#1207=CYLINDRICAL_SURFACE('',#1208,2.33358574029008);
#1208=AXIS2_PLACEMENT_3D('',#1209,#1210,#1211);
#1209=CARTESIAN_POINT('',(35.9606427776673,34.343302634902,14.7));
#1210=DIRECTION('',(0.,0.,1.));
#1211=DIRECTION('',(0.49999999998212,0.866025403794761,0.));
#1212=FACE_BOUND('',#1213,.T.);
#1213=EDGE_LOOP('',(#4685,#4686,#4687,#4688));
#1214=PLANE('',#1215);
#1215=AXIS2_PLACEMENT_3D('',#1216,#1217,#1218);
#1216=CARTESIAN_POINT('',(-20.5,-15.9418876171395,0.));
#1217=DIRECTION('',(1.,3.45318695958663E-16,0.));
#1218=DIRECTION('',(-3.45318695958663E-16,1.,0.));
#1219=FACE_BOUND('',#1220,.T.);
#1220=EDGE_LOOP('',(#4689,#4690,#4691,#4692));
#1221=CYLINDRICAL_SURFACE('',#1222,1.7320508075792);
#1222=AXIS2_PLACEMENT_3D('',#1223,#1224,#1225);
#1223=CARTESIAN_POINT('',(-22.2320508075792,-12.9418876171932,-12.));
#1224=DIRECTION('',(0.,0.,-1.));
#1225=DIRECTION('',(1.,1.14804477931319E-15,0.));
#1226=FACE_BOUND('',#1227,.T.);
#1227=EDGE_LOOP('',(#4693,#4694,#4695,#4696));
#1228=PLANE('',#1229);
#1229=AXIS2_PLACEMENT_3D('',#1230,#1231,#1232);
#1230=CARTESIAN_POINT('',(-36.407550255987,-6.75765919513595,0.));
#1231=DIRECTION('',(-0.499999999982116,-0.866025403794764,0.));
#1232=DIRECTION('',(0.866025403794764,-0.499999999982116,0.));
#1233=FACE_BOUND('',#1234,.T.);
#1234=EDGE_LOOP('',(#4697,#4698,#4699,#4700));
#1235=CYLINDRICAL_SURFACE('',#1236,2.59669224170439);
#1236=AXIS2_PLACEMENT_3D('',#1237,#1238,#1239);
#1237=CARTESIAN_POINT('',(-29.8421229440577,-7.54980849137695,-6.));
#1238=DIRECTION('',(0.,0.,1.));
#1239=DIRECTION('',(-0.983025219612799,0.18347048156368,0.));
#1240=FACE_BOUND('',#1241,.T.);
#1241=EDGE_LOOP('',(#4701,#4702,#4703,#4704));
#1242=CYLINDRICAL_SURFACE('',#1243,38.5532978113629);
#1243=AXIS2_PLACEMENT_3D('',#1244,#1245,#1246);
#1244=CARTESIAN_POINT('',(-70.2936009530387,-1.13947005856061E-14,-1.));
#1245=DIRECTION('',(0.,0.,-1.));
#1246=DIRECTION('',(1.,1.99070148329122E-16,0.));
#1247=FACE_BOUND('',#1248,.T.);
#1248=EDGE_LOOP('',(#4705,#4706,#4707,#4708));
#1249=CYLINDRICAL_SURFACE('',#1250,2.59669224170439);
#1250=AXIS2_PLACEMENT_3D('',#1251,#1252,#1253);
#1251=CARTESIAN_POINT('',(-29.8421229440577,7.54980849137694,-6.));
#1252=DIRECTION('',(0.,0.,-1.));
#1253=DIRECTION('',(-0.983025219612799,-0.18347048156368,0.));
#1254=FACE_BOUND('',#1255,.T.);
#1255=EDGE_LOOP('',(#4709,#4710,#4711,#4712));
#1256=PLANE('',#1257);
#1257=AXIS2_PLACEMENT_3D('',#1258,#1259,#1260);
#1258=CARTESIAN_POINT('',(-36.407550255987,6.75765919513594,0.));
#1259=DIRECTION('',(0.499999999982116,-0.866025403794764,0.));
#1260=DIRECTION('',(0.866025403794764,0.499999999982116,0.));
#1261=FACE_BOUND('',#1262,.T.);
#1262=EDGE_LOOP('',(#4713,#4714,#4715,#4716));
#1263=CYLINDRICAL_SURFACE('',#1264,1.7320508075792);
#1264=AXIS2_PLACEMENT_3D('',#1265,#1266,#1267);
#1265=CARTESIAN_POINT('',(-22.2320508075792,12.9418876171932,-12.));
#1266=DIRECTION('',(0.,0.,1.));
#1267=DIRECTION('',(1.,-7.8065097762176E-16,0.));
#1268=FACE_BOUND('',#1269,.T.);
#1269=EDGE_LOOP('',(#4717,#4718,#4719,#4720));
#1270=PLANE('',#1271);
#1271=AXIS2_PLACEMENT_3D('',#1272,#1273,#1274);
#1272=CARTESIAN_POINT('',(-20.5,15.9418876171395,0.));
#1273=DIRECTION('',(-1.,-2.20751057327681E-17,0.));
#1274=DIRECTION('',(2.20751057327681E-17,-1.,0.));
#1275=FACE_BOUND('',#1276,.T.);
#1276=EDGE_LOOP('',(#4721,#4722,#4723,#4724,#4725));
#1277=PLANE('',#1278);
#1278=AXIS2_PLACEMENT_3D('',#1279,#1280,#1281);
#1279=CARTESIAN_POINT('',(-20.5,9.09999999999999,5.1));
#1280=DIRECTION('',(-0.707106781186546,-0.707106781186549,0.));
#1281=DIRECTION('',(0.,0.,-1.));
#1282=FACE_BOUND('',#1283,.T.);
#1283=EDGE_LOOP('',(#4726,#4727,#4728,#4729,#4730,#4731,#4732,#4733));
#1284=PLANE('',#1285);
#1285=AXIS2_PLACEMENT_3D('',#1286,#1287,#1288);
#1286=CARTESIAN_POINT('',(-20.5,8.49999999999999,2.7));
#1287=DIRECTION('',(-2.44929121776695E-16,1.,0.));
#1288=DIRECTION('',(1.,2.44929121776695E-16,0.));
#1289=FACE_BOUND('',#1290,.T.);
#1290=EDGE_LOOP('',(#4734,#4735,#4736,#4737));
#1291=PLANE('',#1292);
#1292=AXIS2_PLACEMENT_3D('',#1293,#1294,#1295);
#1293=CARTESIAN_POINT('',(-18.5,2.4,2.7));
#1294=DIRECTION('',(0.707106781186544,-3.93432661999514E-16,-0.707106781186551));
#1295=DIRECTION('',(-5.56397806480265E-16,-1.,0.));
#1296=FACE_BOUND('',#1297,.T.);
#1297=EDGE_LOOP('',(#4738,#4739,#4740,#4741,#4742,#4743,#4744,#4745));
#1298=PLANE('',#1299);
#1299=AXIS2_PLACEMENT_3D('',#1300,#1301,#1302);
#1300=CARTESIAN_POINT('',(-20.5,-8.5,2.7));
#1301=DIRECTION('',(-1.22464679914735E-16,1.,0.));
#1302=DIRECTION('',(1.,1.22464679914735E-16,0.));
#1303=FACE_BOUND('',#1304,.T.);
#1304=EDGE_LOOP('',(#4746,#4747,#4748,#4749,#4750));
#1305=PLANE('',#1306);
#1306=AXIS2_PLACEMENT_3D('',#1307,#1308,#1309);
#1307=CARTESIAN_POINT('',(-20.5,-9.1,5.1));
#1308=DIRECTION('',(0.707106781186547,-0.707106781186548,0.));
#1309=DIRECTION('',(0.,0.,-1.));
#1310=FACE_BOUND('',#1311,.T.);
#1311=EDGE_LOOP('',(#4751,#4752,#4753,#4754,#4755,#4756,#4757,#4758));
#1312=PLANE('',#1313);
#1313=AXIS2_PLACEMENT_3D('',#1314,#1315,#1316);
#1314=CARTESIAN_POINT('',(-45.0858791311356,-31.7694376806943,-7.));
#1315=DIRECTION('',(-0.499999999982116,-0.866025403794764,0.));
#1316=DIRECTION('',(0.866025403794764,-0.499999999982116,0.));
#1317=FACE_BOUND('',#1318,.T.);
#1318=EDGE_LOOP('',(#4759,#4760,#4761,#4762));
#1319=CYLINDRICAL_SURFACE('',#1320,2.33358574029008);
#1320=AXIS2_PLACEMENT_3D('',#1321,#1322,#1323);
#1321=CARTESIAN_POINT('',(-38.7057714824122,-32.7584018383329,-12.));
#1322=DIRECTION('',(0.,0.,-1.));
#1323=DIRECTION('',(-0.499999999982115,-0.866025403794765,0.));
#1324=FACE_BOUND('',#1325,.T.);
#1325=EDGE_LOOP('',(#4763,#4764,#4765,#4766));
#1326=PLANE('',#1327);
#1327=AXIS2_PLACEMENT_3D('',#1328,#1329,#1330);
#1328=CARTESIAN_POINT('',(-44.473354503665,-41.7817576990561,-1.));
#1329=DIRECTION('',(0.939692620792839,-0.342020143306626,0.));
#1330=DIRECTION('',(0.342020143306626,0.939692620792839,0.));
#1331=FACE_BOUND('',#1332,.T.);
#1332=EDGE_LOOP('',(#4767,#4768,#4769,#4770));
#1333=CYLINDRICAL_SURFACE('',#1334,38.5532978113629);
#1334=AXIS2_PLACEMENT_3D('',#1335,#1336,#1337);
#1335=CARTESIAN_POINT('',(-70.2936009530387,-1.13947005856061E-14,-1.));
#1336=DIRECTION('',(0.,0.,-1.));
#1337=DIRECTION('',(1.,1.99070148329122E-16,0.));
#1338=FACE_BOUND('',#1339,.T.);
#1339=EDGE_LOOP('',(#4771,#4772,#4773,#4774));
#1340=CYLINDRICAL_SURFACE('',#1341,1.95604878944503);
#1341=AXIS2_PLACEMENT_3D('',#1342,#1343,#1344);
#1342=CARTESIAN_POINT('',(-32.1925464487975,-13.7592444447083,-6.));
#1343=DIRECTION('',(0.,0.,-1.));
#1344=DIRECTION('',(-0.940549717567679,0.339656044820874,0.));
#1345=FACE_BOUND('',#1346,.T.);
#1346=EDGE_LOOP('',(#4775,#4776,#4777,#4778));
#1347=PLANE('',#1348);
#1348=AXIS2_PLACEMENT_3D('',#1349,#1350,#1351);
#1349=CARTESIAN_POINT('',(-16.148100582676,-20.7638589938289,0.));
#1350=DIRECTION('',(0.499999999982116,0.866025403794764,0.));
#1351=DIRECTION('',(-0.866025403794764,0.499999999982116,0.));
#1352=FACE_BOUND('',#1353,.T.);
#1353=EDGE_LOOP('',(#4779,#4780,#4781,#4782));
#1354=(BOUNDED_SURFACE()B_SPLINE_SURFACE(3,2,(
(#1355,#1356,#1357),
(#1358,#1359,#1360),
(#1361,#1362,#1363),
(#1364,#1365,#1366)),
.UNSPECIFIED.,.F.,.F.,.F.)B_SPLINE_SURFACE_WITH_KNOTS((4,4),
(3,3),
(-3.7037037037037E-6,1.0000037037037),
(0.,1.),
.UNSPECIFIED.)GEOMETRIC_REPRESENTATION_ITEM()RATIONAL_B_SPLINE_SURFACE((
(1.,0.642787609686688,1.),
(1.,0.642787609686688,1.),
(1.,0.642787609686688,1.),
(1.,0.642787609686688,1.)))REPRESENTATION_ITEM('')SURFACE());
#1355=CARTESIAN_POINT('',(-21.7877188969103,-17.5078238421342,-1.E-5));
#1356=CARTESIAN_POINT('',(-19.7667743638859,-18.6746167122375,-1.0000000000111E-5));
#1357=CARTESIAN_POINT('',(-21.266774363848,-20.46224710116,-9.99999999995449E-6));
#1358=CARTESIAN_POINT('',(-21.7877188969103,-17.5078238421342,0.899996666666666));
#1359=CARTESIAN_POINT('',(-19.7667743638859,-18.6746167122375,0.899996666666666));
#1360=CARTESIAN_POINT('',(-21.2667743638479,-20.46224710116,0.899996666666666));
#1361=CARTESIAN_POINT('',(-21.7877188969103,-17.5078238421342,1.80000333333333));
#1362=CARTESIAN_POINT('',(-19.7667743638859,-18.6746167122375,1.80000333333333));
#1363=CARTESIAN_POINT('',(-21.266774363848,-20.46224710116,1.80000333333333));
#1364=CARTESIAN_POINT('',(-21.7877188969103,-17.5078238421342,2.70001));
#1365=CARTESIAN_POINT('',(-19.7667743638859,-18.6746167122375,2.70001));
#1366=CARTESIAN_POINT('',(-21.266774363848,-20.46224710116,2.70001));
#1367=FACE_BOUND('',#1368,.T.);
#1368=EDGE_LOOP('',(#4783,#4784,#4785,#4786));
#1369=PLANE('',#1370);
#1370=AXIS2_PLACEMENT_3D('',#1371,#1372,#1373);
#1371=CARTESIAN_POINT('',(-20.4595786290391,-19.5002686842337,-1.));
#1372=DIRECTION('',(-0.766044443132501,0.642787609670424,0.));
#1373=DIRECTION('',(-0.642787609670424,-0.766044443132501,0.));
#1374=FACE_BOUND('',#1375,.T.);
#1375=EDGE_LOOP('',(#4787,#4788,#4789,#4790));
#1376=CYLINDRICAL_SURFACE('',#1377,2.33358574029008);
#1377=AXIS2_PLACEMENT_3D('',#1378,#1379,#1380);
#1378=CARTESIAN_POINT('',(-35.9606427776673,-34.343302634902,14.7));
#1379=DIRECTION('',(0.,0.,1.));
#1380=DIRECTION('',(-0.49999999998212,-0.866025403794762,0.));
#1381=FACE_BOUND('',#1382,.T.);
#1382=EDGE_LOOP('',(#4791,#4792,#4793,#4794));
#1383=CYLINDRICAL_SURFACE('',#1384,2.33358574029008);
#1384=AXIS2_PLACEMENT_3D('',#1385,#1386,#1387);
#1385=CARTESIAN_POINT('',(-35.9606427776673,34.343302634902,14.7));
#1386=DIRECTION('',(0.,0.,-1.));
#1387=DIRECTION('',(-0.49999999998212,0.866025403794761,0.));
#1388=FACE_BOUND('',#1389,.T.);
#1389=EDGE_LOOP('',(#4795,#4796,#4797,#4798));
#1390=PLANE('',#1391);
#1391=AXIS2_PLACEMENT_3D('',#1392,#1393,#1394);
#1392=CARTESIAN_POINT('',(-20.4595786290391,19.5002686842337,-1.));
#1393=DIRECTION('',(0.7660444431325,0.642787609670424,0.));
#1394=DIRECTION('',(-0.642787609670424,0.7660444431325,0.));
#1395=FACE_BOUND('',#1396,.T.);
#1396=EDGE_LOOP('',(#4799,#4800,#4801,#4802));
#1397=(BOUNDED_SURFACE()B_SPLINE_SURFACE(3,2,(
(#1398,#1399,#1400),
(#1401,#1402,#1403),
(#1404,#1405,#1406),
(#1407,#1408,#1409)),
.UNSPECIFIED.,.F.,.F.,.F.)B_SPLINE_SURFACE_WITH_KNOTS((4,4),
(3,3),
(-3.7037037037037E-6,1.0000037037037),
(0.,1.),
.UNSPECIFIED.)GEOMETRIC_REPRESENTATION_ITEM()RATIONAL_B_SPLINE_SURFACE((
(1.,0.642787609686688,1.),
(1.,0.642787609686688,1.),
(1.,0.642787609686688,1.),
(1.,0.642787609686688,1.)))REPRESENTATION_ITEM('')SURFACE());
#1398=CARTESIAN_POINT('',(-21.7877188969103,17.5078238421342,-1.E-5));
#1399=CARTESIAN_POINT('',(-19.7667743638859,18.6746167122375,-1.0000000000111E-5));
#1400=CARTESIAN_POINT('',(-21.266774363848,20.46224710116,-9.99999999995449E-6));
#1401=CARTESIAN_POINT('',(-21.7877188969103,17.5078238421342,0.899996666666666));
#1402=CARTESIAN_POINT('',(-19.7667743638859,18.6746167122375,0.899996666666666));
#1403=CARTESIAN_POINT('',(-21.266774363848,20.46224710116,0.899996666666666));
#1404=CARTESIAN_POINT('',(-21.7877188969103,17.5078238421342,1.80000333333333));
#1405=CARTESIAN_POINT('',(-19.7667743638859,18.6746167122375,1.80000333333333));
#1406=CARTESIAN_POINT('',(-21.266774363848,20.46224710116,1.80000333333333));
#1407=CARTESIAN_POINT('',(-21.7877188969103,17.5078238421342,2.70001));
#1408=CARTESIAN_POINT('',(-19.7667743638859,18.6746167122375,2.70001));
#1409=CARTESIAN_POINT('',(-21.266774363848,20.46224710116,2.70001));
#1410=FACE_BOUND('',#1411,.T.);
#1411=EDGE_LOOP('',(#4803,#4804,#4805,#4806));
#1412=PLANE('',#1413);
#1413=AXIS2_PLACEMENT_3D('',#1414,#1415,#1416);
#1414=CARTESIAN_POINT('',(-16.148100582676,20.7638589938289,0.));
#1415=DIRECTION('',(-0.499999999982117,0.866025403794764,0.));
#1416=DIRECTION('',(-0.866025403794764,-0.499999999982117,0.));
#1417=FACE_BOUND('',#1418,.T.);
#1418=EDGE_LOOP('',(#4807,#4808,#4809,#4810));
#1419=CYLINDRICAL_SURFACE('',#1420,1.95604878944503);
#1420=AXIS2_PLACEMENT_3D('',#1421,#1422,#1423);
#1421=CARTESIAN_POINT('',(-32.1925464487975,13.7592444447083,-6.));
#1422=DIRECTION('',(0.,0.,1.));
#1423=DIRECTION('',(-0.940549717567679,-0.339656044820874,0.));
#1424=FACE_BOUND('',#1425,.T.);
#1425=EDGE_LOOP('',(#4811,#4812,#4813,#4814));
#1426=CYLINDRICAL_SURFACE('',#1427,38.5532978113629);
#1427=AXIS2_PLACEMENT_3D('',#1428,#1429,#1430);
#1428=CARTESIAN_POINT('',(-70.2936009530387,-1.44307327031112E-14,-1.));
#1429=DIRECTION('',(0.,0.,1.));
#1430=DIRECTION('',(1.,1.68323653362309E-16,0.));
#1431=FACE_BOUND('',#1432,.T.);
#1432=EDGE_LOOP('',(#4815,#4816,#4817,#4818));
#1433=PLANE('',#1434);
#1434=AXIS2_PLACEMENT_3D('',#1435,#1436,#1437);
#1435=CARTESIAN_POINT('',(-44.473354503665,41.7817576990561,-1.));
#1436=DIRECTION('',(-0.939692620792839,-0.342020143306626,0.));
#1437=DIRECTION('',(0.342020143306626,-0.939692620792839,0.));
#1438=FACE_BOUND('',#1439,.T.);
#1439=EDGE_LOOP('',(#4819,#4820,#4821,#4822));
#1440=CYLINDRICAL_SURFACE('',#1441,2.33358574029008);
#1441=AXIS2_PLACEMENT_3D('',#1442,#1443,#1444);
#1442=CARTESIAN_POINT('',(-38.7057714824122,32.7584018383329,-12.));
#1443=DIRECTION('',(0.,0.,1.));
#1444=DIRECTION('',(-0.499999999982115,0.866025403794764,0.));
#1445=FACE_BOUND('',#1446,.T.);
#1446=EDGE_LOOP('',(#4823,#4824,#4825,#4826,#4827,#4828,#4829,#4830));
#1447=PLANE('',#1448);
#1448=AXIS2_PLACEMENT_3D('',#1449,#1450,#1451);
#1449=CARTESIAN_POINT('',(-45.0858791311357,31.7694376806943,-7.));
#1450=DIRECTION('',(0.499999999982117,-0.866025403794763,0.));
#1451=DIRECTION('',(0.866025403794763,0.499999999982117,0.));
#1452=FACE_OUTER_BOUND('',#1453,.T.);
#1453=EDGE_LOOP('',(#4831));
#1454=FACE_OUTER_BOUND('',#1455,.T.);
#1455=EDGE_LOOP('',(#4832));
#1456=CYLINDRICAL_SURFACE('',#1457,1.45);
#1457=AXIS2_PLACEMENT_3D('',#1458,#1459,#1460);
#1458=CARTESIAN_POINT('',(10.05,-5.10000000000001,-8.));
#1459=DIRECTION('',(0.,0.,1.));
#1460=DIRECTION('',(1.,0.,0.));
#1461=FACE_OUTER_BOUND('',#1462,.T.);
#1462=EDGE_LOOP('',(#4833));
#1463=FACE_OUTER_BOUND('',#1464,.T.);
#1464=EDGE_LOOP('',(#4834));
#1465=CYLINDRICAL_SURFACE('',#1466,1.45);
#1466=AXIS2_PLACEMENT_3D('',#1467,#1468,#1469);
#1467=CARTESIAN_POINT('',(-10.0499999999934,-5.1,-8.));
#1468=DIRECTION('',(0.,0.,1.));
#1469=DIRECTION('',(1.,0.,0.));
#1470=FACE_BOUND('',#1471,.T.);
#1471=EDGE_LOOP('',(#4835,#4836,#4837,#4838,#4839,#4840));
#1472=PLANE('',#1473);
#1473=AXIS2_PLACEMENT_3D('',#1474,#1475,#1476);
#1474=CARTESIAN_POINT('',(-3.,13.4,2.7));
#1475=DIRECTION('',(1.2246444186196E-16,1.,0.));
#1476=DIRECTION('',(1.,-1.2246444186196E-16,0.));
#1477=FACE_BOUND('',#1478,.T.);
#1478=EDGE_LOOP('',(#4841,#4842,#4843,#4844,#4845,#4846));
#1479=PLANE('',#1480);
#1480=AXIS2_PLACEMENT_3D('',#1481,#1482,#1483);
#1481=CARTESIAN_POINT('',(-3.,-13.4,2.7));
#1482=DIRECTION('',(0.,1.,0.));
#1483=DIRECTION('',(1.,0.,0.));
#1484=FACE_BOUND('',#1485,.T.);
#1485=EDGE_LOOP('',(#4847,#4848,#4849,#4850));
#1486=PLANE('',#1487);
#1487=AXIS2_PLACEMENT_3D('',#1488,#1489,#1490);
#1488=CARTESIAN_POINT('',(-3.6,17.8,0.));
#1489=DIRECTION('',(-0.707106781186548,-2.07323487672362E-16,0.707106781186548));
#1490=DIRECTION('',(2.93199688064746E-16,-1.,3.78946260526315E-33));
#1491=FACE_BOUND('',#1492,.T.);
#1492=EDGE_LOOP('',(#4851,#4852,#4853,#4854,#4855,#4856,#4857,#4858,#4859,#4860,
#4861,#4862,#4863,#4864,#4865,#4866,#4867,#4868,#4869,#4870,#4871,#4872,#4873,#4874,
#4875,#4876,#4877,#4878,#4879,#4880,#4881,#4882,#4883,#4884,#4885,#4886,#4887,#4888,
#4889,#4890,#4891,#4892,#4893,#4894,#4895,#4896,#4897,#4898,#4899,#4900,#4901,#4902,
#4903,#4904,#4905,#4906));
#1493=FACE_BOUND('',#1494,.T.);
#1494=EDGE_LOOP('',(#4907,#4908,#4909,#4910,#4911,#4912,#4913,#4914,#4915,#4916,
#4917,#4918,#4919,#4920));
#1495=FACE_BOUND('',#1496,.T.);
#1496=EDGE_LOOP('',(#4921,#4922,#4923,#4924,#4925,#4926,#4927,#4928,#4929,#4930,
#4931,#4932,#4933,#4934));
#1497=FACE_BOUND('',#1498,.T.);
#1498=EDGE_LOOP('',(#4935));
#1499=FACE_BOUND('',#1500,.T.);
#1500=EDGE_LOOP('',(#4936));
#1501=PLANE('',#1502);
#1502=AXIS2_PLACEMENT_3D('',#1503,#1504,#1505);
#1503=CARTESIAN_POINT('',(0.,0.,0.));
#1504=DIRECTION('',(0.,0.,1.));
#1505=DIRECTION('',(6.12323399573677E-17,-1.,0.));
#1506=FACE_BOUND('',#1507,.T.);
#1507=EDGE_LOOP('',(#4937,#4938,#4939,#4940,#4941));
#1508=CYLINDRICAL_SURFACE('',#1509,15.7972095242992);
#1509=AXIS2_PLACEMENT_3D('',#1510,#1511,#1512);
#1510=CARTESIAN_POINT('',(-6.51970741531357,31.1972095242992,-7.));
#1511=DIRECTION('',(0.,0.,1.));
#1512=DIRECTION('',(-0.766044441520795,-0.642787611591179,0.));
#1513=FACE_BOUND('',#1514,.T.);
#1514=EDGE_LOOP('',(#4942,#4943,#4944,#4945));
#1515=PLANE('',#1516);
#1516=AXIS2_PLACEMENT_3D('',#1517,#1518,#1519);
#1517=CARTESIAN_POINT('',(-2.4,15.4,-2.4));
#1518=DIRECTION('',(8.65954372948176E-17,0.707106781186546,0.707106781186549));
#1519=DIRECTION('',(1.,-1.2246444186196E-16,0.));
#1520=FACE_BOUND('',#1521,.T.);
#1521=EDGE_LOOP('',(#4946,#4947,#4948,#4949,#4950));
#1522=CYLINDRICAL_SURFACE('',#1523,15.7972095242992);
#1523=AXIS2_PLACEMENT_3D('',#1524,#1525,#1526);
#1524=CARTESIAN_POINT('',(6.51970741531357,31.1972095242992,-7.));
#1525=DIRECTION('',(0.,0.,-1.));
#1526=DIRECTION('',(0.766044441520796,-0.642787611591179,0.));
#1527=FACE_BOUND('',#1528,.T.);
#1528=EDGE_LOOP('',(#4951,#4952,#4953,#4954));
#1529=PLANE('',#1530);
#1530=AXIS2_PLACEMENT_3D('',#1531,#1532,#1533);
#1531=CARTESIAN_POINT('',(3.6,17.8,0.));
#1532=DIRECTION('',(-0.707106781186548,1.20727882048813E-16,-0.707106781186548));
#1533=DIRECTION('',(-1.7073500815001E-16,-1.,3.78946260526315E-33));
#1534=FACE_BOUND('',#1535,.T.);
#1535=EDGE_LOOP('',(#4955,#4956,#4957,#4958));
#1536=PLANE('',#1537);
#1537=AXIS2_PLACEMENT_3D('',#1538,#1539,#1540);
#1538=CARTESIAN_POINT('',(3.6,-17.8,0.));
#1539=DIRECTION('',(0.707106781186548,3.41324447539951E-17,0.707106781186548));
#1540=DIRECTION('',(-4.82705662880503E-17,1.,3.78946260526315E-33));
#1541=FACE_BOUND('',#1542,.T.);
#1542=EDGE_LOOP('',(#4959,#4960,#4961,#4962,#4963));
#1543=CYLINDRICAL_SURFACE('',#1544,15.7972095242992);
#1544=AXIS2_PLACEMENT_3D('',#1545,#1546,#1547);
#1545=CARTESIAN_POINT('',(6.51970741531357,-31.1972095242992,-7.));
#1546=DIRECTION('',(0.,0.,1.));
#1547=DIRECTION('',(0.766044441520796,0.642787611591179,0.));
#1548=FACE_BOUND('',#1549,.T.);
#1549=EDGE_LOOP('',(#4964,#4965,#4966,#4967));
#1550=PLANE('',#1551);
#1551=AXIS2_PLACEMENT_3D('',#1552,#1553,#1554);
#1552=CARTESIAN_POINT('',(-2.4,-15.4,-2.4));
#1553=DIRECTION('',(0.,0.707106781186546,-0.707106781186549));
#1554=DIRECTION('',(1.,0.,0.));
#1555=FACE_BOUND('',#1556,.T.);
#1556=EDGE_LOOP('',(#4968,#4969,#4970,#4971,#4972));
#1557=CYLINDRICAL_SURFACE('',#1558,15.7972095242992);
#1558=AXIS2_PLACEMENT_3D('',#1559,#1560,#1561);
#1559=CARTESIAN_POINT('',(-6.51970741531356,-31.1972095242992,-7.));
#1560=DIRECTION('',(0.,0.,-1.));
#1561=DIRECTION('',(-0.766044441520796,0.642787611591179,0.));
#1562=FACE_BOUND('',#1563,.T.);
#1563=EDGE_LOOP('',(#4973,#4974,#4975,#4976));
#1564=PLANE('',#1565);
#1565=AXIS2_PLACEMENT_3D('',#1566,#1567,#1568);
#1566=CARTESIAN_POINT('',(-3.6,-17.8,0.));
#1567=DIRECTION('',(0.707106781186548,5.24631608695542E-17,-0.707106781186548));
#1568=DIRECTION('',(-7.4194113626685E-17,1.,3.78946260526315E-33));
#1569=FACE_BOUND('',#1570,.T.);
#1570=EDGE_LOOP('',(#4977,#4978,#4979,#4980,#4981));
#1571=CYLINDRICAL_SURFACE('',#1572,14.1972095242992);
#1572=AXIS2_PLACEMENT_3D('',#1573,#1574,#1575);
#1573=CARTESIAN_POINT('',(6.51970741531357,-31.1972095242992,0.));
#1574=DIRECTION('',(0.,0.,-1.));
#1575=DIRECTION('',(-8.18840495180148E-10,1.,0.));
#1576=FACE_BOUND('',#1577,.T.);
#1577=EDGE_LOOP('',(#4982,#4983,#4984,#4985,#4986,#4987,#4988));
#1578=PLANE('',#1579);
#1579=AXIS2_PLACEMENT_3D('',#1580,#1581,#1582);
#1580=CARTESIAN_POINT('',(17.3954008565091,-22.0714191229154,-7.));
#1581=DIRECTION('',(-0.766044443132501,-0.642787609670424,0.));
#1582=DIRECTION('',(0.642787609670424,-0.766044443132501,0.));
#1583=FACE_BOUND('',#1584,.T.);
#1584=EDGE_LOOP('',(#4989,#4990,#4991,#4992,#4993,#4994,#4995,#4996,#4997,#4998,
#4999,#5000,#5001,#5002));
#1585=FACE_OUTER_BOUND('',#1586,.T.);
#1586=EDGE_LOOP('',(#5003));
#1587=CYLINDRICAL_SURFACE('',#1588,6.1);
#1588=AXIS2_PLACEMENT_3D('',#1589,#1590,#1591);
#1589=CARTESIAN_POINT('',(42.5,-42.5,-7.));
#1590=DIRECTION('',(0.,0.,1.));
#1591=DIRECTION('',(-0.7660444431325,-0.642787609670424,0.));
#1592=FACE_BOUND('',#1593,.T.);
#1593=EDGE_LOOP('',(#5004,#5005,#5006,#5007));
#1594=B_SPLINE_SURFACE_WITH_KNOTS('',3,1,(
(#1595,#1596),
(#1597,#1598),
(#1599,#1600),
(#1601,#1602),
(#1603,#1604),
(#1605,#1606),
(#1607,#1608),
(#1609,#1610),
(#1611,#1612),
(#1613,#1614),
(#1615,#1616),
(#1617,#1618),
(#1619,#1620),
(#1621,#1622),
(#1623,#1624),
(#1625,#1626)),
.UNSPECIFIED.,.F.,.F.,.F.,
(4,1,1,1,1,1,1,1,1,1,1,1,1,4),
(2,2),
(5.14734920557242,7.92957959093077,9.16231000627549,10.3668394965823,11.5970969243149,
12.8552331485384,14.1289290350252,15.4114543397774,16.6922530814233,17.9702117130777,
19.2510593521049,20.5454059448304,21.8289362529509,23.5635533658435),
(0.,1.),
.UNSPECIFIED.);
#1595=CARTESIAN_POINT('',(42.9930004851104,-48.580045272996,0.578672694117699));
#1596=CARTESIAN_POINT('',(43.8630465741277,-47.3281998946334,0.578666618759757));
#1597=CARTESIAN_POINT('',(42.9930322243426,-48.5800096699653,0.677457408855081));
#1598=CARTESIAN_POINT('',(43.863178144565,-47.3280997627409,0.76348700830146));
#1599=CARTESIAN_POINT('',(42.9708963215413,-48.5819371221725,0.82011786363758));
#1600=CARTESIAN_POINT('',(43.8282586325998,-47.3348994558411,1.03003687332836));
#1601=CARTESIAN_POINT('',(42.9015709725443,-48.5868567681386,0.994696563748347));
#1602=CARTESIAN_POINT('',(43.7217555017149,-47.3530753120946,1.35601948867578));
#1603=CARTESIAN_POINT('',(42.83601251649,-48.5908848974964,1.11063694232648));
#1604=CARTESIAN_POINT('',(43.6224876962175,-47.368569623436,1.57294636882746));
#1605=CARTESIAN_POINT('',(42.7537113178415,-48.5949477892078,1.21854112911573));
#1606=CARTESIAN_POINT('',(43.4999328134963,-47.3854331826294,1.7762754619406));
#1607=CARTESIAN_POINT('',(42.6540456411468,-48.5983738313672,1.3170018189665));
#1608=CARTESIAN_POINT('',(43.3541789856462,-47.4021246044028,1.96500461865874));
#1609=CARTESIAN_POINT('',(42.5381541457946,-48.6002956402679,1.40294054128373));
#1610=CARTESIAN_POINT('',(43.1876842571945,-47.4166265688676,2.13549545960169));
#1611=CARTESIAN_POINT('',(42.4085355046734,-48.5998165687919,1.47338328562337));
#1612=CARTESIAN_POINT('',(43.00441500684,-47.4269043645303,2.28439726336334));
#1613=CARTESIAN_POINT('',(42.2681745560528,-48.596165442844,1.52638174584788));
#1614=CARTESIAN_POINT('',(42.808385406574,-47.4312893557455,2.4100777461183));
#1615=CARTESIAN_POINT('',(42.1201196726995,-48.5887856311358,1.56101783505217));
#1616=CARTESIAN_POINT('',(42.6031377922461,-47.4286524286684,2.51229844417719));
#1617=CARTESIAN_POINT('',(41.9666385189984,-48.5773044468768,1.57716370551954));
#1618=CARTESIAN_POINT('',(42.3906715067156,-47.4183264377023,2.59192135410188));
#1619=CARTESIAN_POINT('',(41.8108913139625,-48.5616308730652,1.57493658441334));
#1620=CARTESIAN_POINT('',(42.1738698062939,-47.4000941115794,2.64940749811069));
#1621=CARTESIAN_POINT('',(41.637417729153,-48.5396329341467,1.5527579961975));
#1622=CARTESIAN_POINT('',(41.9290810281769,-47.3711525976752,2.69000837824781));
#1623=CARTESIAN_POINT('',(41.5188173886685,-48.5209509774027,1.52210690841511));
#1624=CARTESIAN_POINT('',(41.7571841328889,-47.3444062099274,2.69999545831821));
#1625=CARTESIAN_POINT('',(41.4524519699388,-48.5093795956583,1.49999727321869));
#1626=CARTESIAN_POINT('',(41.6585187404815,-47.3272050709036,2.69999999995835));
#1627=FACE_BOUND('',#1628,.T.);
#1628=EDGE_LOOP('',(#5008,#5009,#5010,#5011));
#1629=CONICAL_SURFACE('',#1630,4.65,0.785398163397452);
#1630=AXIS2_PLACEMENT_3D('',#1631,#1632,#1633);
#1631=CARTESIAN_POINT('',(42.5,-42.5,-3.6));
#1632=DIRECTION('',(0.,0.,1.));
#1633=DIRECTION('',(-0.208165985873194,-0.978093514100488,0.));
#1634=FACE_BOUND('',#1635,.T.);
#1635=EDGE_LOOP('',(#5012,#5013,#5014,#5015,#5016));
#1636=PLANE('',#1637);
#1637=AXIS2_PLACEMENT_3D('',#1638,#1639,#1640);
#1638=CARTESIAN_POINT('',(46.7553872054069,-46.8705468458874,-3.3));
#1639=DIRECTION('',(0.716483089489386,0.697604459902418,0.));
#1640=DIRECTION('',(-0.697604459902418,0.716483089489386,0.));
#1641=FACE_BOUND('',#1642,.T.);
#1642=EDGE_LOOP('',(#5017,#5018,#5019,#5020));
#1643=PLANE('',#1644);
#1644=AXIS2_PLACEMENT_3D('',#1645,#1646,#1647);
#1645=CARTESIAN_POINT('',(42.5,-42.5,-8.));
#1646=DIRECTION('',(0.962384728824731,0.271690326888811,0.));
#1647=DIRECTION('',(-0.271690326888811,0.962384728824731,0.));
#1648=FACE_BOUND('',#1649,.T.);
#1649=EDGE_LOOP('',(#5021,#5022,#5023,#5024));
#1650=FACE_BOUND('',#1651,.T.);
#1651=EDGE_LOOP('',(#5025));
#1652=PLANE('',#1653);
#1653=AXIS2_PLACEMENT_3D('',#1654,#1655,#1656);
#1654=CARTESIAN_POINT('',(35.7403031416757,1.44534131162901E-15,-7.));
#1655=DIRECTION('',(0.,0.,1.));
#1656=DIRECTION('',(-1.22464679914735E-16,-1.,0.));
#1657=FACE_BOUND('',#1658,.T.);
#1658=EDGE_LOOP('',(#5026,#5027,#5028,#5029));
#1659=PLANE('',#1660);
#1660=AXIS2_PLACEMENT_3D('',#1661,#1662,#1663);
#1661=CARTESIAN_POINT('',(38.2446127945931,-38.1294531541126,-8.));
#1662=DIRECTION('',(-0.716483089489386,-0.697604459902418,0.));
#1663=DIRECTION('',(0.697604459902418,-0.716483089489386,0.));
#1664=FACE_BOUND('',#1665,.T.);
#1665=EDGE_LOOP('',(#5030,#5031,#5032,#5033,#5034));
#1666=PLANE('',#1667);
#1667=AXIS2_PLACEMENT_3D('',#1668,#1669,#1670);
#1668=CARTESIAN_POINT('',(42.5,-42.5,-3.3));
#1669=DIRECTION('',(-0.962384728824731,-0.271690326888811,0.));
#1670=DIRECTION('',(0.271690326888811,-0.962384728824731,0.));
#1671=FACE_BOUND('',#1672,.T.);
#1672=EDGE_LOOP('',(#5035,#5036,#5037,#5038,#5039,#5040));
#1673=CYLINDRICAL_SURFACE('',#1674,6.1);
#1674=AXIS2_PLACEMENT_3D('',#1675,#1676,#1677);
#1675=CARTESIAN_POINT('',(42.5,-42.5,-8.));
#1676=DIRECTION('',(0.,0.,1.));
#1677=DIRECTION('',(-0.271690326888811,0.962384728824731,0.));
#1678=FACE_BOUND('',#1679,.T.);
#1679=EDGE_LOOP('',(#5041,#5042,#5043,#5044));
#1680=B_SPLINE_SURFACE_WITH_KNOTS('',3,1,(
(#1681,#1682),
(#1683,#1684),
(#1685,#1686),
(#1687,#1688),
(#1689,#1690),
(#1691,#1692),
(#1693,#1694),
(#1695,#1696),
(#1697,#1698),
(#1699,#1700),
(#1701,#1702),
(#1703,#1704),
(#1705,#1706),
(#1707,#1708),
(#1709,#1710),
(#1711,#1712)),
.UNSPECIFIED.,.F.,.F.,.F.,
(4,1,1,1,1,1,1,1,1,1,1,1,1,4),
(2,2),
(1.89732608472998,4.79682562367117,6.07475846355618,7.30855562518125,8.53595364471934,
9.74919543838114,10.956880143719,12.162589879164,13.3816366038778,14.5920507410156,
15.7847759459364,16.9330742569167,17.9538165028555,19.4404469501767),
(0.,1.),
.UNSPECIFIED.);
#1681=CARTESIAN_POINT('',(48.2280494129078,-44.5974865728502,1.49999738007293));
#1682=CARTESIAN_POINT('',(47.1012220421215,-44.1848607408451,2.6999999999711));
#1683=CARTESIAN_POINT('',(48.1874787277635,-44.7084521261802,1.53881827360098));
#1684=CARTESIAN_POINT('',(47.0409060619682,-44.3497796991066,2.69994239213474));
#1685=CARTESIAN_POINT('',(48.1215205247103,-44.8735200980778,1.57468736096711));
#1686=CARTESIAN_POINT('',(46.946205885259,-44.5842653588452,2.67463932823032));
#1687=CARTESIAN_POINT('',(48.0266335748482,-45.0835628729517,1.57696361314103));
#1688=CARTESIAN_POINT('',(46.8095175283514,-44.8738333286187,2.58879232172894));
#1689=CARTESIAN_POINT('',(47.9584802153715,-45.2244679494158,1.55934071608764));
#1690=CARTESIAN_POINT('',(46.7101565564988,-45.065969358865,2.50625813892011));
#1691=CARTESIAN_POINT('',(47.8905149179664,-45.3564457247424,1.52320575131683));
#1692=CARTESIAN_POINT('',(46.6091761638777,-45.2450998589909,2.40189040276297));
#1693=CARTESIAN_POINT('',(47.823820963884,-45.4787390861448,1.46905339790766));
#1694=CARTESIAN_POINT('',(46.5076626393528,-45.4112365310415,2.27487190015548));
#1695=CARTESIAN_POINT('',(47.7601465887193,-45.5896229815404,1.39806612703595));
#1696=CARTESIAN_POINT('',(46.4080678823632,-45.5626917649018,2.1256092434479));
#1697=CARTESIAN_POINT('',(47.7008562863525,-45.6882561653036,1.31131487711302));
#1698=CARTESIAN_POINT('',(46.312620278209,-45.6986438000119,1.95395003040422));
#1699=CARTESIAN_POINT('',(47.6476990529596,-45.7732280914333,1.2105895565233));
#1700=CARTESIAN_POINT('',(46.2245394745642,-45.817134698499,1.7611794807559));
#1701=CARTESIAN_POINT('',(47.6024209037708,-45.8432209419321,1.09858409409702));
#1702=CARTESIAN_POINT('',(46.1474442359694,-45.9160208264619,1.55031757953326));
#1703=CARTESIAN_POINT('',(47.5666410548716,-45.8970789857362,0.979700263522566));
#1704=CARTESIAN_POINT('',(46.0850642998114,-45.993063788103,1.32801445658697));
#1705=CARTESIAN_POINT('',(47.5415383395589,-45.9341360657899,0.860966254612286));
#1706=CARTESIAN_POINT('',(46.040477824826,-46.046641787395,1.10630949944581));
#1707=CARTESIAN_POINT('',(47.5236005792308,-45.9602950327217,0.727537599644861));
#1708=CARTESIAN_POINT('',(46.0082256965796,-46.0847349125889,0.857093858036124));
#1709=CARTESIAN_POINT('',(47.5189711276138,-45.966972883726,0.634086347656324));
#1710=CARTESIAN_POINT('',(45.9998119445358,-46.0945421047729,0.682266415879705));
#1711=CARTESIAN_POINT('',(47.5189734198978,-45.9669735808569,0.578672689857554));
#1712=CARTESIAN_POINT('',(45.9998204760268,-46.0945329071329,0.5786666230206));
#1713=FACE_BOUND('',#1714,.T.);
#1714=EDGE_LOOP('',(#5045,#5046,#5047,#5048,#5049,#5050));
#1715=PLANE('',#1716);
#1716=AXIS2_PLACEMENT_3D('',#1717,#1718,#1719);
#1717=CARTESIAN_POINT('',(48.2321249868363,-40.4136771258296,-7.));
#1718=DIRECTION('',(0.939692620792839,0.342020143306626,0.));
#1719=DIRECTION('',(-0.342020143306626,0.939692620792839,0.));
#1720=FACE_BOUND('',#1721,.T.);
#1721=EDGE_LOOP('',(#5051,#5052,#5053,#5054,#5055,#5056,#5057,#5058));
#1722=CYLINDRICAL_SURFACE('',#1723,34.553297811363);
#1723=AXIS2_PLACEMENT_3D('',#1724,#1725,#1726);
#1724=CARTESIAN_POINT('',(70.2936009530387,-2.78621724483807E-15,0.));
#1725=DIRECTION('',(0.,0.,-1.));
#1726=DIRECTION('',(-0.967062165836583,-0.254540306056736,0.));
#1727=FACE_BOUND('',#1728,.T.);
#1728=EDGE_LOOP('',(#5059,#5060,#5061,#5062,#5063,#5064));
#1729=PLANE('',#1730);
#1730=AXIS2_PLACEMENT_3D('',#1731,#1732,#1733);
#1731=CARTESIAN_POINT('',(48.2321249868363,40.4136771258296,-7.));
#1732=DIRECTION('',(-0.939692620792839,0.342020143306626,0.));
#1733=DIRECTION('',(-0.342020143306626,-0.939692620792839,0.));
#1734=FACE_BOUND('',#1735,.T.);
#1735=EDGE_LOOP('',(#5065,#5066,#5067,#5068));
#1736=B_SPLINE_SURFACE_WITH_KNOTS('',3,1,(
(#1737,#1738),
(#1739,#1740),
(#1741,#1742),
(#1743,#1744),
(#1745,#1746),
(#1747,#1748),
(#1749,#1750),
(#1751,#1752),
(#1753,#1754),
(#1755,#1756),
(#1757,#1758),
(#1759,#1760),
(#1761,#1762),
(#1763,#1764),
(#1765,#1766),
(#1767,#1768)),
.UNSPECIFIED.,.F.,.F.,.F.,
(4,1,1,1,1,1,1,1,1,1,1,1,1,4),
(2,2),
(1.89732608472998,4.79682562376005,6.07475846366255,7.30855562529538,8.5359536448363,
9.74919543849672,10.9568801438335,12.1625898792791,13.3816366039947,14.5920507411316,
15.7847759460664,16.9330742570818,17.9538165030412,19.4404469501767),
(0.,1.),
.UNSPECIFIED.);
#1737=CARTESIAN_POINT('',(48.2280494129078,44.5974865728501,1.49999738007293));
#1738=CARTESIAN_POINT('',(47.1012220421215,44.1848607408451,2.6999999999711));
#1739=CARTESIAN_POINT('',(48.1874787277623,44.7084521261836,1.53881827360218));
#1740=CARTESIAN_POINT('',(47.0409060619664,44.3497796991117,2.69994239213474));
#1741=CARTESIAN_POINT('',(48.1215205247072,44.8735200980855,1.57468736096859));
#1742=CARTESIAN_POINT('',(46.9462058852545,44.5842653588561,2.67463932822891));
#1743=CARTESIAN_POINT('',(48.0266335748427,45.0835628729636,1.57696361314045));
#1744=CARTESIAN_POINT('',(46.8095175283434,44.873833328635,2.58879232172317));
#1745=CARTESIAN_POINT('',(47.9584802153653,45.2244679494283,1.55934071608522));
#1746=CARTESIAN_POINT('',(46.7101565564897,45.0659693588819,2.50625813891164));
#1747=CARTESIAN_POINT('',(47.89051491796,45.3564457247545,1.52320575131255));
#1748=CARTESIAN_POINT('',(46.609176163868,45.2450998590073,2.40189040275203));
#1749=CARTESIAN_POINT('',(47.8238209638778,45.4787390861559,1.46905339790167));
#1750=CARTESIAN_POINT('',(46.5076626393431,45.4112365310567,2.27487190014228));
#1751=CARTESIAN_POINT('',(47.7601465887135,45.5896229815504,1.39806612702842));
#1752=CARTESIAN_POINT('',(46.4080678823539,45.5626917649155,2.12560924343261));
#1753=CARTESIAN_POINT('',(47.7008562863472,45.6882561653124,1.31131487710405));
#1754=CARTESIAN_POINT('',(46.3126202782001,45.698643800024,1.95395003038682));
#1755=CARTESIAN_POINT('',(47.6476990529549,45.7732280914408,1.21058955651307));
#1756=CARTESIAN_POINT('',(46.2245394745563,45.8171346985095,1.7611794807365));
#1757=CARTESIAN_POINT('',(47.6024209037667,45.8432209419384,1.09858409408531));
#1758=CARTESIAN_POINT('',(46.1474442359622,45.9160208264708,1.55031757951132));
#1759=CARTESIAN_POINT('',(47.566641054868,45.8970789857417,0.979700263508437));
#1760=CARTESIAN_POINT('',(46.0850642998049,45.9930637881109,1.32801445656058));
#1761=CARTESIAN_POINT('',(47.5415383395559,45.9341360657944,0.860966254594993));
#1762=CARTESIAN_POINT('',(46.0404778248205,46.0466417874015,1.10630949941355));
#1763=CARTESIAN_POINT('',(47.5236005792299,45.9602950327229,0.727537599631847));
#1764=CARTESIAN_POINT('',(46.008225696578,46.0847349125907,0.857093858011697));
#1765=CARTESIAN_POINT('',(47.5189711276138,45.966972883726,0.634086347649351));
#1766=CARTESIAN_POINT('',(45.9998119445358,46.0945421047729,0.682266415866742));
#1767=CARTESIAN_POINT('',(47.5189734198978,45.9669735808569,0.578672689857554));
#1768=CARTESIAN_POINT('',(45.9998204760269,46.0945329071328,0.5786666230206));
#1769=FACE_BOUND('',#1770,.T.);
#1770=EDGE_LOOP('',(#5069,#5070,#5071,#5072,#5073,#5074,#5075,#5076,#5077,#5078,
#5079,#5080,#5081,#5082));
#1771=FACE_OUTER_BOUND('',#1772,.T.);
#1772=EDGE_LOOP('',(#5083));
#1773=CYLINDRICAL_SURFACE('',#1774,6.1);
#1774=AXIS2_PLACEMENT_3D('',#1775,#1776,#1777);
#1775=CARTESIAN_POINT('',(42.5,42.5,-7.));
#1776=DIRECTION('',(0.,0.,-1.));
#1777=DIRECTION('',(-0.7660444431325,0.642787609670424,0.));
#1778=FACE_BOUND('',#1779,.T.);
#1779=EDGE_LOOP('',(#5084,#5085,#5086,#5087,#5088));
#1780=PLANE('',#1781);
#1781=AXIS2_PLACEMENT_3D('',#1782,#1783,#1784);
#1782=CARTESIAN_POINT('',(42.5,42.5,-3.3));
#1783=DIRECTION('',(0.962384728824731,-0.271690326888811,0.));
#1784=DIRECTION('',(0.271690326888811,0.962384728824731,0.));
#1785=FACE_BOUND('',#1786,.T.);
#1786=EDGE_LOOP('',(#5089,#5090,#5091,#5092));
#1787=PLANE('',#1788);
#1788=AXIS2_PLACEMENT_3D('',#1789,#1790,#1791);
#1789=CARTESIAN_POINT('',(38.2446127945932,38.1294531541126,-8.));
#1790=DIRECTION('',(0.716483089489386,-0.697604459902418,0.));
#1791=DIRECTION('',(0.697604459902418,0.716483089489386,0.));
#1792=FACE_BOUND('',#1793,.T.);
#1793=EDGE_LOOP('',(#5093,#5094,#5095,#5096));
#1794=FACE_BOUND('',#1795,.T.);
#1795=EDGE_LOOP('',(#5097));
#1796=PLANE('',#1797);
#1797=AXIS2_PLACEMENT_3D('',#1798,#1799,#1800);
#1798=CARTESIAN_POINT('',(35.7403031416757,-5.82225758785159E-15,-7.));
#1799=DIRECTION('',(0.,0.,-1.));
#1800=DIRECTION('',(-2.38052775156001E-22,1.,0.));
#1801=FACE_BOUND('',#1802,.T.);
#1802=EDGE_LOOP('',(#5098,#5099,#5100,#5101));
#1803=PLANE('',#1804);
#1804=AXIS2_PLACEMENT_3D('',#1805,#1806,#1807);
#1805=CARTESIAN_POINT('',(42.5,42.5,-8.));
#1806=DIRECTION('',(-0.962384728824731,0.271690326888811,0.));
#1807=DIRECTION('',(-0.271690326888811,-0.962384728824731,0.));
#1808=FACE_BOUND('',#1809,.T.);
#1809=EDGE_LOOP('',(#5102,#5103,#5104,#5105,#5106));
#1810=PLANE('',#1811);
#1811=AXIS2_PLACEMENT_3D('',#1812,#1813,#1814);
#1812=CARTESIAN_POINT('',(46.7553872054069,46.8705468458874,-3.3));
#1813=DIRECTION('',(-0.716483089489386,0.697604459902418,0.));
#1814=DIRECTION('',(-0.697604459902418,-0.716483089489386,0.));
#1815=FACE_BOUND('',#1816,.T.);
#1816=EDGE_LOOP('',(#5107,#5108,#5109,#5110));
#1817=CONICAL_SURFACE('',#1818,4.65,0.785398163397452);
#1818=AXIS2_PLACEMENT_3D('',#1819,#1820,#1821);
#1819=CARTESIAN_POINT('',(42.5,42.5,-3.6));
#1820=DIRECTION('',(0.,0.,1.));
#1821=DIRECTION('',(0.208165985873194,-0.978093514100488,0.));
#1822=FACE_BOUND('',#1823,.T.);
#1823=EDGE_LOOP('',(#5111,#5112,#5113,#5114,#5115,#5116));
#1824=CYLINDRICAL_SURFACE('',#1825,6.1);
#1825=AXIS2_PLACEMENT_3D('',#1826,#1827,#1828);
#1826=CARTESIAN_POINT('',(42.5,42.5,-8.));
#1827=DIRECTION('',(0.,0.,-1.));
#1828=DIRECTION('',(-0.271690326888812,-0.962384728824731,0.));
#1829=FACE_BOUND('',#1830,.T.);
#1830=EDGE_LOOP('',(#5117,#5118,#5119,#5120));
#1831=B_SPLINE_SURFACE_WITH_KNOTS('',3,1,(
(#1832,#1833),
(#1834,#1835),
(#1836,#1837),
(#1838,#1839),
(#1840,#1841),
(#1842,#1843),
(#1844,#1845),
(#1846,#1847),
(#1848,#1849),
(#1850,#1851),
(#1852,#1853),
(#1854,#1855),
(#1856,#1857),
(#1858,#1859),
(#1860,#1861),
(#1862,#1863)),
.UNSPECIFIED.,.F.,.F.,.F.,
(4,1,1,1,1,1,1,1,1,1,1,1,1,4),
(2,2),
(5.14734920557242,7.92957959089734,9.16231000624451,10.3668394965577,11.597096924292,
12.8552331485079,14.1289290349858,15.4114543397302,16.6922530813754,17.9702117130294,
19.2510593520588,20.5454059447839,21.8289362528874,23.5635533658435),
(0.,1.),
.UNSPECIFIED.);
#1832=CARTESIAN_POINT('',(42.9930004851105,48.580045272996,0.578672694117699));
#1833=CARTESIAN_POINT('',(43.8630465741277,47.3281998946334,0.578666618759757));
#1834=CARTESIAN_POINT('',(42.9930322243426,48.5800096699653,0.677457408853893));
#1835=CARTESIAN_POINT('',(43.863178144565,47.3280997627409,0.763487008299236));
#1836=CARTESIAN_POINT('',(42.9708963215418,48.5819371221725,0.820117863635288));
#1837=CARTESIAN_POINT('',(43.8282586326005,47.334899455841,1.03003687332409));
#1838=CARTESIAN_POINT('',(42.9015709725457,48.5868567681385,0.994696563745447));
#1839=CARTESIAN_POINT('',(43.7217555017171,47.3530753120943,1.35601948867037));
#1840=CARTESIAN_POINT('',(42.8360125164916,48.5908848974963,1.1106369423241));
#1841=CARTESIAN_POINT('',(43.6224876962198,47.3685696234356,1.57294636882299));
#1842=CARTESIAN_POINT('',(42.7537113178434,48.5949477892078,1.21854112911356));
#1843=CARTESIAN_POINT('',(43.4999328134991,47.385433182629,1.77627546193648));
#1844=CARTESIAN_POINT('',(42.6540456411494,48.5983738313671,1.3170018189642));
#1845=CARTESIAN_POINT('',(43.35417898565,47.4021246044024,1.96500461865429));
#1846=CARTESIAN_POINT('',(42.5381541457984,48.6002956402679,1.40294054128129));
#1847=CARTESIAN_POINT('',(43.1876842571998,47.4166265688672,2.13549545959674));
#1848=CARTESIAN_POINT('',(42.4085355046781,48.599816568792,1.47338328562119));
#1849=CARTESIAN_POINT('',(43.0044150068467,47.4269043645301,2.28439726335851));
#1850=CARTESIAN_POINT('',(42.2681745560582,48.5961654428442,1.52638174584624));
#1851=CARTESIAN_POINT('',(42.8083854065815,47.4312893557455,2.41007774611404));
#1852=CARTESIAN_POINT('',(42.1201196727051,48.5887856311362,1.56101783505123));
#1853=CARTESIAN_POINT('',(42.6031377922538,47.4286524286686,2.51229844417384));
#1854=CARTESIAN_POINT('',(41.9666385190041,48.5773044468773,1.57716370551929));
#1855=CARTESIAN_POINT('',(42.3906715067235,47.4183264377028,2.59192135409938));
#1856=CARTESIAN_POINT('',(41.8108913139688,48.5616308730659,1.57493658441375));
#1857=CARTESIAN_POINT('',(42.1738698063028,47.4000941115803,2.64940749810875));
#1858=CARTESIAN_POINT('',(41.6374177291574,48.5396329341474,1.5527579961985));
#1859=CARTESIAN_POINT('',(41.9290810281831,47.3711525976761,2.6900083782473));
#1860=CARTESIAN_POINT('',(41.518817388671,48.5209509774032,1.52210690841592));
#1861=CARTESIAN_POINT('',(41.7571841328926,47.344406209928,2.69999545831821));
#1862=CARTESIAN_POINT('',(41.4524519699388,48.5093795956583,1.49999727321869));
#1863=CARTESIAN_POINT('',(41.6585187404815,47.3272050709036,2.69999999995835));
#1864=FACE_BOUND('',#1865,.T.);
#1865=EDGE_LOOP('',(#5121,#5122,#5123,#5124,#5125,#5126,#5127));
#1866=PLANE('',#1867);
#1867=AXIS2_PLACEMENT_3D('',#1868,#1869,#1870);
#1868=CARTESIAN_POINT('',(17.3954008565091,22.0714191229154,-7.));
#1869=DIRECTION('',(0.7660444431325,-0.642787609670424,0.));
#1870=DIRECTION('',(0.642787609670424,0.7660444431325,0.));
#1871=FACE_BOUND('',#1872,.T.);
#1872=EDGE_LOOP('',(#5128,#5129,#5130,#5131,#5132));
#1873=CYLINDRICAL_SURFACE('',#1874,14.1972095242992);
#1874=AXIS2_PLACEMENT_3D('',#1875,#1876,#1877);
#1875=CARTESIAN_POINT('',(6.51970741531357,31.1972095242992,0.));
#1876=DIRECTION('',(0.,0.,1.));
#1877=DIRECTION('',(-8.1884061764459E-10,-1.,0.));
#1878=FACE_BOUND('',#1879,.T.);
#1879=EDGE_LOOP('',(#5133,#5134,#5135,#5136));
#1880=PLANE('',#1881);
#1881=AXIS2_PLACEMENT_3D('',#1882,#1883,#1884);
#1882=CARTESIAN_POINT('',(3.12284529092857E-15,17.,0.));
#1883=DIRECTION('',(-1.2246444186196E-16,-1.,0.));
#1884=DIRECTION('',(1.,-1.2246444186196E-16,0.));
#1885=FACE_BOUND('',#1886,.T.);
#1886=EDGE_LOOP('',(#5137,#5138,#5139,#5140,#5141));
#1887=CYLINDRICAL_SURFACE('',#1888,14.1972095242992);
#1888=AXIS2_PLACEMENT_3D('',#1889,#1890,#1891);
#1889=CARTESIAN_POINT('',(-6.51970741531358,31.1972095242992,0.));
#1890=DIRECTION('',(0.,0.,-1.));
#1891=DIRECTION('',(8.1884074010927E-10,-1.,0.));
#1892=FACE_BOUND('',#1893,.T.);
#1893=EDGE_LOOP('',(#5142,#5143,#5144,#5145,#5146,#5147,#5148));
#1894=PLANE('',#1895);
#1895=AXIS2_PLACEMENT_3D('',#1896,#1897,#1898);
#1896=CARTESIAN_POINT('',(-17.3954008565091,22.0714191229154,-7.));
#1897=DIRECTION('',(0.7660444431325,0.642787609670424,0.));
#1898=DIRECTION('',(-0.642787609670424,0.7660444431325,0.));
#1899=FACE_BOUND('',#1900,.T.);
#1900=EDGE_LOOP('',(#5149,#5150,#5151,#5152,#5153,#5154,#5155,#5156,#5157,#5158,
#5159,#5160,#5161,#5162));
#1901=FACE_OUTER_BOUND('',#1902,.T.);
#1902=EDGE_LOOP('',(#5163));
#1903=CYLINDRICAL_SURFACE('',#1904,6.1);
#1904=AXIS2_PLACEMENT_3D('',#1905,#1906,#1907);
#1905=CARTESIAN_POINT('',(-42.5,42.5,-7.));
#1906=DIRECTION('',(0.,0.,1.));
#1907=DIRECTION('',(0.7660444431325,0.642787609670425,0.));
#1908=FACE_BOUND('',#1909,.T.);
#1909=EDGE_LOOP('',(#5164,#5165,#5166,#5167));
#1910=B_SPLINE_SURFACE_WITH_KNOTS('',3,1,(
(#1911,#1912),
(#1913,#1914),
(#1915,#1916),
(#1917,#1918),
(#1919,#1920),
(#1921,#1922),
(#1923,#1924),
(#1925,#1926),
(#1927,#1928),
(#1929,#1930),
(#1931,#1932),
(#1933,#1934),
(#1935,#1936),
(#1937,#1938),
(#1939,#1940),
(#1941,#1942)),
.UNSPECIFIED.,.F.,.F.,.F.,
(4,1,1,1,1,1,1,1,1,1,1,1,1,4),
(2,2),
(5.14734920557242,7.92957959089969,9.16231000624447,10.3668394965555,11.5970969242892,
12.8552331485093,14.1289290349923,15.4114543397423,16.6922530813876,17.9702117130433,
19.2510593520708,20.5454059447968,21.8289362529144,23.5635533658435),
(0.,1.),
.UNSPECIFIED.);
#1911=CARTESIAN_POINT('',(-42.9930004851105,48.580045272996,0.578672694117699));
#1912=CARTESIAN_POINT('',(-43.8630465741277,47.3281998946334,0.578666618759757));
#1913=CARTESIAN_POINT('',(-42.9930322243426,48.5800096699652,0.67745740885397));
#1914=CARTESIAN_POINT('',(-43.863178144565,47.3280997627408,0.763487008299392));
#1915=CARTESIAN_POINT('',(-42.9708963215417,48.5819371221725,0.820117863635377));
#1916=CARTESIAN_POINT('',(-43.8282586326005,47.334899455841,1.03003687332424));
#1917=CARTESIAN_POINT('',(-42.9015709725457,48.5868567681385,0.994696563745442));
#1918=CARTESIAN_POINT('',(-43.721755501717,47.3530753120942,1.35601948867037));
#1919=CARTESIAN_POINT('',(-42.8360125164917,48.5908848974963,1.11063694232395));
#1920=CARTESIAN_POINT('',(-43.62248769622,47.3685696234356,1.5729463688227));
#1921=CARTESIAN_POINT('',(-42.7537113178435,48.5949477892077,1.21854112911347));
#1922=CARTESIAN_POINT('',(-43.4999328134992,47.385433182629,1.77627546193629));
#1923=CARTESIAN_POINT('',(-42.6540456411493,48.5983738313671,1.31700181896434));
#1924=CARTESIAN_POINT('',(-43.3541789856498,47.4021246044024,1.96500461865455));
#1925=CARTESIAN_POINT('',(-42.5381541457978,48.6002956402679,1.40294054128172));
#1926=CARTESIAN_POINT('',(-43.1876842571989,47.4166265688673,2.13549545959761));
#1927=CARTESIAN_POINT('',(-42.408535504677,48.599816568792,1.47338328562169));
#1928=CARTESIAN_POINT('',(-43.0044150068452,47.4269043645301,2.28439726335963));
#1929=CARTESIAN_POINT('',(-42.2681745560568,48.5961654428441,1.52638174584668));
#1930=CARTESIAN_POINT('',(-42.8083854065795,47.4312893557455,2.41007774611518));
#1931=CARTESIAN_POINT('',(-42.1201196727036,48.5887856311361,1.56101783505148));
#1932=CARTESIAN_POINT('',(-42.6031377922518,47.4286524286685,2.51229844417474));
#1933=CARTESIAN_POINT('',(-41.9666385190025,48.5773044468772,1.57716370551936));
#1934=CARTESIAN_POINT('',(-42.3906715067213,47.4183264377027,2.59192135410007));
#1935=CARTESIAN_POINT('',(-41.8108913139667,48.5616308730656,1.57493658441363));
#1936=CARTESIAN_POINT('',(-42.1738698062998,47.4000941115799,2.64940749810942));
#1937=CARTESIAN_POINT('',(-41.6374177291558,48.5396329341471,1.55275799619815));
#1938=CARTESIAN_POINT('',(-41.9290810281809,47.3711525976758,2.6900083782475));
#1939=CARTESIAN_POINT('',(-41.5188173886699,48.520950977403,1.52210690841557));
#1940=CARTESIAN_POINT('',(-41.757184132891,47.3444062099277,2.69999545831821));
#1941=CARTESIAN_POINT('',(-41.4524519699388,48.5093795956583,1.49999727321869));
#1942=CARTESIAN_POINT('',(-41.6585187404815,47.3272050709036,2.69999999995835));
#1943=FACE_BOUND('',#1944,.T.);
#1944=EDGE_LOOP('',(#5168,#5169,#5170,#5171));
#1945=CONICAL_SURFACE('',#1946,4.65,0.785398163397452);
#1946=AXIS2_PLACEMENT_3D('',#1947,#1948,#1949);
#1947=CARTESIAN_POINT('',(-42.5,42.5,-3.6));
#1948=DIRECTION('',(0.,0.,1.));
#1949=DIRECTION('',(0.208165985873194,0.978093514100488,0.));
#1950=FACE_BOUND('',#1951,.T.);
#1951=EDGE_LOOP('',(#5172,#5173,#5174,#5175,#5176));
#1952=PLANE('',#1953);
#1953=AXIS2_PLACEMENT_3D('',#1954,#1955,#1956);
#1954=CARTESIAN_POINT('',(-46.7553872054069,46.8705468458874,-3.3));
#1955=DIRECTION('',(-0.716483089489386,-0.697604459902418,0.));
#1956=DIRECTION('',(0.697604459902418,-0.716483089489386,0.));
#1957=FACE_BOUND('',#1958,.T.);
#1958=EDGE_LOOP('',(#5177,#5178,#5179,#5180));
#1959=PLANE('',#1960);
#1960=AXIS2_PLACEMENT_3D('',#1961,#1962,#1963);
#1961=CARTESIAN_POINT('',(-42.5,42.5,-8.));
#1962=DIRECTION('',(-0.962384728824731,-0.271690326888811,0.));
#1963=DIRECTION('',(0.271690326888811,-0.962384728824731,0.));
#1964=FACE_BOUND('',#1965,.T.);
#1965=EDGE_LOOP('',(#5181,#5182,#5183,#5184));
#1966=FACE_BOUND('',#1967,.T.);
#1967=EDGE_LOOP('',(#5185));
#1968=PLANE('',#1969);
#1969=AXIS2_PLACEMENT_3D('',#1970,#1971,#1972);
#1970=CARTESIAN_POINT('',(-35.7403031416757,-1.01991823721525E-14,-7.));
#1971=DIRECTION('',(0.,0.,1.));
#1972=DIRECTION('',(-1.2246444186196E-16,1.,0.));
#1973=FACE_BOUND('',#1974,.T.);
#1974=EDGE_LOOP('',(#5186,#5187,#5188,#5189));
#1975=PLANE('',#1976);
#1976=AXIS2_PLACEMENT_3D('',#1977,#1978,#1979);
#1977=CARTESIAN_POINT('',(-38.2446127945932,38.1294531541126,-8.));
#1978=DIRECTION('',(0.716483089489386,0.697604459902418,0.));
#1979=DIRECTION('',(-0.697604459902418,0.716483089489386,0.));
#1980=FACE_BOUND('',#1981,.T.);
#1981=EDGE_LOOP('',(#5190,#5191,#5192,#5193,#5194));
#1982=PLANE('',#1983);
#1983=AXIS2_PLACEMENT_3D('',#1984,#1985,#1986);
#1984=CARTESIAN_POINT('',(-42.5,42.5,-3.3));
#1985=DIRECTION('',(0.962384728824731,0.271690326888811,0.));
#1986=DIRECTION('',(-0.271690326888811,0.962384728824731,0.));
#1987=FACE_BOUND('',#1988,.T.);
#1988=EDGE_LOOP('',(#5195,#5196,#5197,#5198,#5199,#5200));
#1989=CYLINDRICAL_SURFACE('',#1990,6.1);
#1990=AXIS2_PLACEMENT_3D('',#1991,#1992,#1993);
#1991=CARTESIAN_POINT('',(-42.5,42.5,-8.));
#1992=DIRECTION('',(0.,0.,1.));
#1993=DIRECTION('',(0.271690326888812,-0.962384728824731,0.));
#1994=FACE_BOUND('',#1995,.T.);
#1995=EDGE_LOOP('',(#5201,#5202,#5203,#5204));
#1996=B_SPLINE_SURFACE_WITH_KNOTS('',3,1,(
(#1997,#1998),
(#1999,#2000),
(#2001,#2002),
(#2003,#2004),
(#2005,#2006),
(#2007,#2008),
(#2009,#2010),
(#2011,#2012),
(#2013,#2014),
(#2015,#2016),
(#2017,#2018),
(#2019,#2020),
(#2021,#2022),
(#2023,#2024),
(#2025,#2026),
(#2027,#2028)),
.UNSPECIFIED.,.F.,.F.,.F.,
(4,1,1,1,1,1,1,1,1,1,1,1,1,4),
(2,2),
(1.89732608472998,4.796825623737,6.07475846363736,7.30855562527182,8.53595364481279,
9.74919543846865,10.9568801438077,12.1625898792565,13.3816366039803,14.5920507411198,
15.7847759460439,16.9330742570206,17.9538165029445,19.4404469501767),
(0.,1.),
.UNSPECIFIED.);
#1997=CARTESIAN_POINT('',(-48.2280494129078,44.5974865728501,1.49999738007293));
#1998=CARTESIAN_POINT('',(-47.1012220421215,44.1848607408451,2.6999999999711));
#1999=CARTESIAN_POINT('',(-48.1874787277626,44.7084521261827,1.53881827360187));
#2000=CARTESIAN_POINT('',(-47.0409060619668,44.3497796991104,2.69994239213474));
#2001=CARTESIAN_POINT('',(-48.121520524708,44.8735200980836,1.57468736096823));
#2002=CARTESIAN_POINT('',(-46.9462058852556,44.5842653588534,2.67463932822926));
#2003=CARTESIAN_POINT('',(-48.026633574844,45.0835628729608,1.5769636131406));
#2004=CARTESIAN_POINT('',(-46.8095175283452,44.8738333286312,2.58879232172452));
#2005=CARTESIAN_POINT('',(-47.9584802153666,45.2244679494256,1.55934071608574));
#2006=CARTESIAN_POINT('',(-46.7101565564917,45.0659693588783,2.50625813891346));
#2007=CARTESIAN_POINT('',(-47.8905149179614,45.3564457247518,1.52320575131347));
#2008=CARTESIAN_POINT('',(-46.6091761638701,45.2450998590037,2.40189040275439));
#2009=CARTESIAN_POINT('',(-47.8238209638791,45.4787390861534,1.469053397903));
#2010=CARTESIAN_POINT('',(-46.5076626393453,45.4112365310533,2.27487190014521));
#2011=CARTESIAN_POINT('',(-47.7601465887148,45.5896229815482,1.3980661270301));
#2012=CARTESIAN_POINT('',(-46.408067882356,45.5626917649125,2.12560924343602));
#2013=CARTESIAN_POINT('',(-47.7008562863481,45.6882561653108,1.3113148771057));
#2014=CARTESIAN_POINT('',(-46.3126202782017,45.6986438000219,1.95395003039001));
#2015=CARTESIAN_POINT('',(-47.6476990529555,45.7732280914397,1.21058955651453));
#2016=CARTESIAN_POINT('',(-46.2245394745574,45.817134698508,1.76117948073926));
#2017=CARTESIAN_POINT('',(-47.6024209037673,45.8432209419376,1.09858409408688));
#2018=CARTESIAN_POINT('',(-46.1474442359632,45.9160208264696,1.55031757951425));
#2019=CARTESIAN_POINT('',(-47.5666410548688,45.8970789857404,0.979700263511677));
#2020=CARTESIAN_POINT('',(-46.0850642998065,45.9930637881089,1.32801445656664));
#2021=CARTESIAN_POINT('',(-47.5415383395571,45.9341360657926,0.860966254601458));
#2022=CARTESIAN_POINT('',(-46.0404778248227,46.0466417873989,1.1063094994256));
#2023=CARTESIAN_POINT('',(-47.5236005792304,45.9602950327224,0.727537599637695));
#2024=CARTESIAN_POINT('',(-46.0082256965788,46.0847349125899,0.857093858022688));
#2025=CARTESIAN_POINT('',(-47.5189711276138,45.966972883726,0.63408634765299));
#2026=CARTESIAN_POINT('',(-45.9998119445358,46.0945421047728,0.682266415873497));
#2027=CARTESIAN_POINT('',(-47.5189734198978,45.9669735808569,0.578672689857554));
#2028=CARTESIAN_POINT('',(-45.9998204760269,46.0945329071328,0.5786666230206));
#2029=FACE_BOUND('',#2030,.T.);
#2030=EDGE_LOOP('',(#5205,#5206,#5207,#5208,#5209,#5210));
#2031=PLANE('',#2032);
#2032=AXIS2_PLACEMENT_3D('',#2033,#2034,#2035);
#2033=CARTESIAN_POINT('',(-48.2321249868363,40.4136771258296,-7.));
#2034=DIRECTION('',(-0.939692620792839,-0.342020143306626,0.));
#2035=DIRECTION('',(0.342020143306626,-0.939692620792839,0.));
#2036=FACE_BOUND('',#2037,.T.);
#2037=EDGE_LOOP('',(#5211,#5212,#5213,#5214,#5215,#5216,#5217,#5218));
#2038=CYLINDRICAL_SURFACE('',#2039,34.553297811363);
#2039=AXIS2_PLACEMENT_3D('',#2040,#2041,#2042);
#2040=CARTESIAN_POINT('',(-70.2936009530387,-1.13947005856061E-14,0.));
#2041=DIRECTION('',(0.,0.,1.));
#2042=DIRECTION('',(0.967062165836583,-0.254540306056736,0.));
#2043=FACE_BOUND('',#2044,.T.);
#2044=EDGE_LOOP('',(#5219,#5220,#5221,#5222,#5223,#5224));
#2045=PLANE('',#2046);
#2046=AXIS2_PLACEMENT_3D('',#2047,#2048,#2049);
#2047=CARTESIAN_POINT('',(-48.2321249868363,-40.4136771258296,-7.));
#2048=DIRECTION('',(0.939692620792839,-0.342020143306626,0.));
#2049=DIRECTION('',(0.342020143306626,0.939692620792839,0.));
#2050=FACE_BOUND('',#2051,.T.);
#2051=EDGE_LOOP('',(#5225,#5226,#5227,#5228));
#2052=B_SPLINE_SURFACE_WITH_KNOTS('',3,1,(
(#2053,#2054),
(#2055,#2056),
(#2057,#2058),
(#2059,#2060),
(#2061,#2062),
(#2063,#2064),
(#2065,#2066),
(#2067,#2068),
(#2069,#2070),
(#2071,#2072),
(#2073,#2074),
(#2075,#2076),
(#2077,#2078),
(#2079,#2080),
(#2081,#2082),
(#2083,#2084)),
.UNSPECIFIED.,.F.,.F.,.F.,
(4,1,1,1,1,1,1,1,1,1,1,1,1,4),
(2,2),
(1.89732608472998,4.79682562369538,6.07475846358469,7.30855562521163,8.53595364474877,
9.74919543840753,10.956880143742,12.1625898791854,13.3816366038969,14.5920507410316,
15.7847759459462,16.9330742569202,17.9538165028548,19.4404469501767),
(0.,1.),
.UNSPECIFIED.);
#2053=CARTESIAN_POINT('',(-48.2280494129078,-44.5974865728502,1.49999738007293));
#2054=CARTESIAN_POINT('',(-47.1012220421215,-44.1848607408451,2.6999999999711));
#2055=CARTESIAN_POINT('',(-48.1874787277631,-44.7084521261811,1.53881827360131));
#2056=CARTESIAN_POINT('',(-47.0409060619677,-44.349779699108,2.69994239213474));
#2057=CARTESIAN_POINT('',(-48.1215205247095,-44.8735200980799,1.57468736096751));
#2058=CARTESIAN_POINT('',(-46.9462058852578,-44.5842653588482,2.67463932822994));
#2059=CARTESIAN_POINT('',(-48.0266335748467,-45.0835628729548,1.57696361314087));
#2060=CARTESIAN_POINT('',(-46.8095175283492,-44.8738333286231,2.58879232172738));
#2061=CARTESIAN_POINT('',(-47.9584802153698,-45.2244679494191,1.559340716087));
#2062=CARTESIAN_POINT('',(-46.7101565564964,-45.0659693588694,2.50625813891788));
#2063=CARTESIAN_POINT('',(-47.8905149179648,-45.3564457247454,1.52320575131576));
#2064=CARTESIAN_POINT('',(-46.6091761638753,-45.245099858995,2.40189040276024));
#2065=CARTESIAN_POINT('',(-47.8238209638826,-45.4787390861473,1.46905339790629));
#2066=CARTESIAN_POINT('',(-46.5076626393506,-45.4112365310449,2.27487190015246));
#2067=CARTESIAN_POINT('',(-47.7601465887181,-45.5896229815425,1.3980661270344));
#2068=CARTESIAN_POINT('',(-46.4080678823613,-45.5626917649046,2.12560924344475));
#2069=CARTESIAN_POINT('',(-47.7008562863516,-45.6882561653052,1.31131487711137));
#2070=CARTESIAN_POINT('',(-46.3126202782073,-45.6986438000141,1.95395003040102));
#2071=CARTESIAN_POINT('',(-47.6476990529588,-45.7732280914345,1.21058955652164));
#2072=CARTESIAN_POINT('',(-46.224539474563,-45.8171346985007,1.76117948075274));
#2073=CARTESIAN_POINT('',(-47.6024209037703,-45.8432209419329,1.09858409409555));
#2074=CARTESIAN_POINT('',(-46.1474442359685,-45.916020826463,1.55031757953052));
#2075=CARTESIAN_POINT('',(-47.5666410548714,-45.8970789857366,0.979700263521544));
#2076=CARTESIAN_POINT('',(-46.085064299811,-45.9930637881035,1.32801445658506));
#2077=CARTESIAN_POINT('',(-47.5415383395589,-45.93413606579,0.860966254611826));
#2078=CARTESIAN_POINT('',(-46.0404778248259,-46.0466417873951,1.10630949944496));
#2079=CARTESIAN_POINT('',(-47.5236005792308,-45.9602950327217,0.727537599644763));
#2080=CARTESIAN_POINT('',(-46.0082256965796,-46.0847349125889,0.857093858035929));
#2081=CARTESIAN_POINT('',(-47.5189711276138,-45.966972883726,0.634086347656348));
#2082=CARTESIAN_POINT('',(-45.9998119445357,-46.0945421047729,0.682266415879757));
#2083=CARTESIAN_POINT('',(-47.5189734198978,-45.9669735808569,0.578672689857554));
#2084=CARTESIAN_POINT('',(-45.9998204760268,-46.0945329071329,0.5786666230206));
#2085=FACE_BOUND('',#2086,.T.);
#2086=EDGE_LOOP('',(#5229,#5230,#5231,#5232,#5233,#5234,#5235,#5236,#5237,#5238,
#5239,#5240,#5241,#5242));
#2087=FACE_OUTER_BOUND('',#2088,.T.);
#2088=EDGE_LOOP('',(#5243));
#2089=CYLINDRICAL_SURFACE('',#2090,6.1);
#2090=AXIS2_PLACEMENT_3D('',#2091,#2092,#2093);
#2091=CARTESIAN_POINT('',(-42.5,-42.5,-7.));
#2092=DIRECTION('',(0.,0.,-1.));
#2093=DIRECTION('',(0.7660444431325,-0.642787609670424,0.));
#2094=FACE_BOUND('',#2095,.T.);
#2095=EDGE_LOOP('',(#5244,#5245,#5246,#5247,#5248));
#2096=PLANE('',#2097);
#2097=AXIS2_PLACEMENT_3D('',#2098,#2099,#2100);
#2098=CARTESIAN_POINT('',(-42.5,-42.5,-3.3));
#2099=DIRECTION('',(-0.962384728824731,0.271690326888811,0.));
#2100=DIRECTION('',(-0.271690326888811,-0.962384728824731,0.));
#2101=FACE_BOUND('',#2102,.T.);
#2102=EDGE_LOOP('',(#5249,#5250,#5251,#5252));
#2103=PLANE('',#2104);
#2104=AXIS2_PLACEMENT_3D('',#2105,#2106,#2107);
#2105=CARTESIAN_POINT('',(-38.2446127945931,-38.1294531541126,-8.));
#2106=DIRECTION('',(-0.716483089489386,0.697604459902418,0.));
#2107=DIRECTION('',(-0.697604459902418,-0.716483089489386,0.));
#2108=FACE_BOUND('',#2109,.T.);
#2109=EDGE_LOOP('',(#5253,#5254,#5255,#5256));
#2110=FACE_BOUND('',#2111,.T.);
#2111=EDGE_LOOP('',(#5257));
#2112=PLANE('',#2113);
#2113=AXIS2_PLACEMENT_3D('',#2114,#2115,#2116);
#2114=CARTESIAN_POINT('',(-35.7403031416757,-2.93158347267191E-15,-7.));
#2115=DIRECTION('',(0.,0.,-1.));
#2116=DIRECTION('',(2.44929359829471E-16,-1.,0.));
#2117=FACE_BOUND('',#2118,.T.);
#2118=EDGE_LOOP('',(#5258,#5259,#5260,#5261));
#2119=PLANE('',#2120);
#2120=AXIS2_PLACEMENT_3D('',#2121,#2122,#2123);
#2121=CARTESIAN_POINT('',(-42.5,-42.5,-8.));
#2122=DIRECTION('',(0.962384728824731,-0.271690326888811,0.));
#2123=DIRECTION('',(0.271690326888811,0.962384728824731,0.));
#2124=FACE_BOUND('',#2125,.T.);
#2125=EDGE_LOOP('',(#5262,#5263,#5264,#5265,#5266));
#2126=PLANE('',#2127);
#2127=AXIS2_PLACEMENT_3D('',#2128,#2129,#2130);
#2128=CARTESIAN_POINT('',(-46.7553872054068,-46.8705468458874,-3.3));
#2129=DIRECTION('',(0.716483089489386,-0.697604459902418,0.));
#2130=DIRECTION('',(0.697604459902418,0.716483089489386,0.));
#2131=FACE_BOUND('',#2132,.T.);
#2132=EDGE_LOOP('',(#5267,#5268,#5269,#5270));
#2133=CONICAL_SURFACE('',#2134,4.65,0.785398163397452);
#2134=AXIS2_PLACEMENT_3D('',#2135,#2136,#2137);
#2135=CARTESIAN_POINT('',(-42.5,-42.5,-3.6));
#2136=DIRECTION('',(0.,0.,1.));
#2137=DIRECTION('',(-0.208165985873194,0.978093514100488,0.));
#2138=FACE_BOUND('',#2139,.T.);
#2139=EDGE_LOOP('',(#5271,#5272,#5273,#5274,#5275,#5276));
#2140=CYLINDRICAL_SURFACE('',#2141,6.1);
#2141=AXIS2_PLACEMENT_3D('',#2142,#2143,#2144);
#2142=CARTESIAN_POINT('',(-42.5,-42.5,-8.));
#2143=DIRECTION('',(0.,0.,-1.));
#2144=DIRECTION('',(0.271690326888811,0.962384728824731,0.));
#2145=FACE_BOUND('',#2146,.T.);
#2146=EDGE_LOOP('',(#5277,#5278,#5279,#5280));
#2147=B_SPLINE_SURFACE_WITH_KNOTS('',3,1,(
(#2148,#2149),
(#2150,#2151),
(#2152,#2153),
(#2154,#2155),
(#2156,#2157),
(#2158,#2159),
(#2160,#2161),
(#2162,#2163),
(#2164,#2165),
(#2166,#2167),
(#2168,#2169),
(#2170,#2171),
(#2172,#2173),
(#2174,#2175),
(#2176,#2177),
(#2178,#2179)),
.UNSPECIFIED.,.F.,.F.,.F.,
(4,1,1,1,1,1,1,1,1,1,1,1,1,4),
(2,2),
(5.14734920557242,7.92957959086375,9.16231000620496,10.3668394965149,11.5970969242445,
12.8552331484576,14.1289290349312,15.4114543396786,16.6922530813192,17.97021171298,
19.2510593520021,20.5454059447303,21.8289362528476,23.5635533658435),
(0.,1.),
.UNSPECIFIED.);
#2148=CARTESIAN_POINT('',(-42.9930004851104,-48.580045272996,0.578672694117699));
#2149=CARTESIAN_POINT('',(-43.8630465741277,-47.3281998946334,0.578666618759757));
#2150=CARTESIAN_POINT('',(-42.9930322243426,-48.5800096699653,0.677457408852692));
#2151=CARTESIAN_POINT('',(-43.863178144565,-47.3280997627409,0.763487008296999));
#2152=CARTESIAN_POINT('',(-42.9708963215422,-48.5819371221724,0.820117863632691));
#2153=CARTESIAN_POINT('',(-43.8282586326012,-47.3348994558409,1.03003687331924));
#2154=CARTESIAN_POINT('',(-42.9015709725475,-48.5868567681384,0.994696563741657));
#2155=CARTESIAN_POINT('',(-43.7217555017198,-47.3530753120938,1.35601948866329));
#2156=CARTESIAN_POINT('',(-42.8360125164942,-48.5908848974962,1.11063694232013));
#2157=CARTESIAN_POINT('',(-43.6224876962238,-47.3685696234351,1.57294636881555));
#2158=CARTESIAN_POINT('',(-42.7537113178469,-48.5949477892076,1.21854112910965));
#2159=CARTESIAN_POINT('',(-43.4999328135042,-47.3854331826284,1.77627546192905));
#2160=CARTESIAN_POINT('',(-42.6540456411537,-48.598373831367,1.31700181896046));
#2161=CARTESIAN_POINT('',(-43.3541789856562,-47.4021246044017,1.96500461864703));
#2162=CARTESIAN_POINT('',(-42.5381541458034,-48.6002956402678,1.40294054127808));
#2163=CARTESIAN_POINT('',(-43.1876842572069,-47.4166265688667,2.1354954595902));
#2164=CARTESIAN_POINT('',(-42.4085355046838,-48.5998165687921,1.47338328561857));
#2165=CARTESIAN_POINT('',(-43.0044150068547,-47.4269043645298,2.28439726335269));
#2166=CARTESIAN_POINT('',(-42.2681745560641,-48.5961654428444,1.52638174584445));
#2167=CARTESIAN_POINT('',(-42.8083854065897,-47.4312893557455,2.41007774610939));
#2168=CARTESIAN_POINT('',(-42.1201196727115,-48.5887856311366,1.56101783505016));
#2169=CARTESIAN_POINT('',(-42.6031377922627,-47.4286524286689,2.51229844417));
#2170=CARTESIAN_POINT('',(-41.9666385190105,-48.5773044468779,1.577163705519));
#2171=CARTESIAN_POINT('',(-42.3906715067324,-47.4183264377034,2.59192135409654));
#2172=CARTESIAN_POINT('',(-41.8108913139749,-48.5616308730665,1.57493658441422));
#2173=CARTESIAN_POINT('',(-42.1738698063112,-47.4000941115811,2.64940749810698));
#2174=CARTESIAN_POINT('',(-41.6374177291611,-48.539632934148,1.55275799619938));
#2175=CARTESIAN_POINT('',(-41.9290810281885,-47.3711525976769,2.69000837824689));
#2176=CARTESIAN_POINT('',(-41.5188173886725,-48.5209509774034,1.52210690841643));
#2177=CARTESIAN_POINT('',(-41.7571841328948,-47.3444062099284,2.69999545831821));
#2178=CARTESIAN_POINT('',(-41.4524519699388,-48.5093795956584,1.49999727321869));
#2179=CARTESIAN_POINT('',(-41.6585187404815,-47.3272050709036,2.69999999995835));
#2180=FACE_BOUND('',#2181,.T.);
#2181=EDGE_LOOP('',(#5281,#5282,#5283,#5284,#5285,#5286,#5287));
#2182=PLANE('',#2183);
#2183=AXIS2_PLACEMENT_3D('',#2184,#2185,#2186);
#2184=CARTESIAN_POINT('',(-17.3954008565091,-22.0714191229154,-7.));
#2185=DIRECTION('',(-0.766044443132501,0.642787609670424,0.));
#2186=DIRECTION('',(-0.642787609670424,-0.766044443132501,0.));
#2187=FACE_BOUND('',#2188,.T.);
#2188=EDGE_LOOP('',(#5288,#5289,#5290,#5291,#5292));
#2189=CYLINDRICAL_SURFACE('',#2190,14.1972095242992);
#2190=AXIS2_PLACEMENT_3D('',#2191,#2192,#2193);
#2191=CARTESIAN_POINT('',(-6.51970741531356,-31.1972095242992,0.));
#2192=DIRECTION('',(0.,0.,1.));
#2193=DIRECTION('',(8.18840372715469E-10,1.,0.));
#2194=FACE_BOUND('',#2195,.T.);
#2195=EDGE_LOOP('',(#5293,#5294,#5295,#5296));
#2196=PLANE('',#2197);
#2197=AXIS2_PLACEMENT_3D('',#2198,#2199,#2200);
#2198=CARTESIAN_POINT('',(1.04094977927525E-15,-17.,0.));
#2199=DIRECTION('',(0.,-1.,0.));
#2200=DIRECTION('',(1.,0.,0.));
#2201=FACE_BOUND('',#2202,.T.);
#2202=EDGE_LOOP('',(#5297,#5298,#5299,#5300,#5301,#5302));
#2203=PLANE('',#2204);
#2204=AXIS2_PLACEMENT_3D('',#2205,#2206,#2207);
#2205=CARTESIAN_POINT('',(16.4,4.4,0.));
#2206=DIRECTION('',(-0.707106781186547,0.,0.707106781186548));
#2207=DIRECTION('',(0.,-1.,0.));
#2208=FACE_BOUND('',#2209,.T.);
#2209=EDGE_LOOP('',(#5303,#5304,#5305,#5306));
#2210=PLANE('',#2211);
#2211=AXIS2_PLACEMENT_3D('',#2212,#2213,#2214);
#2212=CARTESIAN_POINT('',(0.,0.,1.1));
#2213=DIRECTION('',(0.,0.,-1.));
#2214=DIRECTION('',(-1.,0.,0.));
#2215=FACE_BOUND('',#2216,.T.);
#2216=EDGE_LOOP('',(#5307,#5308,#5309,#5310));
#2217=PLANE('',#2218);
#2218=AXIS2_PLACEMENT_3D('',#2219,#2220,#2221);
#2219=CARTESIAN_POINT('',(19.1,2.4,1.7));
#2220=DIRECTION('',(0.707106781186545,1.88883303300303E-16,-0.70710678118655));
#2221=DIRECTION('',(2.6712132923312E-16,-1.,0.));
#2222=FACE_BOUND('',#2223,.T.);
#2223=EDGE_LOOP('',(#5311,#5312,#5313,#5314));
#2224=PLANE('',#2225);
#2225=AXIS2_PLACEMENT_3D('',#2226,#2227,#2228);
#2226=CARTESIAN_POINT('',(19.1,-8.49999999999999,2.7));
#2227=DIRECTION('',(-1.,-4.17966315153E-16,0.));
#2228=DIRECTION('',(-4.17966315153E-16,1.,0.));
#2229=FACE_BOUND('',#2230,.T.);
#2230=EDGE_LOOP('',(#5315,#5316,#5317,#5318));
#2231=PLANE('',#2232);
#2232=AXIS2_PLACEMENT_3D('',#2233,#2234,#2235);
#2233=CARTESIAN_POINT('',(34.0652606655566,-13.1857548948114,-1.));
#2234=DIRECTION('',(0.342013670512128,-0.939694976672123,0.));
#2235=DIRECTION('',(0.939694976672123,0.342013670512128,0.));
#2236=FACE_BOUND('',#2237,.T.);
#2237=EDGE_LOOP('',(#5319,#5320,#5321,#5322));
#2238=PLANE('',#2239);
#2239=AXIS2_PLACEMENT_3D('',#2240,#2241,#2242);
#2240=CARTESIAN_POINT('',(34.0652700883035,-13.1857807862698,-1.));
#2241=DIRECTION('',(-0.342020143306627,0.939692620792839,0.));
#2242=DIRECTION('',(0.,0.,1.));
#2243=FACE_BOUND('',#2244,.T.);
#2244=EDGE_LOOP('',(#5323,#5324,#5325,#5326,#5327,#5328));
#2245=PLANE('',#2246);
#2246=AXIS2_PLACEMENT_3D('',#2247,#2248,#2249);
#2247=CARTESIAN_POINT('',(0.,0.,0.));
#2248=DIRECTION('',(0.,0.,1.));
#2249=DIRECTION('',(6.12323399573677E-17,-1.,0.));
#2250=FACE_BOUND('',#2251,.T.);
#2251=EDGE_LOOP('',(#5329,#5330,#5331,#5332));
#2252=PLANE('',#2253);
#2253=AXIS2_PLACEMENT_3D('',#2254,#2255,#2256);
#2254=CARTESIAN_POINT('',(44.0615499014203,-32.3608344371811,-6.4));
#2255=DIRECTION('',(0.353553390580631,-0.6123724357031,0.707106781186543));
#2256=DIRECTION('',(-0.866025403794764,-0.499999999982116,2.44489392285134E-17));
#2257=FACE_BOUND('',#2258,.T.);
#2258=EDGE_LOOP('',(#5333,#5334,#5335,#5336));
#2259=CYLINDRICAL_SURFACE('',#2260,2.33358574029008);
#2260=AXIS2_PLACEMENT_3D('',#2261,#2262,#2263);
#2261=CARTESIAN_POINT('',(33.85011819787,-35.5618145691212,-19.));
#2262=DIRECTION('',(0.,0.,-1.));
#2263=DIRECTION('',(0.499999999982116,-0.866025403794764,0.));
#2264=FACE_BOUND('',#2265,.T.);
#2265=EDGE_LOOP('',(#5337,#5338,#5339,#5340));
#2266=CYLINDRICAL_SURFACE('',#2267,2.33358574029008);
#2267=AXIS2_PLACEMENT_3D('',#2268,#2269,#2270);
#2268=CARTESIAN_POINT('',(40.8162960622096,-31.5398899041137,12.));
#2269=DIRECTION('',(0.,0.,1.));
#2270=DIRECTION('',(0.499999999982116,-0.866025403794764,0.));
#2271=FACE_BOUND('',#2272,.T.);
#2272=EDGE_LOOP('',(#5341,#5342,#5343,#5344));
#2273=CYLINDRICAL_SURFACE('',#2274,2.33358574029008);
#2274=AXIS2_PLACEMENT_3D('',#2275,#2276,#2277);
#2275=CARTESIAN_POINT('',(40.8162960622096,31.5398899041137,12.));
#2276=DIRECTION('',(0.,0.,-1.));
#2277=DIRECTION('',(0.499999999982116,0.866025403794764,0.));
#2278=FACE_BOUND('',#2279,.T.);
#2279=EDGE_LOOP('',(#5345,#5346,#5347,#5348,#5349,#5350));
#2280=PLANE('',#2281);
#2281=AXIS2_PLACEMENT_3D('',#2282,#2283,#2284);
#2282=CARTESIAN_POINT('',(0.,0.,0.));
#2283=DIRECTION('',(0.,0.,-1.));
#2284=DIRECTION('',(1.83696781819328E-16,1.,0.));
#2285=FACE_BOUND('',#2286,.T.);
#2286=EDGE_LOOP('',(#5351,#5352,#5353,#5354));
#2287=CYLINDRICAL_SURFACE('',#2288,2.33358574029008);
#2288=AXIS2_PLACEMENT_3D('',#2289,#2290,#2291);
#2289=CARTESIAN_POINT('',(33.85011819787,35.5618145691212,-19.));
#2290=DIRECTION('',(0.,0.,1.));
#2291=DIRECTION('',(0.499999999982116,0.866025403794764,0.));
#2292=FACE_BOUND('',#2293,.T.);
#2293=EDGE_LOOP('',(#5355,#5356,#5357,#5358));
#2294=PLANE('',#2295);
#2295=AXIS2_PLACEMENT_3D('',#2296,#2297,#2298);
#2296=CARTESIAN_POINT('',(44.0615499014203,32.3608344371811,-6.4));
#2297=DIRECTION('',(-0.353553390580631,-0.6123724357031,-0.707106781186543));
#2298=DIRECTION('',(-0.866025403794764,0.499999999982116,2.44489392285134E-17));
#2299=FACE_BOUND('',#2300,.T.);
#2300=EDGE_LOOP('',(#5359,#5360,#5361,#5362));
#2301=PLANE('',#2302);
#2302=AXIS2_PLACEMENT_3D('',#2303,#2304,#2305);
#2303=CARTESIAN_POINT('',(34.0652700883035,13.1857807862698,-1.));
#2304=DIRECTION('',(0.342020143306627,0.939692620792839,0.));
#2305=DIRECTION('',(0.,0.,1.));
#2306=FACE_BOUND('',#2307,.T.);
#2307=EDGE_LOOP('',(#5363,#5364,#5365,#5366));
#2308=PLANE('',#2309);
#2309=AXIS2_PLACEMENT_3D('',#2310,#2311,#2312);
#2310=CARTESIAN_POINT('',(34.0652606655566,13.1857548948114,-1.));
#2311=DIRECTION('',(-0.342013670512128,-0.939694976672123,0.));
#2312=DIRECTION('',(0.939694976672123,-0.342013670512128,0.));
#2313=FACE_BOUND('',#2314,.T.);
#2314=EDGE_LOOP('',(#5367,#5368,#5369,#5370,#5371,#5372));
#2315=PLANE('',#2316);
#2316=AXIS2_PLACEMENT_3D('',#2317,#2318,#2319);
#2317=CARTESIAN_POINT('',(-16.4,4.4,0.));
#2318=DIRECTION('',(-0.707106781186547,-8.65956056235493E-17,-0.707106781186548));
#2319=DIRECTION('',(1.22464679914735E-16,-1.,0.));
#2320=FACE_BOUND('',#2321,.T.);
#2321=EDGE_LOOP('',(#5373,#5374,#5375,#5376));
#2322=PLANE('',#2323);
#2323=AXIS2_PLACEMENT_3D('',#2324,#2325,#2326);
#2324=CARTESIAN_POINT('',(0.,0.,1.1));
#2325=DIRECTION('',(0.,0.,1.));
#2326=DIRECTION('',(1.,1.22464679914735E-16,0.));
#2327=FACE_BOUND('',#2328,.T.);
#2328=EDGE_LOOP('',(#5377,#5378,#5379,#5380));
#2329=PLANE('',#2330);
#2330=AXIS2_PLACEMENT_3D('',#2331,#2332,#2333);
#2331=CARTESIAN_POINT('',(-19.1,2.4,1.7));
#2332=DIRECTION('',(0.707106781186545,-1.02287697676754E-16,0.70710678118655));
#2333=DIRECTION('',(-1.44656649318385E-16,-1.,0.));
#2334=FACE_BOUND('',#2335,.T.);
#2335=EDGE_LOOP('',(#5381,#5382,#5383,#5384));
#2336=PLANE('',#2337);
#2337=AXIS2_PLACEMENT_3D('',#2338,#2339,#2340);
#2338=CARTESIAN_POINT('',(-19.1,-8.5,2.7));
#2339=DIRECTION('',(-1.,2.95501635238265E-16,0.));
#2340=DIRECTION('',(2.95501635238265E-16,1.,0.));
#2341=FACE_BOUND('',#2342,.T.);
#2342=EDGE_LOOP('',(#5385,#5386,#5387,#5388));
#2343=CYLINDRICAL_SURFACE('',#2344,2.33358574029008);
#2344=AXIS2_PLACEMENT_3D('',#2345,#2346,#2347);
#2345=CARTESIAN_POINT('',(-40.8162960622096,-31.5398899041137,12.));
#2346=DIRECTION('',(0.,0.,-1.));
#2347=DIRECTION('',(-0.499999999982116,-0.866025403794764,0.));
#2348=FACE_BOUND('',#2349,.T.);
#2349=EDGE_LOOP('',(#5389,#5390,#5391,#5392,#5393,#5394));
#2350=PLANE('',#2351);
#2351=AXIS2_PLACEMENT_3D('',#2352,#2353,#2354);
#2352=CARTESIAN_POINT('',(0.,0.,0.));
#2353=DIRECTION('',(0.,0.,-1.));
#2354=DIRECTION('',(6.12323399573677E-17,-1.,0.));
#2355=FACE_BOUND('',#2356,.T.);
#2356=EDGE_LOOP('',(#5395,#5396,#5397,#5398));
#2357=CYLINDRICAL_SURFACE('',#2358,2.33358574029008);
#2358=AXIS2_PLACEMENT_3D('',#2359,#2360,#2361);
#2359=CARTESIAN_POINT('',(-33.85011819787,-35.5618145691212,-19.));
#2360=DIRECTION('',(0.,0.,1.));
#2361=DIRECTION('',(-0.499999999982115,-0.866025403794764,0.));
#2362=FACE_BOUND('',#2363,.T.);
#2363=EDGE_LOOP('',(#5399,#5400,#5401,#5402));
#2364=PLANE('',#2365);
#2365=AXIS2_PLACEMENT_3D('',#2366,#2367,#2368);
#2366=CARTESIAN_POINT('',(-44.0615499014203,-32.3608344371811,-6.4));
#2367=DIRECTION('',(0.353553390580631,0.6123724357031,-0.707106781186543));
#2368=DIRECTION('',(0.866025403794764,-0.499999999982116,2.44489392285134E-17));
#2369=FACE_BOUND('',#2370,.T.);
#2370=EDGE_LOOP('',(#5403,#5404,#5405,#5406));
#2371=PLANE('',#2372);
#2372=AXIS2_PLACEMENT_3D('',#2373,#2374,#2375);
#2373=CARTESIAN_POINT('',(-34.0652700883035,-13.1857807862698,-1.));
#2374=DIRECTION('',(-0.342020143306627,-0.939692620792839,0.));
#2375=DIRECTION('',(0.,0.,1.));
#2376=FACE_BOUND('',#2377,.T.);
#2377=EDGE_LOOP('',(#5407,#5408,#5409,#5410));
#2378=PLANE('',#2379);
#2379=AXIS2_PLACEMENT_3D('',#2380,#2381,#2382);
#2380=CARTESIAN_POINT('',(-34.0652606655566,-13.1857548948114,-1.));
#2381=DIRECTION('',(0.342013670512128,0.939694976672123,0.));
#2382=DIRECTION('',(-0.939694976672123,0.342013670512128,0.));
#2383=FACE_BOUND('',#2384,.T.);
#2384=EDGE_LOOP('',(#5411,#5412,#5413,#5414));
#2385=PLANE('',#2386);
#2386=AXIS2_PLACEMENT_3D('',#2387,#2388,#2389);
#2387=CARTESIAN_POINT('',(-34.0652606655566,13.1857548948114,-1.));
#2388=DIRECTION('',(-0.342013670512128,0.939694976672123,0.));
#2389=DIRECTION('',(-0.939694976672123,-0.342013670512128,0.));
#2390=FACE_BOUND('',#2391,.T.);
#2391=EDGE_LOOP('',(#5415,#5416,#5417,#5418));
#2392=PLANE('',#2393);
#2393=AXIS2_PLACEMENT_3D('',#2394,#2395,#2396);
#2394=CARTESIAN_POINT('',(-34.0652700883035,13.1857807862698,-1.));
#2395=DIRECTION('',(0.342020143306627,-0.939692620792839,0.));
#2396=DIRECTION('',(0.,0.,1.));
#2397=FACE_BOUND('',#2398,.T.);
#2398=EDGE_LOOP('',(#5419,#5420,#5421,#5422,#5423,#5424));
#2399=PLANE('',#2400);
#2400=AXIS2_PLACEMENT_3D('',#2401,#2402,#2403);
#2401=CARTESIAN_POINT('',(0.,0.,0.));
#2402=DIRECTION('',(0.,0.,1.));
#2403=DIRECTION('',(-3.06161461734063E-16,1.,0.));
#2404=FACE_BOUND('',#2405,.T.);
#2405=EDGE_LOOP('',(#5425,#5426,#5427,#5428));
#2406=PLANE('',#2407);
#2407=AXIS2_PLACEMENT_3D('',#2408,#2409,#2410);
#2408=CARTESIAN_POINT('',(-44.0615499014203,32.360834437181,-6.4));
#2409=DIRECTION('',(-0.353553390580631,0.6123724357031,0.707106781186543));
#2410=DIRECTION('',(0.866025403794764,0.499999999982116,2.44489392285134E-17));
#2411=FACE_BOUND('',#2412,.T.);
#2412=EDGE_LOOP('',(#5429,#5430,#5431,#5432));
#2413=CYLINDRICAL_SURFACE('',#2414,2.33358574029008);
#2414=AXIS2_PLACEMENT_3D('',#2415,#2416,#2417);
#2415=CARTESIAN_POINT('',(-33.85011819787,35.5618145691212,-19.));
#2416=DIRECTION('',(0.,0.,-1.));
#2417=DIRECTION('',(-0.499999999982116,0.866025403794764,0.));
#2418=FACE_BOUND('',#2419,.T.);
#2419=EDGE_LOOP('',(#5433,#5434,#5435,#5436));
#2420=CYLINDRICAL_SURFACE('',#2421,2.33358574029008);
#2421=AXIS2_PLACEMENT_3D('',#2422,#2423,#2424);
#2422=CARTESIAN_POINT('',(-40.8162960622096,31.5398899041137,12.));
#2423=DIRECTION('',(0.,0.,1.));
#2424=DIRECTION('',(-0.499999999982116,0.866025403794764,0.));
#2425=FACE_BOUND('',#2426,.T.);
#2426=EDGE_LOOP('',(#5437,#5438,#5439,#5440,#5441,#5442,#5443));
#2427=PLANE('',#2428);
#2428=AXIS2_PLACEMENT_3D('',#2429,#2430,#2431);
#2429=CARTESIAN_POINT('',(-39.0528000059037,-45.3925442435169,-7.));
#2430=DIRECTION('',(0.766044443132501,-0.642787609670424,0.));
#2431=DIRECTION('',(0.642787609670424,0.766044443132501,0.));
#2432=FACE_BOUND('',#2433,.T.);
#2433=EDGE_LOOP('',(#5444,#5445,#5446,#5447,#5448,#5449,#5450,#5451));
#2434=CYLINDRICAL_SURFACE('',#2435,36.153297811363);
#2435=AXIS2_PLACEMENT_3D('',#2436,#2437,#2438);
#2436=CARTESIAN_POINT('',(-70.2936009530387,-1.13947005856061E-14,-7.));
#2437=DIRECTION('',(0.,0.,-1.));
#2438=DIRECTION('',(1.,2.44929359829471E-16,0.));
#2439=FACE_BOUND('',#2440,.T.);
#2440=EDGE_LOOP('',(#5452,#5453,#5454,#5455,#5456,#5457,#5458));
#2441=PLANE('',#2442);
#2442=AXIS2_PLACEMENT_3D('',#2443,#2444,#2445);
#2443=CARTESIAN_POINT('',(-39.0528000059038,45.3925442435169,-7.));
#2444=DIRECTION('',(-0.7660444431325,-0.642787609670424,0.));
#2445=DIRECTION('',(0.642787609670424,-0.7660444431325,0.));
#2446=FACE_BOUND('',#2447,.T.);
#2447=EDGE_LOOP('',(#5459,#5460,#5461,#5462,#5463,#5464,#5465));
#2448=PLANE('',#2449);
#2449=AXIS2_PLACEMENT_3D('',#2450,#2451,#2452);
#2450=CARTESIAN_POINT('',(39.0528000059038,45.3925442435169,-7.));
#2451=DIRECTION('',(-0.7660444431325,0.642787609670424,0.));
#2452=DIRECTION('',(-0.642787609670424,-0.7660444431325,0.));
#2453=FACE_BOUND('',#2454,.T.);
#2454=EDGE_LOOP('',(#5466,#5467,#5468,#5469,#5470,#5471,#5472,#5473));
#2455=CYLINDRICAL_SURFACE('',#2456,36.153297811363);
#2456=AXIS2_PLACEMENT_3D('',#2457,#2458,#2459);
#2457=CARTESIAN_POINT('',(70.2936009530387,-2.78621724483807E-15,-7.));
#2458=DIRECTION('',(0.,0.,1.));
#2459=DIRECTION('',(-1.,1.22464679914735E-16,0.));
#2460=FACE_BOUND('',#2461,.T.);
#2461=EDGE_LOOP('',(#5474,#5475,#5476,#5477,#5478,#5479,#5480));
#2462=PLANE('',#2463);
#2463=AXIS2_PLACEMENT_3D('',#2464,#2465,#2466);
#2464=CARTESIAN_POINT('',(39.0528000059037,-45.3925442435169,-7.));
#2465=DIRECTION('',(0.7660444431325,0.642787609670424,0.));
#2466=DIRECTION('',(-0.642787609670424,0.7660444431325,0.));
#2467=FACE_BOUND('',#2468,.T.);
#2468=EDGE_LOOP('',(#5481,#5482,#5483,#5484));
#2469=B_SPLINE_SURFACE_WITH_KNOTS('',3,1,(
(#2470,#2471),
(#2472,#2473),
(#2474,#2475),
(#2476,#2477)),
.UNSPECIFIED.,.F.,.F.,.F.,
(4,4),
(2,2),
(0.979561355353577,3.20273509673523),
(0.,1.),
.UNSPECIFIED.);
#2470=CARTESIAN_POINT('',(-18.621096413341,21.042988083291,-2.47958316535312));
#2471=CARTESIAN_POINT('',(-18.1208861337099,21.3802943960952,-3.07625347219169));
#2472=CARTESIAN_POINT('',(-18.2846956682355,20.6420941325094,-2.44254460098432));
#2473=CARTESIAN_POINT('',(-17.7986021841326,21.0232355881425,-3.02537444946944));
#2474=CARTESIAN_POINT('',(-17.928566829729,20.2580659893243,-2.38999465738309));
#2475=CARTESIAN_POINT('',(-17.4826891249367,20.6561685440437,-2.99996193216446));
#2476=CARTESIAN_POINT('',(-17.552991151158,19.8915260527456,-2.40000022106459));
#2477=CARTESIAN_POINT('',(-17.1339284386913,20.320928670652,-3.00000000000746));
#2478=FACE_BOUND('',#2479,.T.);
#2479=EDGE_LOOP('',(#5485,#5486,#5487,#5488));
#2480=CONICAL_SURFACE('',#2481,15.4972095242992,0.78539816339745);
#2481=AXIS2_PLACEMENT_3D('',#2482,#2483,#2484);
#2482=CARTESIAN_POINT('',(-6.51970741531357,31.1972095242992,-2.7));
#2483=DIRECTION('',(0.,0.,1.));
#2484=DIRECTION('',(-0.755198412915843,-0.655496267822626,0.));
#2485=FACE_BOUND('',#2486,.T.);
#2486=EDGE_LOOP('',(#5489,#5490,#5491,#5492));
#2487=CONICAL_SURFACE('',#2488,15.4972095242992,0.78539816339745);
#2488=AXIS2_PLACEMENT_3D('',#2489,#2490,#2491);
#2489=CARTESIAN_POINT('',(6.51970741531357,31.1972095242992,-2.7));
#2490=DIRECTION('',(0.,0.,1.));
#2491=DIRECTION('',(-0.755198412915843,0.655496267822626,0.));
#2492=FACE_BOUND('',#2493,.T.);
#2493=EDGE_LOOP('',(#5493,#5494,#5495,#5496,#5497,#5498,#5499,#5500));
#2494=PLANE('',#2495);
#2495=AXIS2_PLACEMENT_3D('',#2496,#2497,#2498);
#2496=CARTESIAN_POINT('',(2.82893044001765E-15,15.4,-3.));
#2497=DIRECTION('',(0.,0.,-1.));
#2498=DIRECTION('',(1.83696781819328E-16,1.,0.));
#2499=FACE_BOUND('',#2500,.T.);
#2500=EDGE_LOOP('',(#5501,#5502,#5503,#5504));
#2501=B_SPLINE_SURFACE_WITH_KNOTS('',3,1,(
(#2502,#2503),
(#2504,#2505),
(#2506,#2507),
(#2508,#2509)),
.UNSPECIFIED.,.F.,.F.,.F.,
(4,4),
(2,2),
(0.979561355353577,3.20273509673523),
(0.,1.),
.UNSPECIFIED.);
#2502=CARTESIAN_POINT('',(18.621096413341,21.042988083291,-2.47958316535312));
#2503=CARTESIAN_POINT('',(18.1208861337099,21.3802943960952,-3.07625347219169));
#2504=CARTESIAN_POINT('',(18.2846956682355,20.6420941325094,-2.44254460098432));
#2505=CARTESIAN_POINT('',(17.7986021841326,21.0232355881425,-3.02537444946944));
#2506=CARTESIAN_POINT('',(17.928566829729,20.2580659893243,-2.38999465738309));
#2507=CARTESIAN_POINT('',(17.4826891249367,20.6561685440437,-2.99996193216446));
#2508=CARTESIAN_POINT('',(17.552991151158,19.8915260527456,-2.40000022106459));
#2509=CARTESIAN_POINT('',(17.1339284386913,20.320928670652,-3.00000000000746));
#2510=FACE_BOUND('',#2511,.T.);
#2511=EDGE_LOOP('',(#5505,#5506,#5507,#5508));
#2512=B_SPLINE_SURFACE_WITH_KNOTS('',3,1,(
(#2513,#2514),
(#2515,#2516),
(#2517,#2518),
(#2519,#2520)),
.UNSPECIFIED.,.F.,.F.,.F.,
(4,4),
(2,2),
(0.979561355353577,3.20273509673523),
(0.,1.),
.UNSPECIFIED.);
#2513=CARTESIAN_POINT('',(18.621096413341,-21.042988083291,-2.47958316535312));
#2514=CARTESIAN_POINT('',(18.1208861337099,-21.3802943960952,-3.07625347219169));
#2515=CARTESIAN_POINT('',(18.2846956682355,-20.6420941325094,-2.44254460098432));
#2516=CARTESIAN_POINT('',(17.7986021841326,-21.0232355881425,-3.02537444946944));
#2517=CARTESIAN_POINT('',(17.928566829729,-20.2580659893243,-2.38999465738309));
#2518=CARTESIAN_POINT('',(17.4826891249367,-20.6561685440437,-2.99996193216446));
#2519=CARTESIAN_POINT('',(17.552991151158,-19.8915260527456,-2.40000022106459));
#2520=CARTESIAN_POINT('',(17.1339284386912,-20.320928670652,-3.00000000000746));
#2521=FACE_BOUND('',#2522,.T.);
#2522=EDGE_LOOP('',(#5509,#5510,#5511,#5512));
#2523=CONICAL_SURFACE('',#2524,15.4972095242992,0.78539816339745);
#2524=AXIS2_PLACEMENT_3D('',#2525,#2526,#2527);
#2525=CARTESIAN_POINT('',(6.51970741531357,-31.1972095242992,-2.7));
#2526=DIRECTION('',(0.,0.,1.));
#2527=DIRECTION('',(0.755198412915844,0.655496267822626,0.));
#2528=FACE_BOUND('',#2529,.T.);
#2529=EDGE_LOOP('',(#5513,#5514,#5515,#5516,#5517,#5518,#5519,#5520));
#2530=PLANE('',#2531);
#2531=AXIS2_PLACEMENT_3D('',#2532,#2533,#2534);
#2532=CARTESIAN_POINT('',(9.42978035343462E-16,-15.4,-3.));
#2533=DIRECTION('',(0.,0.,1.));
#2534=DIRECTION('',(6.12323399573677E-17,-1.,0.));
#2535=FACE_BOUND('',#2536,.T.);
#2536=EDGE_LOOP('',(#5521,#5522,#5523,#5524));
#2537=CONICAL_SURFACE('',#2538,15.4972095242992,0.78539816339745);
#2538=AXIS2_PLACEMENT_3D('',#2539,#2540,#2541);
#2539=CARTESIAN_POINT('',(-6.51970741531356,-31.1972095242992,-2.7));
#2540=DIRECTION('',(0.,0.,1.));
#2541=DIRECTION('',(0.755198412915844,-0.655496267822626,0.));
#2542=FACE_BOUND('',#2543,.T.);
#2543=EDGE_LOOP('',(#5525,#5526,#5527,#5528));
#2544=B_SPLINE_SURFACE_WITH_KNOTS('',3,1,(
(#2545,#2546),
(#2547,#2548),
(#2549,#2550),
(#2551,#2552)),
.UNSPECIFIED.,.F.,.F.,.F.,
(4,4),
(2,2),
(0.979561355353577,3.20273509673523),
(0.,1.),
.UNSPECIFIED.);
#2545=CARTESIAN_POINT('',(-18.621096413341,-21.042988083291,-2.47958316535312));
#2546=CARTESIAN_POINT('',(-18.1208861337099,-21.3802943960952,-3.07625347219169));
#2547=CARTESIAN_POINT('',(-18.2846956682355,-20.6420941325094,-2.44254460098432));
#2548=CARTESIAN_POINT('',(-17.7986021841326,-21.0232355881425,-3.02537444946944));
#2549=CARTESIAN_POINT('',(-17.928566829729,-20.2580659893243,-2.38999465738309));
#2550=CARTESIAN_POINT('',(-17.4826891249367,-20.6561685440437,-2.99996193216446));
#2551=CARTESIAN_POINT('',(-17.552991151158,-19.8915260527456,-2.40000022106459));
#2552=CARTESIAN_POINT('',(-17.1339284386912,-20.320928670652,-3.00000000000746));
#2553=FACE_BOUND('',#2554,.T.);
#2554=EDGE_LOOP('',(#5529,#5530,#5531,#5532,#5533,#5534));
#2555=CYLINDRICAL_SURFACE('',#2556,13.7467409821416);
#2556=AXIS2_PLACEMENT_3D('',#2557,#2558,#2559);
#2557=CARTESIAN_POINT('',(26.2307965284823,-12.6877686770822,-16.7467409821416));
#2558=DIRECTION('',(-0.766044442047136,-0.642787610963911,0.));
#2559=DIRECTION('',(0.139440210726563,-0.166178371522724,0.976187060183952));
#2560=FACE_BOUND('',#2561,.T.);
#2561=EDGE_LOOP('',(#5535,#5536,#5537,#5538));
#2562=PLANE('',#2563);
#2563=AXIS2_PLACEMENT_3D('',#2564,#2565,#2566);
#2564=CARTESIAN_POINT('',(20.3858801029315,-43.0594403225596,-7.));
#2565=DIRECTION('',(0.139440210726561,-0.166178371522723,0.976187060183953));
#2566=DIRECTION('',(0.766044442047137,0.64278761096391,1.80630891759561E-17));
#2567=FACE_BOUND('',#2568,.T.);
#2568=EDGE_LOOP('',(#5539,#5540,#5541,#5542));
#2569=CYLINDRICAL_SURFACE('',#2570,13.7467409821416);
#2570=AXIS2_PLACEMENT_3D('',#2571,#2572,#2573);
#2571=CARTESIAN_POINT('',(21.3558532747276,-44.2154093601663,6.74674098214159));
#2572=DIRECTION('',(-0.766044442047136,-0.642787610963911,0.));
#2573=DIRECTION('',(-0.139440210726563,0.166178371522724,-0.976187060183952));
#2574=FACE_BOUND('',#2575,.T.);
#2575=EDGE_LOOP('',(#5543,#5544,#5545,#5546,#5547,#5548,#5549,#5550,#5551,#5552,
#5553,#5554));
#2576=PLANE('',#2577);
#2577=AXIS2_PLACEMENT_3D('',#2578,#2579,#2580);
#2578=CARTESIAN_POINT('',(35.7403031416757,1.44534131162901E-15,-7.));
#2579=DIRECTION('',(0.,0.,1.));
#2580=DIRECTION('',(-1.22464679914735E-16,-1.,0.));
#2581=FACE_BOUND('',#2582,.T.);
#2582=EDGE_LOOP('',(#5555,#5556,#5557,#5558));
#2583=CONICAL_SURFACE('',#2584,5.8,0.785398163397444);
#2584=AXIS2_PLACEMENT_3D('',#2585,#2586,#2587);
#2585=CARTESIAN_POINT('',(42.5,-42.5,-3.6));
#2586=DIRECTION('',(0.,0.,-1.));
#2587=DIRECTION('',(0.348017559809305,0.937488014891058,0.));
#2588=FACE_BOUND('',#2589,.T.);
#2589=EDGE_LOOP('',(#5559,#5560,#5561,#5562,#5563));
#2590=PLANE('',#2591);
#2591=AXIS2_PLACEMENT_3D('',#2592,#2593,#2594);
#2592=CARTESIAN_POINT('',(42.993000485449,-48.5800452729685,-8.1));
#2593=DIRECTION('',(-0.821152010957321,0.570709536367448,0.));
#2594=DIRECTION('',(0.,0.,1.));
#2595=FACE_OUTER_BOUND('',#2596,.T.);
#2596=EDGE_LOOP('',(#5564));
#2597=FACE_OUTER_BOUND('',#2598,.T.);
#2598=EDGE_LOOP('',(#5565));
#2599=CONICAL_SURFACE('',#2600,5.8,0.785398163397446);
#2600=AXIS2_PLACEMENT_3D('',#2601,#2602,#2603);
#2601=CARTESIAN_POINT('',(42.5,-42.5,-7.7));
#2602=DIRECTION('',(0.,0.,1.));
#2603=DIRECTION('',(-0.7660444431325,-0.642787609670425,0.));
#2604=FACE_BOUND('',#2605,.T.);
#2605=EDGE_LOOP('',(#5566,#5567,#5568,#5569,#5570));
#2606=PLANE('',#2607);
#2607=AXIS2_PLACEMENT_3D('',#2608,#2609,#2610);
#2608=CARTESIAN_POINT('',(47.5189734196826,-45.9669735811684,-8.1));
#2609=DIRECTION('',(0.0836729511564284,-0.996493270044898,0.));
#2610=DIRECTION('',(0.,0.,1.));
#2611=FACE_BOUND('',#2612,.T.);
#2612=EDGE_LOOP('',(#5571,#5572,#5573,#5574,#5575,#5576));
#2613=PLANE('',#2614);
#2614=AXIS2_PLACEMENT_3D('',#2615,#2616,#2617);
#2615=CARTESIAN_POINT('',(0.,0.,-3.3));
#2616=DIRECTION('',(0.,0.,1.));
#2617=DIRECTION('',(1.,0.,0.));
#2618=FACE_OUTER_BOUND('',#2619,.T.);
#2619=EDGE_LOOP('',(#5577));
#2620=FACE_OUTER_BOUND('',#2621,.T.);
#2621=EDGE_LOOP('',(#5578));
#2622=CONICAL_SURFACE('',#2623,3.85,0.78539816339745);
#2623=AXIS2_PLACEMENT_3D('',#2624,#2625,#2626);
#2624=CARTESIAN_POINT('',(42.5,-42.5,-7.3));
#2625=DIRECTION('',(0.,0.,1.));
#2626=DIRECTION('',(0.,1.,0.));
#2627=FACE_BOUND('',#2628,.T.);
#2628=EDGE_LOOP('',(#5579,#5580,#5581,#5582));
#2629=CYLINDRICAL_SURFACE('',#2630,13.7467409821416);
#2630=AXIS2_PLACEMENT_3D('',#2631,#2632,#2633);
#2631=CARTESIAN_POINT('',(30.8732700316006,-30.5493013122675,6.74674098214162));
#2632=DIRECTION('',(-0.967062165836583,-0.254540306056736,0.));
#2633=DIRECTION('',(-0.0552175451261884,0.20978523837403,-0.976187060183953));
#2634=FACE_BOUND('',#2635,.T.);
#2635=EDGE_LOOP('',(#5583,#5584,#5585,#5586,#5587,#5588));
#2636=PLANE('',#2637);
#2637=AXIS2_PLACEMENT_3D('',#2638,#2639,#2640);
#2638=CARTESIAN_POINT('',(29.0817437210986,-29.4604419027586,-7.));
#2639=DIRECTION('',(0.0552175451261888,-0.209785238374031,0.976187060183953));
#2640=DIRECTION('',(0.967062165836583,0.254540306056737,0.));
#2641=FACE_BOUND('',#2642,.T.);
#2642=EDGE_LOOP('',(#5589,#5590,#5591,#5592));
#2643=CYLINDRICAL_SURFACE('',#2644,13.7467409821416);
#2644=AXIS2_PLACEMENT_3D('',#2645,#2646,#2647);
#2645=CARTESIAN_POINT('',(47.3254062245639,-4.48504871221952,-16.7467409821416));
#2646=DIRECTION('',(-0.967062165836583,-0.254540306056736,0.));
#2647=DIRECTION('',(0.0552175451261884,-0.209785238374031,0.976187060183953));
#2648=FACE_BOUND('',#2649,.T.);
#2649=EDGE_LOOP('',(#5593,#5594,#5595,#5596));
#2650=PLANE('',#2651);
#2651=AXIS2_PLACEMENT_3D('',#2652,#2653,#2654);
#2652=CARTESIAN_POINT('',(70.2936009530387,-2.78621724483807E-15,-3.));
#2653=DIRECTION('',(0.,0.,1.));
#2654=DIRECTION('',(-1.,1.22464679914735E-16,0.));
#2655=FACE_BOUND('',#2656,.T.);
#2656=EDGE_LOOP('',(#5597,#5598,#5599,#5600));
#2657=CYLINDRICAL_SURFACE('',#2658,13.7467409821416);
#2658=AXIS2_PLACEMENT_3D('',#2659,#2660,#2661);
#2659=CARTESIAN_POINT('',(47.3254062245639,4.48504871221951,-16.7467409821416));
#2660=DIRECTION('',(0.967062165836583,-0.254540306056736,0.));
#2661=DIRECTION('',(0.0552175451261884,0.209785238374031,0.976187060183953));
#2662=FACE_BOUND('',#2663,.T.);
#2663=EDGE_LOOP('',(#5601,#5602,#5603,#5604,#5605,#5606));
#2664=PLANE('',#2665);
#2665=AXIS2_PLACEMENT_3D('',#2666,#2667,#2668);
#2666=CARTESIAN_POINT('',(29.0817437210986,29.4604419027586,-7.));
#2667=DIRECTION('',(-0.0552175451261888,-0.209785238374031,-0.976187060183953));
#2668=DIRECTION('',(0.967062165836583,-0.254540306056737,0.));
#2669=FACE_BOUND('',#2670,.T.);
#2670=EDGE_LOOP('',(#5607,#5608,#5609,#5610));
#2671=CYLINDRICAL_SURFACE('',#2672,13.7467409821416);
#2672=AXIS2_PLACEMENT_3D('',#2673,#2674,#2675);
#2673=CARTESIAN_POINT('',(30.8732700316006,30.5493013122675,6.74674098214162));
#2674=DIRECTION('',(0.967062165836583,-0.254540306056736,0.));
#2675=DIRECTION('',(-0.0552175451261884,-0.20978523837403,-0.976187060183953));
#2676=FACE_BOUND('',#2677,.T.);
#2677=EDGE_LOOP('',(#5611,#5612,#5613,#5614,#5615,#5616,#5617,#5618,#5619,#5620,
#5621,#5622));
#2678=PLANE('',#2679);
#2679=AXIS2_PLACEMENT_3D('',#2680,#2681,#2682);
#2680=CARTESIAN_POINT('',(35.7403031416757,-5.82225758785159E-15,-7.));
#2681=DIRECTION('',(0.,0.,-1.));
#2682=DIRECTION('',(-2.38052775156001E-22,1.,0.));
#2683=FACE_BOUND('',#2684,.T.);
#2684=EDGE_LOOP('',(#5623,#5624,#5625,#5626,#5627));
#2685=PLANE('',#2686);
#2686=AXIS2_PLACEMENT_3D('',#2687,#2688,#2689);
#2687=CARTESIAN_POINT('',(47.5189734196826,45.9669735811684,-8.1));
#2688=DIRECTION('',(-0.0836729511564285,-0.996493270044898,0.));
#2689=DIRECTION('',(0.,0.,1.));
#2690=FACE_OUTER_BOUND('',#2691,.T.);
#2691=EDGE_LOOP('',(#5628));
#2692=FACE_OUTER_BOUND('',#2693,.T.);
#2693=EDGE_LOOP('',(#5629));
#2694=CONICAL_SURFACE('',#2695,5.8,0.785398163397446);
#2695=AXIS2_PLACEMENT_3D('',#2696,#2697,#2698);
#2696=CARTESIAN_POINT('',(42.5,42.5,-7.7));
#2697=DIRECTION('',(0.,0.,1.));
#2698=DIRECTION('',(0.7660444431325,-0.642787609670425,0.));
#2699=FACE_BOUND('',#2700,.T.);
#2700=EDGE_LOOP('',(#5630,#5631,#5632,#5633,#5634));
#2701=PLANE('',#2702);
#2702=AXIS2_PLACEMENT_3D('',#2703,#2704,#2705);
#2703=CARTESIAN_POINT('',(42.993000485449,48.5800452729685,-8.1));
#2704=DIRECTION('',(0.821152010957322,0.570709536367448,0.));
#2705=DIRECTION('',(0.,0.,1.));
#2706=FACE_BOUND('',#2707,.T.);
#2707=EDGE_LOOP('',(#5635,#5636,#5637,#5638));
#2708=CONICAL_SURFACE('',#2709,5.8,0.785398163397444);
#2709=AXIS2_PLACEMENT_3D('',#2710,#2711,#2712);
#2710=CARTESIAN_POINT('',(42.5,42.5,-3.6));
#2711=DIRECTION('',(0.,0.,-1.));
#2712=DIRECTION('',(-0.348017559809305,0.937488014891058,0.));
#2713=FACE_BOUND('',#2714,.T.);
#2714=EDGE_LOOP('',(#5639,#5640,#5641,#5642,#5643,#5644));
#2715=PLANE('',#2716);
#2716=AXIS2_PLACEMENT_3D('',#2717,#2718,#2719);
#2717=CARTESIAN_POINT('',(0.,0.,-3.3));
#2718=DIRECTION('',(0.,0.,-1.));
#2719=DIRECTION('',(1.,-1.2246444186196E-16,0.));
#2720=FACE_OUTER_BOUND('',#2721,.T.);
#2721=EDGE_LOOP('',(#5645));
#2722=FACE_OUTER_BOUND('',#2723,.T.);
#2723=EDGE_LOOP('',(#5646));
#2724=CONICAL_SURFACE('',#2725,3.85,0.78539816339745);
#2725=AXIS2_PLACEMENT_3D('',#2726,#2727,#2728);
#2726=CARTESIAN_POINT('',(42.5,42.5,-7.3));
#2727=DIRECTION('',(0.,0.,1.));
#2728=DIRECTION('',(1.2246444186196E-16,1.,0.));
#2729=FACE_BOUND('',#2730,.T.);
#2730=EDGE_LOOP('',(#5647,#5648,#5649,#5650));
#2731=CYLINDRICAL_SURFACE('',#2732,13.7467409821416);
#2732=AXIS2_PLACEMENT_3D('',#2733,#2734,#2735);
#2733=CARTESIAN_POINT('',(21.3558532747276,44.2154093601663,6.74674098214159));
#2734=DIRECTION('',(0.766044442047136,-0.642787610963911,0.));
#2735=DIRECTION('',(-0.139440210726563,-0.166178371522724,-0.976187060183952));
#2736=FACE_BOUND('',#2737,.T.);
#2737=EDGE_LOOP('',(#5651,#5652,#5653,#5654));
#2738=PLANE('',#2739);
#2739=AXIS2_PLACEMENT_3D('',#2740,#2741,#2742);
#2740=CARTESIAN_POINT('',(20.3858801029315,43.0594403225596,-7.));
#2741=DIRECTION('',(-0.139440210726561,-0.166178371522723,-0.976187060183953));
#2742=DIRECTION('',(0.766044442047137,-0.64278761096391,1.80630891759561E-17));
#2743=FACE_BOUND('',#2744,.T.);
#2744=EDGE_LOOP('',(#5655,#5656,#5657,#5658,#5659,#5660));
#2745=CYLINDRICAL_SURFACE('',#2746,13.7467409821416);
#2746=AXIS2_PLACEMENT_3D('',#2747,#2748,#2749);
#2747=CARTESIAN_POINT('',(26.2307965284823,12.6877686770822,-16.7467409821416));
#2748=DIRECTION('',(0.766044442047136,-0.642787610963911,0.));
#2749=DIRECTION('',(0.139440210726563,0.166178371522724,0.976187060183952));
#2750=FACE_BOUND('',#2751,.T.);
#2751=EDGE_LOOP('',(#5661,#5662,#5663,#5664,#5665,#5666));
#2752=CYLINDRICAL_SURFACE('',#2753,13.7467409821416);
#2753=AXIS2_PLACEMENT_3D('',#2754,#2755,#2756);
#2754=CARTESIAN_POINT('',(-26.2307965284823,12.6877686770822,-16.7467409821416));
#2755=DIRECTION('',(0.766044442047136,0.642787610963911,0.));
#2756=DIRECTION('',(-0.139440210726563,0.166178371522724,0.976187060183952));
#2757=FACE_BOUND('',#2758,.T.);
#2758=EDGE_LOOP('',(#5667,#5668,#5669,#5670));
#2759=PLANE('',#2760);
#2760=AXIS2_PLACEMENT_3D('',#2761,#2762,#2763);
#2761=CARTESIAN_POINT('',(-20.3858801029315,43.0594403225596,-7.));
#2762=DIRECTION('',(-0.139440210726561,0.166178371522723,0.976187060183953));
#2763=DIRECTION('',(-0.766044442047137,-0.64278761096391,1.80630891759561E-17));
#2764=FACE_BOUND('',#2765,.T.);
#2765=EDGE_LOOP('',(#5671,#5672,#5673,#5674));
#2766=CYLINDRICAL_SURFACE('',#2767,13.7467409821416);
#2767=AXIS2_PLACEMENT_3D('',#2768,#2769,#2770);
#2768=CARTESIAN_POINT('',(-21.3558532747277,44.2154093601663,6.74674098214159));
#2769=DIRECTION('',(0.766044442047136,0.642787610963911,0.));
#2770=DIRECTION('',(0.139440210726563,-0.166178371522724,-0.976187060183952));
#2771=FACE_BOUND('',#2772,.T.);
#2772=EDGE_LOOP('',(#5675,#5676,#5677,#5678,#5679,#5680,#5681,#5682,#5683,#5684,
#5685,#5686));
#2773=PLANE('',#2774);
#2774=AXIS2_PLACEMENT_3D('',#2775,#2776,#2777);
#2775=CARTESIAN_POINT('',(-35.7403031416757,-1.01991823721525E-14,-7.));
#2776=DIRECTION('',(0.,0.,1.));
#2777=DIRECTION('',(-1.2246444186196E-16,1.,0.));
#2778=FACE_BOUND('',#2779,.T.);
#2779=EDGE_LOOP('',(#5687,#5688,#5689,#5690));
#2780=CONICAL_SURFACE('',#2781,5.8,0.785398163397444);
#2781=AXIS2_PLACEMENT_3D('',#2782,#2783,#2784);
#2782=CARTESIAN_POINT('',(-42.5,42.5,-3.6));
#2783=DIRECTION('',(0.,0.,-1.));
#2784=DIRECTION('',(-0.348017559809304,-0.937488014891058,0.));
#2785=FACE_BOUND('',#2786,.T.);
#2786=EDGE_LOOP('',(#5691,#5692,#5693,#5694,#5695));
#2787=PLANE('',#2788);
#2788=AXIS2_PLACEMENT_3D('',#2789,#2790,#2791);
#2789=CARTESIAN_POINT('',(-42.993000485449,48.5800452729685,-8.1));
#2790=DIRECTION('',(0.821152010957322,-0.570709536367447,0.));
#2791=DIRECTION('',(0.,0.,1.));
#2792=FACE_OUTER_BOUND('',#2793,.T.);
#2793=EDGE_LOOP('',(#5696));
#2794=FACE_OUTER_BOUND('',#2795,.T.);
#2795=EDGE_LOOP('',(#5697));
#2796=CONICAL_SURFACE('',#2797,5.8,0.785398163397446);
#2797=AXIS2_PLACEMENT_3D('',#2798,#2799,#2800);
#2798=CARTESIAN_POINT('',(-42.5,42.5,-7.7));
#2799=DIRECTION('',(0.,0.,1.));
#2800=DIRECTION('',(0.7660444431325,0.642787609670425,0.));
#2801=FACE_BOUND('',#2802,.T.);
#2802=EDGE_LOOP('',(#5698,#5699,#5700,#5701,#5702));
#2803=PLANE('',#2804);
#2804=AXIS2_PLACEMENT_3D('',#2805,#2806,#2807);
#2805=CARTESIAN_POINT('',(-47.5189734196826,45.9669735811684,-8.1));
#2806=DIRECTION('',(-0.0836729511564287,0.996493270044898,0.));
#2807=DIRECTION('',(0.,0.,1.));
#2808=FACE_BOUND('',#2809,.T.);
#2809=EDGE_LOOP('',(#5703,#5704,#5705,#5706,#5707,#5708));
#2810=PLANE('',#2811);
#2811=AXIS2_PLACEMENT_3D('',#2812,#2813,#2814);
#2812=CARTESIAN_POINT('',(0.,0.,-3.3));
#2813=DIRECTION('',(0.,0.,1.));
#2814=DIRECTION('',(-1.,-2.44929121776695E-16,0.));
#2815=FACE_OUTER_BOUND('',#2816,.T.);
#2816=EDGE_LOOP('',(#5709));
#2817=FACE_OUTER_BOUND('',#2818,.T.);
#2818=EDGE_LOOP('',(#5710));
#2819=CONICAL_SURFACE('',#2820,3.85,0.78539816339745);
#2820=AXIS2_PLACEMENT_3D('',#2821,#2822,#2823);
#2821=CARTESIAN_POINT('',(-42.5,42.5,-7.3));
#2822=DIRECTION('',(0.,0.,1.));
#2823=DIRECTION('',(2.44929121776695E-16,-1.,0.));
#2824=FACE_BOUND('',#2825,.T.);
#2825=EDGE_LOOP('',(#5711,#5712,#5713,#5714));
#2826=CYLINDRICAL_SURFACE('',#2827,13.7467409821416);
#2827=AXIS2_PLACEMENT_3D('',#2828,#2829,#2830);
#2828=CARTESIAN_POINT('',(-30.8732700316006,30.5493013122675,6.74674098214162));
#2829=DIRECTION('',(0.967062165836583,0.254540306056736,0.));
#2830=DIRECTION('',(0.0552175451261884,-0.20978523837403,-0.976187060183953));
#2831=FACE_BOUND('',#2832,.T.);
#2832=EDGE_LOOP('',(#5715,#5716,#5717,#5718,#5719,#5720));
#2833=PLANE('',#2834);
#2834=AXIS2_PLACEMENT_3D('',#2835,#2836,#2837);
#2835=CARTESIAN_POINT('',(-29.0817437210986,29.4604419027586,-7.));
#2836=DIRECTION('',(-0.0552175451261888,0.209785238374031,0.976187060183953));
#2837=DIRECTION('',(-0.967062165836583,-0.254540306056737,0.));
#2838=FACE_BOUND('',#2839,.T.);
#2839=EDGE_LOOP('',(#5721,#5722,#5723,#5724));
#2840=CYLINDRICAL_SURFACE('',#2841,13.7467409821416);
#2841=AXIS2_PLACEMENT_3D('',#2842,#2843,#2844);
#2842=CARTESIAN_POINT('',(-47.3254062245639,4.48504871221951,-16.7467409821416));
#2843=DIRECTION('',(0.967062165836583,0.254540306056736,0.));
#2844=DIRECTION('',(-0.0552175451261884,0.209785238374031,0.976187060183953));
#2845=FACE_BOUND('',#2846,.T.);
#2846=EDGE_LOOP('',(#5725,#5726,#5727,#5728));
#2847=PLANE('',#2848);
#2848=AXIS2_PLACEMENT_3D('',#2849,#2850,#2851);
#2849=CARTESIAN_POINT('',(-70.2936009530387,-1.13947005856061E-14,-3.));
#2850=DIRECTION('',(0.,0.,-1.));
#2851=DIRECTION('',(1.,2.44929359829471E-16,0.));
#2852=FACE_BOUND('',#2853,.T.);
#2853=EDGE_LOOP('',(#5729,#5730,#5731,#5732));
#2854=CYLINDRICAL_SURFACE('',#2855,13.7467409821416);
#2855=AXIS2_PLACEMENT_3D('',#2856,#2857,#2858);
#2856=CARTESIAN_POINT('',(-47.3254062245639,-4.48504871221953,-16.7467409821416));
#2857=DIRECTION('',(-0.967062165836583,0.254540306056736,0.));
#2858=DIRECTION('',(-0.0552175451261884,-0.209785238374031,0.976187060183953));
#2859=FACE_BOUND('',#2860,.T.);
#2860=EDGE_LOOP('',(#5733,#5734,#5735,#5736,#5737,#5738));
#2861=PLANE('',#2862);
#2862=AXIS2_PLACEMENT_3D('',#2863,#2864,#2865);
#2863=CARTESIAN_POINT('',(-29.0817437210986,-29.4604419027586,-7.));
#2864=DIRECTION('',(0.0552175451261887,0.209785238374031,-0.976187060183953));
#2865=DIRECTION('',(-0.967062165836583,0.254540306056737,0.));
#2866=FACE_BOUND('',#2867,.T.);
#2867=EDGE_LOOP('',(#5739,#5740,#5741,#5742));
#2868=CYLINDRICAL_SURFACE('',#2869,13.7467409821416);
#2869=AXIS2_PLACEMENT_3D('',#2870,#2871,#2872);
#2870=CARTESIAN_POINT('',(-30.8732700316006,-30.5493013122675,6.74674098214162));
#2871=DIRECTION('',(-0.967062165836583,0.254540306056736,0.));
#2872=DIRECTION('',(0.0552175451261883,0.20978523837403,-0.976187060183953));
#2873=FACE_BOUND('',#2874,.T.);
#2874=EDGE_LOOP('',(#5743,#5744,#5745,#5746,#5747,#5748,#5749,#5750,#5751,#5752,
#5753,#5754));
#2875=PLANE('',#2876);
#2876=AXIS2_PLACEMENT_3D('',#2877,#2878,#2879);
#2877=CARTESIAN_POINT('',(-35.7403031416757,-2.93158347267191E-15,-7.));
#2878=DIRECTION('',(0.,0.,-1.));
#2879=DIRECTION('',(2.44929359829471E-16,-1.,0.));
#2880=FACE_BOUND('',#2881,.T.);
#2881=EDGE_LOOP('',(#5755,#5756,#5757,#5758,#5759));
#2882=PLANE('',#2883);
#2883=AXIS2_PLACEMENT_3D('',#2884,#2885,#2886);
#2884=CARTESIAN_POINT('',(-47.5189734196826,-45.9669735811684,-8.1));
#2885=DIRECTION('',(0.0836729511564283,0.996493270044898,0.));
#2886=DIRECTION('',(0.,0.,1.));
#2887=FACE_OUTER_BOUND('',#2888,.T.);
#2888=EDGE_LOOP('',(#5760));
#2889=FACE_OUTER_BOUND('',#2890,.T.);
#2890=EDGE_LOOP('',(#5761));
#2891=CONICAL_SURFACE('',#2892,5.8,0.785398163397446);
#2892=AXIS2_PLACEMENT_3D('',#2893,#2894,#2895);
#2893=CARTESIAN_POINT('',(-42.5,-42.5,-7.7));
#2894=DIRECTION('',(0.,0.,1.));
#2895=DIRECTION('',(-0.7660444431325,0.642787609670424,0.));
#2896=FACE_BOUND('',#2897,.T.);
#2897=EDGE_LOOP('',(#5762,#5763,#5764,#5765,#5766));
#2898=PLANE('',#2899);
#2899=AXIS2_PLACEMENT_3D('',#2900,#2901,#2902);
#2900=CARTESIAN_POINT('',(-42.993000485449,-48.5800452729685,-8.1));
#2901=DIRECTION('',(-0.821152010957321,-0.570709536367448,0.));
#2902=DIRECTION('',(0.,0.,1.));
#2903=FACE_BOUND('',#2904,.T.);
#2904=EDGE_LOOP('',(#5767,#5768,#5769,#5770));
#2905=CONICAL_SURFACE('',#2906,5.8,0.785398163397444);
#2906=AXIS2_PLACEMENT_3D('',#2907,#2908,#2909);
#2907=CARTESIAN_POINT('',(-42.5,-42.5,-3.6));
#2908=DIRECTION('',(0.,0.,-1.));
#2909=DIRECTION('',(0.348017559809305,-0.937488014891058,0.));
#2910=FACE_BOUND('',#2911,.T.);
#2911=EDGE_LOOP('',(#5771,#5772,#5773,#5774,#5775,#5776));
#2912=PLANE('',#2913);
#2913=AXIS2_PLACEMENT_3D('',#2914,#2915,#2916);
#2914=CARTESIAN_POINT('',(0.,0.,-3.3));
#2915=DIRECTION('',(0.,0.,-1.));
#2916=DIRECTION('',(-1.,-1.22464679914735E-16,0.));
#2917=FACE_OUTER_BOUND('',#2918,.T.);
#2918=EDGE_LOOP('',(#5777));
#2919=FACE_OUTER_BOUND('',#2920,.T.);
#2920=EDGE_LOOP('',(#5778));
#2921=CONICAL_SURFACE('',#2922,3.85,0.78539816339745);
#2922=AXIS2_PLACEMENT_3D('',#2923,#2924,#2925);
#2923=CARTESIAN_POINT('',(-42.5,-42.5,-7.3));
#2924=DIRECTION('',(0.,0.,1.));
#2925=DIRECTION('',(1.22464679914735E-16,-1.,0.));
#2926=FACE_BOUND('',#2927,.T.);
#2927=EDGE_LOOP('',(#5779,#5780,#5781,#5782));
#2928=CYLINDRICAL_SURFACE('',#2929,13.7467409821416);
#2929=AXIS2_PLACEMENT_3D('',#2930,#2931,#2932);
#2930=CARTESIAN_POINT('',(-21.3558532747276,-44.2154093601663,6.74674098214159));
#2931=DIRECTION('',(-0.766044442047136,0.64278761096391,0.));
#2932=DIRECTION('',(0.139440210726563,0.166178371522724,-0.976187060183952));
#2933=FACE_BOUND('',#2934,.T.);
#2934=EDGE_LOOP('',(#5783,#5784,#5785,#5786));
#2935=PLANE('',#2936);
#2936=AXIS2_PLACEMENT_3D('',#2937,#2938,#2939);
#2937=CARTESIAN_POINT('',(-20.3858801029315,-43.0594403225596,-7.));
#2938=DIRECTION('',(0.139440210726561,0.166178371522723,-0.976187060183953));
#2939=DIRECTION('',(-0.766044442047137,0.642787610963909,1.80630891759561E-17));
#2940=FACE_BOUND('',#2941,.T.);
#2941=EDGE_LOOP('',(#5787,#5788,#5789,#5790,#5791,#5792));
#2942=CYLINDRICAL_SURFACE('',#2943,13.7467409821416);
#2943=AXIS2_PLACEMENT_3D('',#2944,#2945,#2946);
#2944=CARTESIAN_POINT('',(-26.2307965284823,-12.6877686770822,-16.7467409821416));
#2945=DIRECTION('',(-0.766044442047136,0.642787610963911,0.));
#2946=DIRECTION('',(-0.139440210726563,-0.166178371522724,0.976187060183952));
#2947=FACE_BOUND('',#2948,.T.);
#2948=EDGE_LOOP('',(#5793,#5794,#5795,#5796,#5797,#5798));
#2949=PLANE('',#2950);
#2950=AXIS2_PLACEMENT_3D('',#2951,#2952,#2953);
#2951=CARTESIAN_POINT('',(36.3206137823751,-12.3651560984495,-7.));
#2952=DIRECTION('',(-0.939692620792839,-0.342020143306626,0.));
#2953=DIRECTION('',(0.342020143306626,-0.939692620792839,0.));
#2954=FACE_BOUND('',#2955,.T.);
#2955=EDGE_LOOP('',(#5799,#5800,#5801,#5802));
#2956=CONICAL_SURFACE('',#2957,2.63358574029008,0.785398163397448);
#2957=AXIS2_PLACEMENT_3D('',#2958,#2959,#2960);
#2958=CARTESIAN_POINT('',(40.8162960622096,-31.5398899041137,-6.7));
#2959=DIRECTION('',(0.,0.,-1.));
#2960=DIRECTION('',(-0.114292759427198,0.993447112403331,0.));
#2961=FACE_BOUND('',#2962,.T.);
#2962=EDGE_LOOP('',(#5803,#5804,#5805,#5806));
#2963=CONICAL_SURFACE('',#2964,2.63358574029008,0.785398163397447);
#2964=AXIS2_PLACEMENT_3D('',#2965,#2966,#2967);
#2965=CARTESIAN_POINT('',(33.85011819787,-35.5618145691212,-6.7));
#2966=DIRECTION('',(0.,0.,-1.));
#2967=DIRECTION('',(0.958507689107444,0.285066676274005,0.));
#2968=FACE_BOUND('',#2969,.T.);
#2969=EDGE_LOOP('',(#5807,#5808,#5809,#5810,#5811,#5812));
#2970=PLANE('',#2971);
#2971=AXIS2_PLACEMENT_3D('',#2972,#2973,#2974);
#2972=CARTESIAN_POINT('',(36.3206137823751,12.3651560984495,-7.));
#2973=DIRECTION('',(0.939692620792839,-0.342020143306626,0.));
#2974=DIRECTION('',(0.342020143306626,0.939692620792839,0.));
#2975=FACE_BOUND('',#2976,.T.);
#2976=EDGE_LOOP('',(#5813,#5814,#5815,#5816));
#2977=CONICAL_SURFACE('',#2978,2.63358574029008,0.785398163397448);
#2978=AXIS2_PLACEMENT_3D('',#2979,#2980,#2981);
#2979=CARTESIAN_POINT('',(40.8162960622096,31.5398899041137,-6.7));
#2980=DIRECTION('',(0.,0.,-1.));
#2981=DIRECTION('',(0.114292759427199,0.993447112403331,0.));
#2982=FACE_BOUND('',#2983,.T.);
#2983=EDGE_LOOP('',(#5817,#5818,#5819,#5820));
#2984=CONICAL_SURFACE('',#2985,2.63358574029008,0.785398163397447);
#2985=AXIS2_PLACEMENT_3D('',#2986,#2987,#2988);
#2986=CARTESIAN_POINT('',(33.85011819787,35.5618145691212,-6.7));
#2987=DIRECTION('',(0.,0.,-1.));
#2988=DIRECTION('',(-0.958507689107443,0.285066676274005,0.));
#2989=FACE_BOUND('',#2990,.T.);
#2990=EDGE_LOOP('',(#5821,#5822,#5823,#5824,#5825,#5826));
#2991=PLANE('',#2992);
#2992=AXIS2_PLACEMENT_3D('',#2993,#2994,#2995);
#2993=CARTESIAN_POINT('',(-36.3206137823751,-12.3651560984495,-7.));
#2994=DIRECTION('',(-0.939692620792839,0.342020143306626,0.));
#2995=DIRECTION('',(-0.342020143306626,-0.939692620792839,0.));
#2996=FACE_BOUND('',#2997,.T.);
#2997=EDGE_LOOP('',(#5827,#5828,#5829,#5830));
#2998=CONICAL_SURFACE('',#2999,2.63358574029008,0.785398163397448);
#2999=AXIS2_PLACEMENT_3D('',#3000,#3001,#3002);
#3000=CARTESIAN_POINT('',(-40.8162960622096,-31.5398899041137,-6.7));
#3001=DIRECTION('',(0.,0.,-1.));
#3002=DIRECTION('',(-0.114292759427198,-0.993447112403331,0.));
#3003=FACE_BOUND('',#3004,.T.);
#3004=EDGE_LOOP('',(#5831,#5832,#5833,#5834));
#3005=CONICAL_SURFACE('',#3006,2.63358574029008,0.785398163397447);
#3006=AXIS2_PLACEMENT_3D('',#3007,#3008,#3009);
#3007=CARTESIAN_POINT('',(-33.85011819787,-35.5618145691212,-6.7));
#3008=DIRECTION('',(0.,0.,-1.));
#3009=DIRECTION('',(0.958507689107444,-0.285066676274005,0.));
#3010=FACE_BOUND('',#3011,.T.);
#3011=EDGE_LOOP('',(#5835,#5836,#5837,#5838,#5839,#5840));
#3012=PLANE('',#3013);
#3013=AXIS2_PLACEMENT_3D('',#3014,#3015,#3016);
#3014=CARTESIAN_POINT('',(-36.3206137823751,12.3651560984495,-7.));
#3015=DIRECTION('',(0.939692620792839,0.342020143306627,0.));
#3016=DIRECTION('',(-0.342020143306627,0.939692620792839,0.));
#3017=FACE_BOUND('',#3018,.T.);
#3018=EDGE_LOOP('',(#5841,#5842,#5843,#5844));
#3019=CONICAL_SURFACE('',#3020,2.63358574029008,0.785398163397448);
#3020=AXIS2_PLACEMENT_3D('',#3021,#3022,#3023);
#3021=CARTESIAN_POINT('',(-40.8162960622096,31.5398899041137,-6.7));
#3022=DIRECTION('',(0.,0.,-1.));
#3023=DIRECTION('',(0.114292759427199,-0.993447112403331,0.));
#3024=FACE_BOUND('',#3025,.T.);
#3025=EDGE_LOOP('',(#5845,#5846,#5847,#5848));
#3026=CONICAL_SURFACE('',#3027,2.63358574029008,0.785398163397447);
#3027=AXIS2_PLACEMENT_3D('',#3028,#3029,#3030);
#3028=CARTESIAN_POINT('',(-33.85011819787,35.5618145691212,-6.7));
#3029=DIRECTION('',(0.,0.,-1.));
#3030=DIRECTION('',(-0.958507689107443,-0.285066676274006,0.));
#3031=FACE_BOUND('',#3032,.T.);
#3032=EDGE_LOOP('',(#5849,#5850,#5851,#5852));
#3033=CONICAL_SURFACE('',#3034,14.0467409872688,0.785398161770656);
#3034=AXIS2_PLACEMENT_3D('',#3035,#3036,#3037);
#3035=CARTESIAN_POINT('',(-17.4212854342794,-20.0798261867643,-16.7467409821416));
#3036=DIRECTION('',(-0.766044443132501,0.642787609670424,2.77555756156289E-17));
#3037=DIRECTION('',(-0.191375744744077,-0.22807273134389,0.954650801885688));
#3038=FACE_BOUND('',#3039,.T.);
#3039=EDGE_LOOP('',(#5853,#5854,#5855,#5856));
#3040=PLANE('',#3041);
#3041=AXIS2_PLACEMENT_3D('',#3042,#3043,#3044);
#3042=CARTESIAN_POINT('',(-30.833992065749,-35.5977503535772,-6.60757054676534));
#3043=DIRECTION('',(-0.443076101935578,0.572025331155667,-0.690268490089055));
#3044=DIRECTION('',(0.627480947006841,0.747802672911769,0.216930457818657));
#3045=FACE_BOUND('',#3046,.T.);
#3046=EDGE_LOOP('',(#5857,#5858,#5859,#5860));
#3047=CONICAL_SURFACE('',#3048,13.4467409812027,0.785398161920726);
#3048=AXIS2_PLACEMENT_3D('',#3049,#3050,#3051);
#3049=CARTESIAN_POINT('',(-30.9314088031237,-36.1805642483149,6.74674098214159));
#3050=DIRECTION('',(0.766044443132501,-0.642787609670424,-1.38777878078145E-17));
#3051=DIRECTION('',(-0.0585905268341121,-0.0698254708495238,-0.995837112075034));
#3052=FACE_BOUND('',#3053,.T.);
#3053=EDGE_LOOP('',(#5861,#5862,#5863,#5864));
#3054=PLANE('',#3055);
#3055=AXIS2_PLACEMENT_3D('',#3056,#3057,#3058);
#3056=CARTESIAN_POINT('',(-33.6051780721565,-38.9003212326013,-6.4));
#3057=DIRECTION('',(-0.54167522042926,0.454519477660645,-0.707106781186552));
#3058=DIRECTION('',(0.642787609670423,0.766044443132501,0.));
#3059=FACE_BOUND('',#3060,.T.);
#3060=EDGE_LOOP('',(#5865,#5866,#5867,#5868));
#3061=CONICAL_SURFACE('',#3062,35.853297811363,0.785398163397444);
#3062=AXIS2_PLACEMENT_3D('',#3063,#3064,#3065);
#3063=CARTESIAN_POINT('',(-70.2936009530387,-1.13947005856061E-14,-2.7));
#3064=DIRECTION('',(0.,0.,1.));
#3065=DIRECTION('',(-0.999430450486372,-0.0337457351469552,0.));
#3066=FACE_BOUND('',#3067,.T.);
#3067=EDGE_LOOP('',(#5869,#5870,#5871,#5872));
#3068=B_SPLINE_SURFACE_WITH_KNOTS('',3,1,(
(#3069,#3070),
(#3071,#3072),
(#3073,#3074),
(#3075,#3076),
(#3077,#3078),
(#3079,#3080),
(#3081,#3082)),
.UNSPECIFIED.,.F.,.F.,.F.,
(4,1,1,1,4),
(2,2),
(0.957615426603869,2.66745658693826,3.52451091432108,4.39810439329614,6.04378684185707),
(0.,1.),
.UNSPECIFIED.);
#3069=CARTESIAN_POINT('',(-35.7811197347682,10.7679887999397,-2.74728156448824));
#3070=CARTESIAN_POINT('',(-36.3099906863667,10.468080347554,-3.32735242108471));
#3071=CARTESIAN_POINT('',(-35.6773138909987,10.4353091806528,-2.66926727223998));
#3072=CARTESIAN_POINT('',(-36.2149605574715,10.1529941635611,-3.2542568402207));
#3073=CARTESIAN_POINT('',(-35.5272569402478,9.92884079668262,-2.57142994077119));
#3074=CARTESIAN_POINT('',(-36.077069931658,9.67430306314078,-3.16266425717694));
#3075=CARTESIAN_POINT('',(-35.3397658620832,9.24052804824511,-2.48032557992458));
#3076=CARTESIAN_POINT('',(-35.9034580073676,9.02452159678013,-3.07699482379576));
#3077=CARTESIAN_POINT('',(-35.1651139193526,8.55943211721995,-2.41740429082033));
#3078=CARTESIAN_POINT('',(-35.7407232861962,8.38225859598145,-3.01754170318993));
#3079=CARTESIAN_POINT('',(-35.0453781766171,8.0462697783724,-2.3993840915504));
#3080=CARTESIAN_POINT('',(-35.6279609749652,7.89883261959091,-2.99999425774688));
#3081=CARTESIAN_POINT('',(-34.9720321006297,7.71023452572165,-2.40000022249915));
#3082=CARTESIAN_POINT('',(-35.5582278237357,7.58227099215753,-3.00000000000786));
#3083=FACE_BOUND('',#3084,.T.);
#3084=EDGE_LOOP('',(#5873,#5874,#5875,#5876));
#3085=B_SPLINE_SURFACE_WITH_KNOTS('',3,1,(
(#3086,#3087),
(#3088,#3089),
(#3090,#3091),
(#3092,#3093)),
.UNSPECIFIED.,.F.,.F.,.F.,
(4,4),
(2,2),
(0.810145645099866,3.04890547231847),
(0.,1.),
.UNSPECIFIED.);
#3086=CARTESIAN_POINT('',(-35.7811130687811,10.7679674347611,-2.74727631367591));
#3087=CARTESIAN_POINT('',(-36.3099845636942,10.4680609374705,-3.3273479034758));
#3088=CARTESIAN_POINT('',(-35.9485025521032,11.3044709094941,-2.87199094777523));
#3089=CARTESIAN_POINT('',(-36.477395282082,10.9954851618679,-3.45016230086602));
#3090=CARTESIAN_POINT('',(-36.1284076543398,11.8370765248837,-2.99676209166539));
#3091=CARTESIAN_POINT('',(-36.64117334712,11.5240846809315,-3.5730237929918));
#3092=CARTESIAN_POINT('',(-36.3206171473577,12.3651653436594,-3.1211271647527));
#3093=CARTESIAN_POINT('',(-36.8299749959553,12.0445060093819,-3.69554321666233));
#3094=FACE_BOUND('',#3095,.T.);
#3095=EDGE_LOOP('',(#5877,#5878,#5879,#5880));
#3096=B_SPLINE_SURFACE_WITH_KNOTS('',3,1,(
(#3097,#3098),
(#3099,#3100),
(#3101,#3102),
(#3103,#3104)),
.UNSPECIFIED.,.F.,.F.,.F.,
(4,4),
(2,2),
(0.810145645099866,3.04890547231847),
(0.,1.),
.UNSPECIFIED.);
#3097=CARTESIAN_POINT('',(-35.7811130687811,-10.7679674347611,-2.74727631367591));
#3098=CARTESIAN_POINT('',(-36.3099845636942,-10.4680609374705,-3.3273479034758));
#3099=CARTESIAN_POINT('',(-35.9485025521032,-11.3044709094941,-2.87199094777523));
#3100=CARTESIAN_POINT('',(-36.4773952820819,-10.9954851618679,-3.45016230086602));
#3101=CARTESIAN_POINT('',(-36.1284076543398,-11.8370765248837,-2.99676209166539));
#3102=CARTESIAN_POINT('',(-36.64117334712,-11.5240846809315,-3.5730237929918));
#3103=CARTESIAN_POINT('',(-36.3206171473577,-12.3651653436594,-3.1211271647527));
#3104=CARTESIAN_POINT('',(-36.8299749959553,-12.0445060093819,-3.69554321666233));
#3105=FACE_BOUND('',#3106,.T.);
#3106=EDGE_LOOP('',(#5881,#5882,#5883,#5884));
#3107=B_SPLINE_SURFACE_WITH_KNOTS('',3,1,(
(#3108,#3109),
(#3110,#3111),
(#3112,#3113),
(#3114,#3115),
(#3116,#3117),
(#3118,#3119),
(#3120,#3121)),
.UNSPECIFIED.,.F.,.F.,.F.,
(4,1,1,1,4),
(2,2),
(0.957615426603869,2.66745658855803,3.5245109163931,4.39810439507093,6.04378684185707),
(0.,1.),
.UNSPECIFIED.);
#3108=CARTESIAN_POINT('',(-35.7811197347682,-10.7679887999397,-2.74728156448824));
#3109=CARTESIAN_POINT('',(-36.3099906863667,-10.468080347554,-3.32735242108471));
#3110=CARTESIAN_POINT('',(-35.6773138909,-10.4353091803366,-2.66926727216581));
#3111=CARTESIAN_POINT('',(-36.2149605573813,-10.1529941632625,-3.25425684015141));
#3112=CARTESIAN_POINT('',(-35.5272569400343,-9.92884079595371,-2.57142994063701));
#3113=CARTESIAN_POINT('',(-36.0770699314615,-9.67430306245068,-3.16266425705101));
#3114=CARTESIAN_POINT('',(-35.3397658617923,-9.24052804714584,-2.48032557980053));
#3115=CARTESIAN_POINT('',(-35.9034580070975,-9.02452159574378,-3.07699482367904));
#3116=CARTESIAN_POINT('',(-35.1651139191672,-8.55943211643772,-2.4174042907858));
#3117=CARTESIAN_POINT('',(-35.740723286022,-8.38225859524389,-3.01754170315656));
#3118=CARTESIAN_POINT('',(-35.0453781765379,-8.04626977800976,-2.39938409155108));
#3119=CARTESIAN_POINT('',(-35.6279609748898,-7.89883261924952,-2.99999425774689));
#3120=CARTESIAN_POINT('',(-34.9720321006297,-7.71023452572166,-2.40000022249915));
#3121=CARTESIAN_POINT('',(-35.5582278237357,-7.58227099215754,-3.00000000000786));
#3122=FACE_BOUND('',#3123,.T.);
#3123=EDGE_LOOP('',(#5885,#5886,#5887,#5888));
#3124=PLANE('',#3125);
#3125=AXIS2_PLACEMENT_3D('',#3126,#3127,#3128);
#3126=CARTESIAN_POINT('',(-33.6051780721565,38.9003212326013,-6.4));
#3127=DIRECTION('',(0.54167522042926,0.454519477660645,0.707106781186552));
#3128=DIRECTION('',(0.642787609670424,-0.766044443132501,0.));
#3129=FACE_BOUND('',#3130,.T.);
#3130=EDGE_LOOP('',(#5889,#5890,#5891,#5892));
#3131=CONICAL_SURFACE('',#3132,13.4467409812027,0.785398161920726);
#3132=AXIS2_PLACEMENT_3D('',#3133,#3134,#3135);
#3133=CARTESIAN_POINT('',(-30.9314088031237,36.1805642483149,6.74674098214159));
#3134=DIRECTION('',(0.766044443132501,0.642787609670424,-1.38777878078145E-17));
#3135=DIRECTION('',(0.0585905268341122,-0.0698254708495238,0.995837112075034));
#3136=FACE_BOUND('',#3137,.T.);
#3137=EDGE_LOOP('',(#5893,#5894,#5895,#5896));
#3138=PLANE('',#3139);
#3139=AXIS2_PLACEMENT_3D('',#3140,#3141,#3142);
#3140=CARTESIAN_POINT('',(-30.833992065749,35.5977503535771,-6.60757054676534));
#3141=DIRECTION('',(0.443076101935578,0.572025331155667,0.690268490089055));
#3142=DIRECTION('',(0.627480947006841,-0.747802672911769,0.216930457818657));
#3143=FACE_BOUND('',#3144,.T.);
#3144=EDGE_LOOP('',(#5897,#5898,#5899,#5900));
#3145=CONICAL_SURFACE('',#3146,14.0467409872688,0.785398161770656);
#3146=AXIS2_PLACEMENT_3D('',#3147,#3148,#3149);
#3147=CARTESIAN_POINT('',(-17.4212854342794,20.0798261867642,-16.7467409821416));
#3148=DIRECTION('',(-0.7660444431325,-0.642787609670424,5.55111512312578E-17));
#3149=DIRECTION('',(0.191375744744077,-0.22807273134389,-0.954650801885688));
#3150=FACE_BOUND('',#3151,.T.);
#3151=EDGE_LOOP('',(#5901,#5902,#5903,#5904));
#3152=CONICAL_SURFACE('',#3153,14.0467409872688,0.785398161770656);
#3153=AXIS2_PLACEMENT_3D('',#3154,#3155,#3156);
#3154=CARTESIAN_POINT('',(17.4212854342794,20.0798261867642,-16.7467409821416));
#3155=DIRECTION('',(0.766044443132501,-0.642787609670424,2.77555756156289E-17));
#3156=DIRECTION('',(0.191375744744077,0.22807273134389,0.954650801885688));
#3157=FACE_BOUND('',#3158,.T.);
#3158=EDGE_LOOP('',(#5905,#5906,#5907,#5908));
#3159=PLANE('',#3160);
#3160=AXIS2_PLACEMENT_3D('',#3161,#3162,#3163);
#3161=CARTESIAN_POINT('',(30.833992065749,35.5977503535772,-6.60757054676534));
#3162=DIRECTION('',(0.443076101935578,-0.572025331155667,-0.690268490089055));
#3163=DIRECTION('',(-0.627480947006841,-0.747802672911769,0.216930457818657));
#3164=FACE_BOUND('',#3165,.T.);
#3165=EDGE_LOOP('',(#5909,#5910,#5911,#5912));
#3166=CONICAL_SURFACE('',#3167,13.4467409812027,0.785398161920726);
#3167=AXIS2_PLACEMENT_3D('',#3168,#3169,#3170);
#3168=CARTESIAN_POINT('',(30.9314088031237,36.1805642483149,6.74674098214159));
#3169=DIRECTION('',(-0.766044443132501,0.642787609670424,-2.08166817117217E-17));
#3170=DIRECTION('',(0.0585905268341122,0.0698254708495238,-0.995837112075034));
#3171=FACE_BOUND('',#3172,.T.);
#3172=EDGE_LOOP('',(#5913,#5914,#5915,#5916));
#3173=PLANE('',#3174);
#3174=AXIS2_PLACEMENT_3D('',#3175,#3176,#3177);
#3175=CARTESIAN_POINT('',(33.6051780721565,38.9003212326013,-6.4));
#3176=DIRECTION('',(0.54167522042926,-0.454519477660645,-0.707106781186552));
#3177=DIRECTION('',(-0.642787609670424,-0.766044443132501,0.));
#3178=FACE_BOUND('',#3179,.T.);
#3179=EDGE_LOOP('',(#5917,#5918,#5919,#5920));
#3180=B_SPLINE_SURFACE_WITH_KNOTS('',3,1,(
(#3181,#3182),
(#3183,#3184),
(#3185,#3186),
(#3187,#3188),
(#3189,#3190),
(#3191,#3192),
(#3193,#3194)),
.UNSPECIFIED.,.F.,.F.,.F.,
(4,1,1,1,4),
(2,2),
(0.957615426603869,2.66745658659023,3.52451091387857,4.39810439295392,6.04378684185707),
(0.,1.),
.UNSPECIFIED.);
#3181=CARTESIAN_POINT('',(35.7811197347682,-10.7679887999397,-2.74728156448824));
#3182=CARTESIAN_POINT('',(36.3099906863667,-10.468080347554,-3.32735242108471));
#3183=CARTESIAN_POINT('',(35.6773138910198,-10.4353091807208,-2.66926727225592));
#3184=CARTESIAN_POINT('',(36.2149605574909,-10.1529941636253,-3.25425684023559));
#3185=CARTESIAN_POINT('',(35.5272569402935,-9.92884079683872,-2.57142994079993));
#3186=CARTESIAN_POINT('',(36.0770699317001,-9.67430306328857,-3.1626642572039));
#3187=CARTESIAN_POINT('',(35.3397658621434,-9.24052804847294,-2.48032557995013));
#3188=CARTESIAN_POINT('',(35.9034580074235,-9.02452159699491,-3.0769948238198));
#3189=CARTESIAN_POINT('',(35.1651139193905,-8.55943211737954,-2.4174042908273));
#3190=CARTESIAN_POINT('',(35.7407232862318,-8.38225859613194,-3.01754170319667));
#3191=CARTESIAN_POINT('',(35.0453781766323,-8.04626977844236,-2.39938409155028));
#3192=CARTESIAN_POINT('',(35.6279609749797,-7.89883261965675,-2.99999425774688));
#3193=CARTESIAN_POINT('',(34.9720321006297,-7.71023452572166,-2.40000022249915));
#3194=CARTESIAN_POINT('',(35.5582278237357,-7.58227099215754,-3.00000000000786));
#3195=FACE_BOUND('',#3196,.T.);
#3196=EDGE_LOOP('',(#5921,#5922,#5923,#5924));
#3197=B_SPLINE_SURFACE_WITH_KNOTS('',3,1,(
(#3198,#3199),
(#3200,#3201),
(#3202,#3203),
(#3204,#3205)),
.UNSPECIFIED.,.F.,.F.,.F.,
(4,4),
(2,2),
(0.810145645099866,3.04890547231847),
(0.,1.),
.UNSPECIFIED.);
#3198=CARTESIAN_POINT('',(35.7811130687811,-10.7679674347611,-2.74727631367591));
#3199=CARTESIAN_POINT('',(36.3099845636942,-10.4680609374705,-3.3273479034758));
#3200=CARTESIAN_POINT('',(35.9485025521032,-11.3044709094941,-2.87199094777523));
#3201=CARTESIAN_POINT('',(36.4773952820819,-10.9954851618679,-3.45016230086602));
#3202=CARTESIAN_POINT('',(36.1284076543398,-11.8370765248837,-2.99676209166539));
#3203=CARTESIAN_POINT('',(36.6411733471201,-11.5240846809315,-3.5730237929918));
#3204=CARTESIAN_POINT('',(36.3206171473577,-12.3651653436594,-3.1211271647527));
#3205=CARTESIAN_POINT('',(36.8299749959553,-12.0445060093819,-3.69554321666233));
#3206=FACE_BOUND('',#3207,.T.);
#3207=EDGE_LOOP('',(#5925,#5926,#5927,#5928));
#3208=B_SPLINE_SURFACE_WITH_KNOTS('',3,1,(
(#3209,#3210),
(#3211,#3212),
(#3213,#3214),
(#3215,#3216)),
.UNSPECIFIED.,.F.,.F.,.F.,
(4,4),
(2,2),
(0.810145645099866,3.04890547231847),
(0.,1.),
.UNSPECIFIED.);
#3209=CARTESIAN_POINT('',(35.7811130687811,10.7679674347611,-2.74727631367591));
#3210=CARTESIAN_POINT('',(36.3099845636942,10.4680609374705,-3.3273479034758));
#3211=CARTESIAN_POINT('',(35.9485025521032,11.3044709094941,-2.87199094777523));
#3212=CARTESIAN_POINT('',(36.477395282082,10.9954851618679,-3.45016230086602));
#3213=CARTESIAN_POINT('',(36.1284076543398,11.8370765248837,-2.99676209166539));
#3214=CARTESIAN_POINT('',(36.64117334712,11.5240846809315,-3.5730237929918));
#3215=CARTESIAN_POINT('',(36.3206171473577,12.3651653436594,-3.1211271647527));
#3216=CARTESIAN_POINT('',(36.8299749959553,12.0445060093819,-3.69554321666233));
#3217=FACE_BOUND('',#3218,.T.);
#3218=EDGE_LOOP('',(#5929,#5930,#5931,#5932));
#3219=B_SPLINE_SURFACE_WITH_KNOTS('',3,1,(
(#3220,#3221),
(#3222,#3223),
(#3224,#3225),
(#3226,#3227),
(#3228,#3229),
(#3230,#3231),
(#3232,#3233)),
.UNSPECIFIED.,.F.,.F.,.F.,
(4,1,1,1,4),
(2,2),
(0.957615426603869,2.66745658775602,3.52451091537081,4.39810439421326,6.04378684185707),
(0.,1.),
.UNSPECIFIED.);
#3220=CARTESIAN_POINT('',(35.7811197347682,10.7679887999397,-2.74728156448824));
#3221=CARTESIAN_POINT('',(36.3099906863667,10.468080347554,-3.32735242108471));
#3222=CARTESIAN_POINT('',(35.6773138909488,10.4353091804932,-2.66926727220253));
#3223=CARTESIAN_POINT('',(36.2149605574259,10.1529941634103,-3.25425684018572));
#3224=CARTESIAN_POINT('',(35.5272569401398,9.92884079631391,-2.57142994070331));
#3225=CARTESIAN_POINT('',(36.0770699315586,9.6743030627917,-3.16266425711323));
#3226=CARTESIAN_POINT('',(35.339765861935,9.24052804768518,-2.48032557986131));
#3227=CARTESIAN_POINT('',(35.90345800723,9.02452159625224,-3.07699482373623));
#3228=CARTESIAN_POINT('',(35.1651139192578,8.55943211682,-2.41740429080264));
#3229=CARTESIAN_POINT('',(35.7407232861071,8.38225859560434,-3.01754170317283));
#3230=CARTESIAN_POINT('',(35.0453781765762,8.04626977818501,-2.39938409155076));
#3231=CARTESIAN_POINT('',(35.6279609749262,7.89883261941449,-2.99999425774688));
#3232=CARTESIAN_POINT('',(34.9720321006297,7.71023452572165,-2.40000022249915));
#3233=CARTESIAN_POINT('',(35.5582278237357,7.58227099215753,-3.00000000000786));
#3234=FACE_BOUND('',#3235,.T.);
#3235=EDGE_LOOP('',(#5933,#5934,#5935,#5936));
#3236=CONICAL_SURFACE('',#3237,35.853297811363,0.785398163397444);
#3237=AXIS2_PLACEMENT_3D('',#3238,#3239,#3240);
#3238=CARTESIAN_POINT('',(70.2936009530387,-2.78621724483807E-15,-2.7));
#3239=DIRECTION('',(0.,0.,1.));
#3240=DIRECTION('',(-0.999430450486372,0.033745735146955,0.));
#3241=FACE_BOUND('',#3242,.T.);
#3242=EDGE_LOOP('',(#5937,#5938,#5939,#5940));
#3243=PLANE('',#3244);
#3244=AXIS2_PLACEMENT_3D('',#3245,#3246,#3247);
#3245=CARTESIAN_POINT('',(33.6051780721565,-38.9003212326013,-6.4));
#3246=DIRECTION('',(-0.54167522042926,-0.454519477660645,0.707106781186552));
#3247=DIRECTION('',(-0.642787609670424,0.766044443132501,0.));
#3248=FACE_BOUND('',#3249,.T.);
#3249=EDGE_LOOP('',(#5941,#5942,#5943,#5944));
#3250=CONICAL_SURFACE('',#3251,13.4467409812027,0.785398161920726);
#3251=AXIS2_PLACEMENT_3D('',#3252,#3253,#3254);
#3252=CARTESIAN_POINT('',(30.9314088031237,-36.1805642483149,6.74674098214159));
#3253=DIRECTION('',(-0.766044443132501,-0.642787609670424,-1.38777878078145E-17));
#3254=DIRECTION('',(-0.0585905268341121,0.0698254708495238,0.995837112075034));
#3255=FACE_BOUND('',#3256,.T.);
#3256=EDGE_LOOP('',(#5945,#5946,#5947,#5948));
#3257=PLANE('',#3258);
#3258=AXIS2_PLACEMENT_3D('',#3259,#3260,#3261);
#3259=CARTESIAN_POINT('',(30.833992065749,-35.5977503535772,-6.60757054676534));
#3260=DIRECTION('',(-0.443076101935578,-0.572025331155667,0.690268490089055));
#3261=DIRECTION('',(-0.627480947006841,0.747802672911769,0.216930457818657));
#3262=FACE_BOUND('',#3263,.T.);
#3263=EDGE_LOOP('',(#5949,#5950,#5951,#5952));
#3264=CONICAL_SURFACE('',#3265,14.0467409872688,0.785398161770656);
#3265=AXIS2_PLACEMENT_3D('',#3266,#3267,#3268);
#3266=CARTESIAN_POINT('',(17.4212854342794,-20.0798261867642,-16.7467409821416));
#3267=DIRECTION('',(0.766044443132501,0.642787609670424,2.77555756156289E-17));
#3268=DIRECTION('',(-0.191375744744077,0.22807273134389,-0.954650801885688));
#3269=FACE_BOUND('',#3270,.T.);
#3270=EDGE_LOOP('',(#5953,#5954,#5955,#5956));
#3271=PLANE('',#3272);
#3272=AXIS2_PLACEMENT_3D('',#3273,#3274,#3275);
#3273=CARTESIAN_POINT('',(41.0633955906735,-25.3958420229712,-6.4));
#3274=DIRECTION('',(0.664463024393578,0.241844762634511,0.707106781186545));
#3275=DIRECTION('',(0.342020143306626,-0.939692620792839,0.));
#3276=FACE_BOUND('',#3277,.T.);
#3277=EDGE_LOOP('',(#5957));
#3278=FACE_BOUND('',#3279,.T.);
#3279=EDGE_LOOP('',(#5958));
#3280=PLANE('',#3281);
#3281=AXIS2_PLACEMENT_3D('',#3282,#3283,#3284);
#3282=CARTESIAN_POINT('',(0.,0.,-8.));
#3283=DIRECTION('',(0.,0.,1.));
#3284=DIRECTION('',(6.12323399573677E-17,-1.,0.));
#3285=FACE_OUTER_BOUND('',#3286,.T.);
#3286=EDGE_LOOP('',(#5959));
#3287=FACE_OUTER_BOUND('',#3288,.T.);
#3288=EDGE_LOOP('',(#5960));
#3289=CYLINDRICAL_SURFACE('',#3290,3.55);
#3290=AXIS2_PLACEMENT_3D('',#3291,#3292,#3293);
#3291=CARTESIAN_POINT('',(42.5,-42.5,-8.));
#3292=DIRECTION('',(0.,0.,-1.));
#3293=DIRECTION('',(6.12323399573677E-17,-1.,0.));
#3294=FACE_BOUND('',#3295,.T.);
#3295=EDGE_LOOP('',(#5961,#5962,#5963,#5964));
#3296=B_SPLINE_SURFACE_WITH_KNOTS('',3,1,(
(#3297,#3298),
(#3299,#3300),
(#3301,#3302),
(#3303,#3304)),
.UNSPECIFIED.,.F.,.F.,.F.,
(4,4),
(2,2),
(0.644531582500678,4.22493201881631),
(0.,1.),
.UNSPECIFIED.);
#3297=CARTESIAN_POINT('',(41.9031168112854,-27.7029571153846,-6.39999978751159));
#3298=CARTESIAN_POINT('',(42.4669439307307,-27.4977762546666,-6.99999999993315));
#3299=CARTESIAN_POINT('',(41.5735516369145,-26.7974842405051,-6.40408111752353));
#3300=CARTESIAN_POINT('',(42.1188264944646,-26.5531896651196,-7.00011335814585));
#3301=CARTESIAN_POINT('',(41.2440553202784,-25.8922005506968,-6.30272868678782));
#3302=CARTESIAN_POINT('',(41.7708551489405,-25.6083869953442,-6.89005022666649));
#3303=CARTESIAN_POINT('',(40.9219770956121,-25.0072979010722,-6.09822979346002));
#3304=CARTESIAN_POINT('',(41.4313383064394,-24.6866475177759,-6.67264747738043));
#3305=FACE_BOUND('',#3306,.T.);
#3306=EDGE_LOOP('',(#5965,#5966,#5967,#5968));
#3307=PLANE('',#3308);
#3308=AXIS2_PLACEMENT_3D('',#3309,#3310,#3311);
#3309=CARTESIAN_POINT('',(35.5634926162456,-10.2849827905866,-2.63126392857304));
#3310=DIRECTION('',(0.716716434493661,0.0982796982859655,0.690404702642959));
#3311=DIRECTION('',(0.333941522864871,-0.917496793547373,-0.216061780833582));
#3312=FACE_BOUND('',#3313,.T.);
#3313=EDGE_LOOP('',(#5969,#5970,#5971,#5972));
#3314=PLANE('',#3315);
#3315=AXIS2_PLACEMENT_3D('',#3316,#3317,#3318);
#3316=CARTESIAN_POINT('',(35.5634926162456,10.2849827905866,-2.63126392857304));
#3317=DIRECTION('',(-0.716716434493661,0.0982796982859656,-0.690404702642959));
#3318=DIRECTION('',(0.333941522864871,0.917496793547373,-0.216061780833582));
#3319=FACE_BOUND('',#3320,.T.);
#3320=EDGE_LOOP('',(#5973,#5974,#5975,#5976));
#3321=B_SPLINE_SURFACE_WITH_KNOTS('',3,1,(
(#3322,#3323),
(#3324,#3325),
(#3326,#3327),
(#3328,#3329)),
.UNSPECIFIED.,.F.,.F.,.F.,
(4,4),
(2,2),
(0.644531582500678,4.22493201881631),
(0.,1.),
.UNSPECIFIED.);
#3322=CARTESIAN_POINT('',(41.9031168112854,27.7029571153846,-6.39999978751159));
#3323=CARTESIAN_POINT('',(42.4669439307307,27.4977762546666,-6.99999999993315));
#3324=CARTESIAN_POINT('',(41.5735516369146,26.7974842405051,-6.40408111752353));
#3325=CARTESIAN_POINT('',(42.1188264944646,26.5531896651196,-7.00011335814585));
#3326=CARTESIAN_POINT('',(41.2440553202784,25.8922005506967,-6.30272868678782));
#3327=CARTESIAN_POINT('',(41.7708551489405,25.6083869953442,-6.89005022666649));
#3328=CARTESIAN_POINT('',(40.9219770956121,25.0072979010722,-6.09822979346002));
#3329=CARTESIAN_POINT('',(41.4313383064394,24.6866475177759,-6.67264747738043));
#3330=FACE_BOUND('',#3331,.T.);
#3331=EDGE_LOOP('',(#5977,#5978,#5979,#5980));
#3332=PLANE('',#3333);
#3333=AXIS2_PLACEMENT_3D('',#3334,#3335,#3336);
#3334=CARTESIAN_POINT('',(41.0633955906735,25.3958420229712,-6.4));
#3335=DIRECTION('',(-0.664463024393578,0.241844762634511,-0.707106781186545));
#3336=DIRECTION('',(0.342020143306626,0.939692620792839,0.));
#3337=FACE_BOUND('',#3338,.T.);
#3338=EDGE_LOOP('',(#5981));
#3339=FACE_BOUND('',#3340,.T.);
#3340=EDGE_LOOP('',(#5982));
#3341=PLANE('',#3342);
#3342=AXIS2_PLACEMENT_3D('',#3343,#3344,#3345);
#3343=CARTESIAN_POINT('',(0.,0.,-8.));
#3344=DIRECTION('',(0.,0.,-1.));
#3345=DIRECTION('',(1.83696781819328E-16,1.,0.));
#3346=FACE_OUTER_BOUND('',#3347,.T.);
#3347=EDGE_LOOP('',(#5983));
#3348=FACE_OUTER_BOUND('',#3349,.T.);
#3349=EDGE_LOOP('',(#5984));
#3350=CYLINDRICAL_SURFACE('',#3351,3.55);
#3351=AXIS2_PLACEMENT_3D('',#3352,#3353,#3354);
#3352=CARTESIAN_POINT('',(42.5,42.5,-8.));
#3353=DIRECTION('',(0.,0.,1.));
#3354=DIRECTION('',(1.83696781819328E-16,1.,0.));
#3355=FACE_BOUND('',#3356,.T.);
#3356=EDGE_LOOP('',(#5985,#5986,#5987,#5988));
#3357=PLANE('',#3358);
#3358=AXIS2_PLACEMENT_3D('',#3359,#3360,#3361);
#3359=CARTESIAN_POINT('',(-41.0633955906735,25.3958420229712,-6.4));
#3360=DIRECTION('',(-0.664463024393578,-0.241844762634511,0.707106781186545));
#3361=DIRECTION('',(-0.342020143306627,0.939692620792839,0.));
#3362=FACE_BOUND('',#3363,.T.);
#3363=EDGE_LOOP('',(#5989));
#3364=FACE_BOUND('',#3365,.T.);
#3365=EDGE_LOOP('',(#5990));
#3366=PLANE('',#3367);
#3367=AXIS2_PLACEMENT_3D('',#3368,#3369,#3370);
#3368=CARTESIAN_POINT('',(0.,0.,-8.));
#3369=DIRECTION('',(0.,0.,1.));
#3370=DIRECTION('',(-3.06161461734063E-16,1.,0.));
#3371=FACE_OUTER_BOUND('',#3372,.T.);
#3372=EDGE_LOOP('',(#5991));
#3373=FACE_OUTER_BOUND('',#3374,.T.);
#3374=EDGE_LOOP('',(#5992));
#3375=CYLINDRICAL_SURFACE('',#3376,3.55);
#3376=AXIS2_PLACEMENT_3D('',#3377,#3378,#3379);
#3377=CARTESIAN_POINT('',(-42.5,42.5,-8.));
#3378=DIRECTION('',(0.,0.,-1.));
#3379=DIRECTION('',(-3.06161461734063E-16,1.,0.));
#3380=FACE_BOUND('',#3381,.T.);
#3381=EDGE_LOOP('',(#5993,#5994,#5995,#5996));
#3382=B_SPLINE_SURFACE_WITH_KNOTS('',3,1,(
(#3383,#3384),
(#3385,#3386),
(#3387,#3388),
(#3389,#3390)),
.UNSPECIFIED.,.F.,.F.,.F.,
(4,4),
(2,2),
(0.644531582500678,4.22493201881631),
(0.,1.),
.UNSPECIFIED.);
#3383=CARTESIAN_POINT('',(-41.9031168112854,27.7029571153846,-6.39999978751159));
#3384=CARTESIAN_POINT('',(-42.4669439307307,27.4977762546666,-6.99999999993315));
#3385=CARTESIAN_POINT('',(-41.5735516369146,26.7974842405051,-6.40408111752353));
#3386=CARTESIAN_POINT('',(-42.1188264944646,26.5531896651196,-7.00011335814585));
#3387=CARTESIAN_POINT('',(-41.2440553202784,25.8922005506967,-6.30272868678782));
#3388=CARTESIAN_POINT('',(-41.7708551489405,25.6083869953442,-6.89005022666649));
#3389=CARTESIAN_POINT('',(-40.9219770956121,25.0072979010722,-6.09822979346002));
#3390=CARTESIAN_POINT('',(-41.4313383064394,24.6866475177758,-6.67264747738043));
#3391=FACE_BOUND('',#3392,.T.);
#3392=EDGE_LOOP('',(#5997,#5998,#5999,#6000));
#3393=PLANE('',#3394);
#3394=AXIS2_PLACEMENT_3D('',#3395,#3396,#3397);
#3395=CARTESIAN_POINT('',(-35.5634926162456,10.2849827905866,-2.63126392857304));
#3396=DIRECTION('',(-0.716716434493661,-0.0982796982859657,0.690404702642959));
#3397=DIRECTION('',(-0.333941522864871,0.917496793547373,-0.216061780833582));
#3398=FACE_BOUND('',#3399,.T.);
#3399=EDGE_LOOP('',(#6001,#6002,#6003,#6004));
#3400=PLANE('',#3401);
#3401=AXIS2_PLACEMENT_3D('',#3402,#3403,#3404);
#3402=CARTESIAN_POINT('',(-35.5634926162456,-10.2849827905866,-2.63126392857304));
#3403=DIRECTION('',(0.716716434493661,-0.0982796982859654,-0.690404702642959));
#3404=DIRECTION('',(-0.333941522864871,-0.917496793547373,-0.216061780833582));
#3405=FACE_BOUND('',#3406,.T.);
#3406=EDGE_LOOP('',(#6005,#6006,#6007,#6008));
#3407=B_SPLINE_SURFACE_WITH_KNOTS('',3,1,(
(#3408,#3409),
(#3410,#3411),
(#3412,#3413),
(#3414,#3415)),
.UNSPECIFIED.,.F.,.F.,.F.,
(4,4),
(2,2),
(0.644531582500678,4.22493201881631),
(0.,1.),
.UNSPECIFIED.);
#3408=CARTESIAN_POINT('',(-41.9031168112854,-27.7029571153846,-6.39999978751159));
#3409=CARTESIAN_POINT('',(-42.4669439307307,-27.4977762546666,-6.99999999993315));
#3410=CARTESIAN_POINT('',(-41.5735516369145,-26.7974842405051,-6.40408111752353));
#3411=CARTESIAN_POINT('',(-42.1188264944646,-26.5531896651196,-7.00011335814585));
#3412=CARTESIAN_POINT('',(-41.2440553202784,-25.8922005506968,-6.30272868678782));
#3413=CARTESIAN_POINT('',(-41.7708551489405,-25.6083869953442,-6.89005022666649));
#3414=CARTESIAN_POINT('',(-40.9219770956121,-25.0072979010722,-6.09822979346002));
#3415=CARTESIAN_POINT('',(-41.4313383064393,-24.6866475177759,-6.67264747738043));
#3416=FACE_BOUND('',#3417,.T.);
#3417=EDGE_LOOP('',(#6009,#6010,#6011,#6012));
#3418=PLANE('',#3419);
#3419=AXIS2_PLACEMENT_3D('',#3420,#3421,#3422);
#3420=CARTESIAN_POINT('',(-41.0633955906735,-25.3958420229712,-6.4));
#3421=DIRECTION('',(0.664463024393578,-0.241844762634511,-0.707106781186545));
#3422=DIRECTION('',(-0.342020143306626,-0.939692620792839,0.));
#3423=FACE_BOUND('',#3424,.T.);
#3424=EDGE_LOOP('',(#6013));
#3425=FACE_BOUND('',#3426,.T.);
#3426=EDGE_LOOP('',(#6014));
#3427=PLANE('',#3428);
#3428=AXIS2_PLACEMENT_3D('',#3429,#3430,#3431);
#3429=CARTESIAN_POINT('',(0.,0.,-8.));
#3430=DIRECTION('',(0.,0.,-1.));
#3431=DIRECTION('',(6.12323399573677E-17,-1.,0.));
#3432=FACE_OUTER_BOUND('',#3433,.T.);
#3433=EDGE_LOOP('',(#6015));
#3434=FACE_OUTER_BOUND('',#3435,.T.);
#3435=EDGE_LOOP('',(#6016));
#3436=CYLINDRICAL_SURFACE('',#3437,3.55);
#3437=AXIS2_PLACEMENT_3D('',#3438,#3439,#3440);
#3438=CARTESIAN_POINT('',(-42.5,-42.5,-8.));
#3439=DIRECTION('',(0.,0.,1.));
#3440=DIRECTION('',(6.12323399573677E-17,-1.,0.));
#3441=FACE_BOUND('',#3442,.T.);
#3442=EDGE_LOOP('',(#6017,#6018,#6019,#6020));
#3443=PLANE('',#3444);
#3444=AXIS2_PLACEMENT_3D('',#3445,#3446,#3447);
#3445=CARTESIAN_POINT('',(-48.7793572161269,41.9171853190981,-6.6));
#3446=DIRECTION('',(0.664463024393575,0.24184476263451,0.707106781186548));
#3447=DIRECTION('',(0.342020143306627,-0.939692620792839,0.));
#3448=FACE_BOUND('',#3449,.T.);
#3449=EDGE_LOOP('',(#6021,#6022,#6023,#6024));
#3450=B_SPLINE_SURFACE_WITH_KNOTS('',3,1,(
(#3451,#3452),
(#3453,#3454),
(#3455,#3456),
(#3457,#3458)),
.UNSPECIFIED.,.F.,.F.,.F.,
(4,4),
(2,2),
(0.687086073464183,5.42976640473399),
(0.,1.),
.UNSPECIFIED.);
#3451=CARTESIAN_POINT('',(-43.4254974031383,27.2075763750589,-6.6000005242229));
#3452=CARTESIAN_POINT('',(-43.0496176413955,27.3443768995681,-6.99999999999629));
#3453=CARTESIAN_POINT('',(-43.0912946257531,26.289361790616,-6.59743119540982));
#3454=CARTESIAN_POINT('',(-42.7029573493851,26.3997087498382,-7.00009710523588));
#3455=CARTESIAN_POINT('',(-42.7571471023071,25.3712990151237,-6.48792265670128));
#3456=CARTESIAN_POINT('',(-42.3561575942629,25.4548932889495,-6.89015738708864));
#3457=CARTESIAN_POINT('',(-42.4311545942486,24.475641960265,-6.27417909867796));
#3458=CARTESIAN_POINT('',(-42.0174977170727,24.5323569871312,-6.67264584649427));
#3459=FACE_BOUND('',#3460,.T.);
#3460=EDGE_LOOP('',(#6025,#6026,#6027,#6028));
#3461=PLANE('',#3462);
#3462=AXIS2_PLACEMENT_3D('',#3463,#3464,#3465);
#3463=CARTESIAN_POINT('',(-42.9776998295642,25.9772626530999,-6.62779665605846));
#3464=DIRECTION('',(0.612209614293491,0.385409826983055,0.690404702642954));
#3465=DIRECTION('',(0.333941522864872,-0.917496793547373,0.216061780833582));
#3466=FACE_BOUND('',#3467,.T.);
#3467=EDGE_LOOP('',(#6029,#6030,#6031,#6032));
#3468=B_SPLINE_SURFACE_WITH_KNOTS('',3,1,(
(#3469,#3470),
(#3471,#3472),
(#3473,#3474),
(#3475,#3476)),
.UNSPECIFIED.,.F.,.F.,.F.,
(4,4),
(2,2),
(0.754934254119142,4.03769175149357),
(0.,1.),
.UNSPECIFIED.);
#3469=CARTESIAN_POINT('',(-37.3043501967817,10.278118708282,-2.93303629560155));
#3470=CARTESIAN_POINT('',(-36.8926829793128,10.3146900432922,-3.32734813546468));
#3471=CARTESIAN_POINT('',(-37.4654780380644,10.7952859600702,-3.05331242604201));
#3472=CARTESIAN_POINT('',(-37.0529997393133,10.8385260416726,-3.44899014708546));
#3473=CARTESIAN_POINT('',(-37.6387742581093,11.3086763957647,-3.17344815401707));
#3474=CARTESIAN_POINT('',(-37.2256084651801,11.3585648274582,-3.57051141651014));
#3475=CARTESIAN_POINT('',(-37.8240438924906,11.8177093352541,-3.29335632631138));
#3476=CARTESIAN_POINT('',(-37.4103899264799,11.8744287746171,-3.69182404667222));
#3477=FACE_BOUND('',#3478,.T.);
#3478=EDGE_LOOP('',(#6033,#6034,#6035,#6036));
#3479=B_SPLINE_SURFACE_WITH_KNOTS('',3,1,(
(#3480,#3481),
(#3482,#3483),
(#3484,#3485),
(#3486,#3487),
(#3488,#3489),
(#3490,#3491),
(#3492,#3493),
(#3494,#3495),
(#3496,#3497),
(#3498,#3499),
(#3500,#3501),
(#3502,#3503),
(#3504,#3505),
(#3506,#3507)),
.UNSPECIFIED.,.F.,.F.,.F.,
(4,1,1,1,1,1,1,1,1,1,1,4),
(2,2),
(0.766185012129553,1.79719537663982,2.23070539923046,2.62558179113696,3.00823321514577,
3.41637876467513,3.8801740208256,4.40844769970391,4.95761783944123,5.45140378055175,
5.82859978642951,6.23321970688424),
(0.,1.),
.UNSPECIFIED.);
#3480=CARTESIAN_POINT('',(-37.3043575775174,10.2781423978928,-2.93304134721632));
#3481=CARTESIAN_POINT('',(-36.8926885294632,10.3147087313822,-3.32735246553097));
#3482=CARTESIAN_POINT('',(-37.2481701122696,10.0977847244716,-2.89705578279245));
#3483=CARTESIAN_POINT('',(-36.8408115165762,10.137657178475,-3.28636921325687));
#3484=CARTESIAN_POINT('',(-37.1707089096671,9.84182414249702,-2.839738350496));
#3485=CARTESIAN_POINT('',(-36.7646657168829,9.88560395792505,-3.23356148403024));
#3486=CARTESIAN_POINT('',(-37.0756153427038,9.51384674367052,-2.77987208445796));
#3487=CARTESIAN_POINT('',(-36.6720098116818,9.56262340027377,-3.17632101431233));
#3488=CARTESIAN_POINT('',(-37.0148422461139,9.29892863335445,-2.74603162712264));
#3489=CARTESIAN_POINT('',(-36.6132751099497,9.35117315487738,-3.14266102086609));
#3490=CARTESIAN_POINT('',(-36.956516261294,9.08764236946622,-2.71589284066695));
#3491=CARTESIAN_POINT('',(-36.5566736979376,9.14337968322054,-3.11304735301292));
#3492=CARTESIAN_POINT('',(-36.8960979648005,8.86322720308403,-2.68772989004498));
#3493=CARTESIAN_POINT('',(-36.4979673665854,8.92270202685233,-3.08532008397693));
#3494=CARTESIAN_POINT('',(-36.8303497554249,8.61200859059268,-2.66076512414811));
#3495=CARTESIAN_POINT('',(-36.4339209162972,8.67553492516164,-3.05882746910241));
#3496=CARTESIAN_POINT('',(-36.7600084925593,8.33418918183351,-2.63670601156806));
#3497=CARTESIAN_POINT('',(-36.3652606022929,8.4024345069329,-3.03524813640882));
#3498=CARTESIAN_POINT('',(-36.6907067974187,8.05010702239946,-2.61835844085084));
#3499=CARTESIAN_POINT('',(-36.2973707922299,8.12304980703375,-3.01740491948274));
#3500=CARTESIAN_POINT('',(-36.6301410618961,7.79241682714318,-2.60739327165793));
#3501=CARTESIAN_POINT('',(-36.2379101664834,7.86975330766439,-3.0067006562339));
#3502=CARTESIAN_POINT('',(-36.5773517670671,7.56048127205611,-2.60122253149024));
#3503=CARTESIAN_POINT('',(-36.1858399183804,7.64180718840566,-3.00115781180819));
#3504=CARTESIAN_POINT('',(-36.5458976686865,7.41812688558881,-2.60042070438401));
#3505=CARTESIAN_POINT('',(-36.1549682731441,7.50184805180252,-2.99999996754114));
#3506=CARTESIAN_POINT('',(-36.5298582187331,7.34439011847571,-2.59999993040974));
#3507=CARTESIAN_POINT('',(-36.1389979568274,7.42940944626913,-3.00000000000516));
#3508=FACE_BOUND('',#3509,.T.);
#3509=EDGE_LOOP('',(#6037,#6038,#6039,#6040));
#3510=CONICAL_SURFACE('',#3511,34.7532978113629,0.785398163397441);
#3511=AXIS2_PLACEMENT_3D('',#3512,#3513,#3514);
#3512=CARTESIAN_POINT('',(-70.2936009530387,-1.13947005856061E-14,-2.8));
#3513=DIRECTION('',(0.,0.,-1.));
#3514=DIRECTION('',(0.972146607500693,0.234373576848785,0.));
#3515=FACE_BOUND('',#3516,.T.);
#3516=EDGE_LOOP('',(#6041,#6042,#6043,#6044));
#3517=B_SPLINE_SURFACE_WITH_KNOTS('',3,1,(
(#3518,#3519),
(#3520,#3521),
(#3522,#3523),
(#3524,#3525),
(#3526,#3527),
(#3528,#3529),
(#3530,#3531),
(#3532,#3533),
(#3534,#3535),
(#3536,#3537),
(#3538,#3539),
(#3540,#3541),
(#3542,#3543),
(#3544,#3545)),
.UNSPECIFIED.,.F.,.F.,.F.,
(4,1,1,1,1,1,1,1,1,1,1,4),
(2,2),
(0.766185012129551,1.79719537665223,2.23070539924803,2.62558179115916,3.00823321517228,
3.41637876470439,3.88017402085381,4.4084476997379,4.95761783950478,5.4514037807374,
5.82859978670302,6.23321970688425),
(0.,1.),
.UNSPECIFIED.);
#3518=CARTESIAN_POINT('',(-37.3043575775174,-10.2781423978928,-2.93304134721632));
#3519=CARTESIAN_POINT('',(-36.8926885294632,-10.3147087313823,-3.32735246553097));
#3520=CARTESIAN_POINT('',(-37.2481701122689,-10.0977847244695,-2.89705578279204));
#3521=CARTESIAN_POINT('',(-36.8408115165756,-10.1376571784728,-3.28636921325637));
#3522=CARTESIAN_POINT('',(-37.1707089096656,-9.8418241424918,-2.83973835049477));
#3523=CARTESIAN_POINT('',(-36.7646657168813,-9.88560395791991,-3.23356148402919));
#3524=CARTESIAN_POINT('',(-37.0756153427011,-9.5138467436613,-2.77987208445642));
#3525=CARTESIAN_POINT('',(-36.6720098116792,-9.56262340026469,-3.17632101431078));
#3526=CARTESIAN_POINT('',(-37.0148422461107,-9.29892863334269,-2.74603162712085));
#3527=CARTESIAN_POINT('',(-36.6132751099465,-9.35117315486582,-3.14266102086433));
#3528=CARTESIAN_POINT('',(-36.9565162612902,-9.08764236945232,-2.71589284066507));
#3529=CARTESIAN_POINT('',(-36.5566736979338,-9.14337968320686,-3.11304735301108));
#3530=CARTESIAN_POINT('',(-36.8960979647965,-8.863227203069,-2.68772989004323));
#3531=CARTESIAN_POINT('',(-36.4979673665815,-8.92270202683756,-3.08532008397521));
#3532=CARTESIAN_POINT('',(-36.8303497554207,-8.61200859057625,-2.66076512414651));
#3533=CARTESIAN_POINT('',(-36.433920916293,-8.67553492514548,-3.05882746910084));
#3534=CARTESIAN_POINT('',(-36.7600084925536,-8.33418918181083,-2.6367060115663));
#3535=CARTESIAN_POINT('',(-36.3652606022873,-8.40243450691061,-3.03524813640707));
#3536=CARTESIAN_POINT('',(-36.6907067974063,-8.05010702234824,-2.61835844084769));
#3537=CARTESIAN_POINT('',(-36.2973707922177,-8.12304980698338,-3.01740491947978));
#3538=CARTESIAN_POINT('',(-36.6301410618739,-7.79241682704827,-2.60739327165458));
#3539=CARTESIAN_POINT('',(-36.2379101664617,-7.86975330757111,-3.00670065623041));
#3540=CARTESIAN_POINT('',(-36.5773517670484,-7.56048127197259,-2.60122253148847));
#3541=CARTESIAN_POINT('',(-36.1858399183619,-7.64180718832356,-3.00115781180713));
#3542=CARTESIAN_POINT('',(-36.5458976686757,-7.41812688553896,-2.60042070438427));
#3543=CARTESIAN_POINT('',(-36.1549682731335,-7.50184805175354,-2.99999996754114));
#3544=CARTESIAN_POINT('',(-36.5298582187331,-7.34439011847573,-2.59999993040974));
#3545=CARTESIAN_POINT('',(-36.1389979568274,-7.42940944626914,-3.00000000000516));
#3546=FACE_BOUND('',#3547,.T.);
#3547=EDGE_LOOP('',(#6045,#6046,#6047,#6048));
#3548=B_SPLINE_SURFACE_WITH_KNOTS('',3,1,(
(#3549,#3550),
(#3551,#3552),
(#3553,#3554),
(#3555,#3556)),
.UNSPECIFIED.,.F.,.F.,.F.,
(4,4),
(2,2),
(0.754934254119132,4.03769175149355),
(0.,1.),
.UNSPECIFIED.);
#3549=CARTESIAN_POINT('',(-37.3043501967817,-10.278118708282,-2.93303629560155));
#3550=CARTESIAN_POINT('',(-36.8926829793128,-10.3146900432922,-3.32734813546468));
#3551=CARTESIAN_POINT('',(-37.4654780380644,-10.7952859600702,-3.053312426042));
#3552=CARTESIAN_POINT('',(-37.0529997393133,-10.8385260416726,-3.44899014708546));
#3553=CARTESIAN_POINT('',(-37.6387742581093,-11.3086763957647,-3.17344815401707));
#3554=CARTESIAN_POINT('',(-37.2256084651801,-11.3585648274582,-3.57051141651013));
#3555=CARTESIAN_POINT('',(-37.8240438924906,-11.8177093352541,-3.29335632631138));
#3556=CARTESIAN_POINT('',(-37.4103899264799,-11.8744287746171,-3.69182404667222));
#3557=FACE_BOUND('',#3558,.T.);
#3558=EDGE_LOOP('',(#6049,#6050,#6051,#6052));
#3559=PLANE('',#3560);
#3560=AXIS2_PLACEMENT_3D('',#3561,#3562,#3563);
#3561=CARTESIAN_POINT('',(-42.9776998295642,-25.9772626530999,-6.62779665605846));
#3562=DIRECTION('',(-0.612209614293493,0.385409826983055,-0.690404702642953));
#3563=DIRECTION('',(0.333941522864871,0.917496793547374,0.216061780833582));
#3564=FACE_BOUND('',#3565,.T.);
#3565=EDGE_LOOP('',(#6053,#6054,#6055,#6056));
#3566=B_SPLINE_SURFACE_WITH_KNOTS('',3,1,(
(#3567,#3568),
(#3569,#3570),
(#3571,#3572),
(#3573,#3574)),
.UNSPECIFIED.,.F.,.F.,.F.,
(4,4),
(2,2),
(0.687086073464186,5.42976640473401),
(0.,1.),
.UNSPECIFIED.);
#3567=CARTESIAN_POINT('',(-43.4254974031383,-27.2075763750589,-6.6000005242229));
#3568=CARTESIAN_POINT('',(-43.0496176413955,-27.3443768995681,-6.99999999999629));
#3569=CARTESIAN_POINT('',(-43.091294625753,-26.289361790616,-6.59743119540982));
#3570=CARTESIAN_POINT('',(-42.7029573493851,-26.3997087498382,-7.00009710523587));
#3571=CARTESIAN_POINT('',(-42.7571471023071,-25.3712990151237,-6.48792265670128));
#3572=CARTESIAN_POINT('',(-42.3561575942628,-25.4548932889495,-6.89015738708864));
#3573=CARTESIAN_POINT('',(-42.4311545942486,-24.4756419602651,-6.27417909867796));
#3574=CARTESIAN_POINT('',(-42.0174977170727,-24.5323569871312,-6.67264584649426));
#3575=FACE_BOUND('',#3576,.T.);
#3576=EDGE_LOOP('',(#6057,#6058,#6059,#6060));
#3577=PLANE('',#3578);
#3578=AXIS2_PLACEMENT_3D('',#3579,#3580,#3581);
#3579=CARTESIAN_POINT('',(-48.7793572161269,-41.9171853190981,-6.6));
#3580=DIRECTION('',(-0.664463024393573,0.241844762634509,-0.707106781186551));
#3581=DIRECTION('',(0.342020143306626,0.939692620792839,0.));
#3582=FACE_BOUND('',#3583,.T.);
#3583=EDGE_LOOP('',(#6061,#6062,#6063,#6064));
#3584=PLANE('',#3585);
#3585=AXIS2_PLACEMENT_3D('',#3586,#3587,#3588);
#3586=CARTESIAN_POINT('',(28.9070908393822,35.7905170174214,-6.6));
#3587=DIRECTION('',(-0.541675220429265,0.454519477660649,-0.707106781186546));
#3588=DIRECTION('',(0.642787609670424,0.766044443132501,-4.05784251992119E-17));
#3589=FACE_BOUND('',#3590,.T.);
#3590=EDGE_LOOP('',(#6065,#6066,#6067,#6068));
#3591=CONICAL_SURFACE('',#3592,13.5467409869595,0.785398165013087);
#3592=AXIS2_PLACEMENT_3D('',#3593,#3594,#3595);
#3593=CARTESIAN_POINT('',(30.0887599155782,36.8876306190361,6.74674098214159));
#3594=DIRECTION('',(0.7660444431325,-0.642787609670424,-2.77555756156289E-17));
#3595=DIRECTION('',(-0.176778316798677,-0.210676194146581,-0.96143900894947));
#3596=FACE_BOUND('',#3597,.T.);
#3597=EDGE_LOOP('',(#6069,#6070,#6071,#6072));
#3598=PLANE('',#3599);
#3599=AXIS2_PLACEMENT_3D('',#3600,#3601,#3602);
#3600=CARTESIAN_POINT('',(17.3940826966739,22.0698482011961,-2.58978675923413));
#3601=DIRECTION('',(-0.64027433888683,0.337013624208668,-0.690268489836217));
#3602=DIRECTION('',(0.627480947006841,0.747802672911769,-0.216930457818656));
#3603=FACE_BOUND('',#3604,.T.);
#3604=EDGE_LOOP('',(#6073,#6074,#6075,#6076));
#3605=CONICAL_SURFACE('',#3606,13.94674098385,0.785398164935157);
#3606=AXIS2_PLACEMENT_3D('',#3607,#3608,#3609);
#3607=CARTESIAN_POINT('',(16.5786365469455,20.7868925573078,-16.7467409821416));
#3608=DIRECTION('',(-0.766044443132501,0.642787609670424,-3.46944695195361E-18));
#3609=DIRECTION('',(0.0343366391803442,0.0409208131025346,0.998572221857201));
#3610=FACE_BOUND('',#3611,.T.);
#3611=EDGE_LOOP('',(#6077,#6078,#6079,#6080));
#3612=B_SPLINE_SURFACE_WITH_KNOTS('',3,1,(
(#3613,#3614),
(#3615,#3616),
(#3617,#3618),
(#3619,#3620),
(#3621,#3622),
(#3623,#3624),
(#3625,#3626),
(#3627,#3628),
(#3629,#3630)),
.UNSPECIFIED.,.F.,.F.,.F.,
(4,1,1,1,1,1,4),
(2,2),
(1.33304087274987,2.3146790835519,2.76956655338364,3.24037685620905,3.81001942034456,
4.50175721341336,5.66290148997901),
(0.,1.),
.UNSPECIFIED.);
#3613=CARTESIAN_POINT('',(16.393730512827,20.9960122344403,-2.59999979616326));
#3614=CARTESIAN_POINT('',(16.6719277973612,20.7085989292826,-3.00000000000361));
#3615=CARTESIAN_POINT('',(16.4736972569238,21.0734133781726,-2.60211352148361));
#3616=CARTESIAN_POINT('',(16.750471379816,20.7873598642613,-3.00000056912178));
#3617=CARTESIAN_POINT('',(16.5894498878902,21.1881222985823,-2.60335391796402));
#3618=CARTESIAN_POINT('',(16.8666475362124,20.9014642012757,-3.00195889011455));
#3619=CARTESIAN_POINT('',(16.7403617605266,21.3429091527099,-2.60949213727176));
#3620=CARTESIAN_POINT('',(17.0178610878407,21.0557145936952,-3.00837489552843));
#3621=CARTESIAN_POINT('',(16.8572833056908,21.4655223282642,-2.6169419480486));
#3622=CARTESIAN_POINT('',(17.1346386866854,21.1782816789181,-3.01533970339286));
#3623=CARTESIAN_POINT('',(16.9909020067793,21.6091865161331,-2.62775754236722));
#3624=CARTESIAN_POINT('',(17.268397939257,21.321560090831,-3.02592831495159));
#3625=CARTESIAN_POINT('',(17.1744924632089,21.812650879634,-2.64717827954102));
#3626=CARTESIAN_POINT('',(17.4523773484728,21.524322688693,-3.04500639681128));
#3627=CARTESIAN_POINT('',(17.3112422875148,21.97112201731,-2.66666986143917));
#3628=CARTESIAN_POINT('',(17.589728997604,21.6819519453784,-3.06440044319319));
#3629=CARTESIAN_POINT('',(17.395407614016,22.0714271762046,-2.68071320880524));
#3630=CARTESIAN_POINT('',(17.674399035806,21.7816265348635,-3.0784310423811));
#3631=FACE_BOUND('',#3632,.T.);
#3632=EDGE_LOOP('',(#6081,#6082,#6083,#6084));
#3633=CONICAL_SURFACE('',#3634,14.3972095242992,0.785398163397445);
#3634=AXIS2_PLACEMENT_3D('',#3635,#3636,#3637);
#3635=CARTESIAN_POINT('',(6.51970741531357,31.1972095242992,-2.8));
#3636=DIRECTION('',(0.,0.,-1.));
#3637=DIRECTION('',(0.0547775650139022,0.998498582057655,0.));
#3638=FACE_BOUND('',#3639,.T.);
#3639=EDGE_LOOP('',(#6085,#6086,#6087,#6088));
#3640=PLANE('',#3641);
#3641=AXIS2_PLACEMENT_3D('',#3642,#3643,#3644);
#3642=CARTESIAN_POINT('',(-8.11970740368832,17.,-2.6));
#3643=DIRECTION('',(0.,0.707106781186549,-0.707106781186546));
#3644=DIRECTION('',(1.,0.,0.));
#3645=FACE_BOUND('',#3646,.T.);
#3646=EDGE_LOOP('',(#6089,#6090,#6091,#6092));
#3647=CONICAL_SURFACE('',#3648,14.3972095242992,0.785398163397446);
#3648=AXIS2_PLACEMENT_3D('',#3649,#3650,#3651);
#3649=CARTESIAN_POINT('',(-6.51970741531358,31.1972095242992,-2.8));
#3650=DIRECTION('',(0.,0.,-1.));
#3651=DIRECTION('',(0.0547775650139025,-0.998498582057655,0.));
#3652=FACE_BOUND('',#3653,.T.);
#3653=EDGE_LOOP('',(#6093,#6094,#6095,#6096));
#3654=B_SPLINE_SURFACE_WITH_KNOTS('',3,1,(
(#3655,#3656),
(#3657,#3658),
(#3659,#3660),
(#3661,#3662),
(#3663,#3664),
(#3665,#3666),
(#3667,#3668),
(#3669,#3670),
(#3671,#3672)),
.UNSPECIFIED.,.F.,.F.,.F.,
(4,1,1,1,1,1,4),
(2,2),
(1.33304087274989,2.31467908354965,2.7695665533792,3.24037685620386,3.8100194203397,
4.50175721341085,5.66290148997903),
(0.,1.),
.UNSPECIFIED.);
#3655=CARTESIAN_POINT('',(-16.393730512827,20.9960122344403,-2.59999979616326));
#3656=CARTESIAN_POINT('',(-16.6719277973612,20.7085989292826,-3.00000000000361));
#3657=CARTESIAN_POINT('',(-16.4736972569237,21.0734133781725,-2.6021135214836));
#3658=CARTESIAN_POINT('',(-16.7504713798159,20.7873598642611,-3.00000056912179));
#3659=CARTESIAN_POINT('',(-16.5894498878897,21.1881222985818,-2.60335391796402));
#3660=CARTESIAN_POINT('',(-16.8666475362118,20.9014642012752,-3.00195889011454));
#3661=CARTESIAN_POINT('',(-16.7403617605257,21.3429091527089,-2.60949213727172));
#3662=CARTESIAN_POINT('',(-17.0178610878398,21.0557145936943,-3.00837489552839));
#3663=CARTESIAN_POINT('',(-16.8572833056897,21.465522328263,-2.61694194804852));
#3664=CARTESIAN_POINT('',(-17.1346386866842,21.1782816789169,-3.01533970339278));
#3665=CARTESIAN_POINT('',(-16.9909020067784,21.6091865161321,-2.62775754236712));
#3666=CARTESIAN_POINT('',(-17.2683979392561,21.32156009083,-3.0259283149515));
#3667=CARTESIAN_POINT('',(-17.1744924632084,21.8126508796334,-2.64717827954094));
#3668=CARTESIAN_POINT('',(-17.4523773484723,21.5243226886924,-3.04500639681121));
#3669=CARTESIAN_POINT('',(-17.3112422875147,21.9711220173098,-2.66666986143914));
#3670=CARTESIAN_POINT('',(-17.5897289976038,21.6819519453781,-3.06440044319316));
#3671=CARTESIAN_POINT('',(-17.395407614016,22.0714271762046,-2.68071320880524));
#3672=CARTESIAN_POINT('',(-17.674399035806,21.7816265348635,-3.0784310423811));
#3673=FACE_BOUND('',#3674,.T.);
#3674=EDGE_LOOP('',(#6097,#6098,#6099,#6100));
#3675=CONICAL_SURFACE('',#3676,13.94674098385,0.785398164935153);
#3676=AXIS2_PLACEMENT_3D('',#3677,#3678,#3679);
#3677=CARTESIAN_POINT('',(-16.5786365469455,20.7868925573078,-16.7467409821416));
#3678=DIRECTION('',(0.766044443132501,0.642787609670424,0.));
#3679=DIRECTION('',(0.0343366391803443,-0.0409208131025347,-0.998572221857201));
#3680=FACE_BOUND('',#3681,.T.);
#3681=EDGE_LOOP('',(#6101,#6102,#6103,#6104));
#3682=PLANE('',#3683);
#3683=AXIS2_PLACEMENT_3D('',#3684,#3685,#3686);
#3684=CARTESIAN_POINT('',(-17.3940826966739,22.0698482011961,-2.58978675923413));
#3685=DIRECTION('',(-0.640274338886837,-0.337013624208677,0.690268489836206));
#3686=DIRECTION('',(-0.627480947006841,0.747802672911769,-0.216930457818656));
#3687=FACE_BOUND('',#3688,.T.);
#3688=EDGE_LOOP('',(#6105,#6106,#6107,#6108));
#3689=CONICAL_SURFACE('',#3690,13.5467409869595,0.785398165013099);
#3690=AXIS2_PLACEMENT_3D('',#3691,#3692,#3693);
#3691=CARTESIAN_POINT('',(-30.0887599155782,36.8876306190361,6.74674098214159));
#3692=DIRECTION('',(-0.766044443132501,-0.642787609670424,2.77555756156289E-17));
#3693=DIRECTION('',(-0.176778316798677,0.210676194146581,0.96143900894947));
#3694=FACE_BOUND('',#3695,.T.);
#3695=EDGE_LOOP('',(#6109,#6110,#6111,#6112));
#3696=PLANE('',#3697);
#3697=AXIS2_PLACEMENT_3D('',#3698,#3699,#3700);
#3698=CARTESIAN_POINT('',(-28.9070908393822,35.7905170174214,-6.6));
#3699=DIRECTION('',(-0.541675220429265,-0.45451947766065,0.707106781186546));
#3700=DIRECTION('',(-0.642787609670424,0.7660444431325,4.05784251992119E-17));
#3701=FACE_BOUND('',#3702,.T.);
#3702=EDGE_LOOP('',(#6113,#6114,#6115,#6116));
#3703=PLANE('',#3704);
#3704=AXIS2_PLACEMENT_3D('',#3705,#3706,#3707);
#3705=CARTESIAN_POINT('',(28.9070908393822,-35.7905170174214,-6.6));
#3706=DIRECTION('',(0.541675220429267,0.454519477660651,0.707106781186544));
#3707=DIRECTION('',(0.642787609670424,-0.766044443132501,0.));
#3708=FACE_BOUND('',#3709,.T.);
#3709=EDGE_LOOP('',(#6117,#6118,#6119,#6120));
#3710=CONICAL_SURFACE('',#3711,13.5467409869595,0.785398165013085);
#3711=AXIS2_PLACEMENT_3D('',#3712,#3713,#3714);
#3712=CARTESIAN_POINT('',(30.0887599155782,-36.8876306190361,6.74674098214159));
#3713=DIRECTION('',(0.766044443132501,0.642787609670424,-2.77555756156289E-17));
#3714=DIRECTION('',(0.176778316798677,-0.210676194146581,0.96143900894947));
#3715=FACE_BOUND('',#3716,.T.);
#3716=EDGE_LOOP('',(#6121,#6122,#6123,#6124));
#3717=PLANE('',#3718);
#3718=AXIS2_PLACEMENT_3D('',#3719,#3720,#3721);
#3719=CARTESIAN_POINT('',(17.3940826966739,-22.0698482011961,-2.58978675923413));
#3720=DIRECTION('',(0.640274338886834,0.337013624208672,0.690268489836211));
#3721=DIRECTION('',(0.627480947006841,-0.747802672911769,-0.216930457818656));
#3722=FACE_BOUND('',#3723,.T.);
#3723=EDGE_LOOP('',(#6125,#6126,#6127,#6128));
#3724=CONICAL_SURFACE('',#3725,13.94674098385,0.785398164935155);
#3725=AXIS2_PLACEMENT_3D('',#3726,#3727,#3728);
#3726=CARTESIAN_POINT('',(16.5786365469455,-20.7868925573079,-16.7467409821416));
#3727=DIRECTION('',(-0.766044443132501,-0.642787609670424,0.));
#3728=DIRECTION('',(-0.0343366391803442,0.0409208131025346,-0.998572221857201));
#3729=FACE_BOUND('',#3730,.T.);
#3730=EDGE_LOOP('',(#6129,#6130,#6131,#6132));
#3731=B_SPLINE_SURFACE_WITH_KNOTS('',3,1,(
(#3732,#3733),
(#3734,#3735),
(#3736,#3737),
(#3738,#3739),
(#3740,#3741),
(#3742,#3743),
(#3744,#3745),
(#3746,#3747)),
.UNSPECIFIED.,.F.,.F.,.F.,
(4,1,1,1,1,4),
(2,2),
(1.33304140596524,2.420530701465,2.96739670054058,3.54431404846262,4.20328691704459,
5.6628989989997),
(0.,1.),
.UNSPECIFIED.);
#3732=CARTESIAN_POINT('',(16.393731284719,-20.9960129815762,-2.59999979497813));
#3733=CARTESIAN_POINT('',(16.6719270319516,-20.7085981953818,-3.00000000000441));
#3734=CARTESIAN_POINT('',(16.4823153102322,-21.0817546627729,-2.60262151965322));
#3735=CARTESIAN_POINT('',(16.7591027337005,-20.7956938176167,-3.00000101159532));
#3736=CARTESIAN_POINT('',(16.6138396592344,-21.2124248537935,-2.60425915119009));
#3737=CARTESIAN_POINT('',(16.8918434903585,-20.9249632587408,-3.00246711918379));
#3738=CARTESIAN_POINT('',(16.7880972036184,-21.392461196756,-2.61324878249491));
#3739=CARTESIAN_POINT('',(17.066300434158,-21.1045756012931,-3.0108409483465));
#3740=CARTESIAN_POINT('',(16.926591403012,-21.5394542047963,-2.62325637220844));
#3741=CARTESIAN_POINT('',(17.2048611593234,-21.2513219678747,-3.02039555066426));
#3742=CARTESIAN_POINT('',(17.1324981509128,-21.7645758255911,-2.64257062396066));
#3743=CARTESIAN_POINT('',(17.4110130591043,-21.4758753419898,-3.03949907348396));
#3744=CARTESIAN_POINT('',(17.2895731034512,-21.9452968600911,-2.66355332862874));
#3745=CARTESIAN_POINT('',(17.5683410836264,-21.6560125951684,-3.06079303470968));
#3746=CARTESIAN_POINT('',(17.3954074367409,-22.071426964936,-2.68071315123548));
#3747=CARTESIAN_POINT('',(17.674399014543,-21.781626553011,-3.07843104240623));
#3748=FACE_BOUND('',#3749,.T.);
#3749=EDGE_LOOP('',(#6133,#6134,#6135,#6136));
#3750=CONICAL_SURFACE('',#3751,14.3972095242992,0.785398163397445);
#3751=AXIS2_PLACEMENT_3D('',#3752,#3753,#3754);
#3752=CARTESIAN_POINT('',(6.51970741531357,-31.1972095242992,-2.8));
#3753=DIRECTION('',(0.,0.,-1.));
#3754=DIRECTION('',(-0.0547775650139021,0.998498582057655,0.));
#3755=FACE_BOUND('',#3756,.T.);
#3756=EDGE_LOOP('',(#6137,#6138,#6139,#6140));
#3757=PLANE('',#3758);
#3758=AXIS2_PLACEMENT_3D('',#3759,#3760,#3761);
#3759=CARTESIAN_POINT('',(-8.11970740368832,-17.,-2.6));
#3760=DIRECTION('',(0.,0.707106781186549,0.707106781186546));
#3761=DIRECTION('',(1.,0.,0.));
#3762=FACE_BOUND('',#3763,.T.);
#3763=EDGE_LOOP('',(#6141,#6142,#6143,#6144));
#3764=CONICAL_SURFACE('',#3765,14.3972095242992,0.785398163397446);
#3765=AXIS2_PLACEMENT_3D('',#3766,#3767,#3768);
#3766=CARTESIAN_POINT('',(-6.51970741531356,-31.1972095242992,-2.8));
#3767=DIRECTION('',(0.,0.,-1.));
#3768=DIRECTION('',(-0.0547775650139021,-0.998498582057655,0.));
#3769=FACE_BOUND('',#3770,.T.);
#3770=EDGE_LOOP('',(#6145,#6146,#6147,#6148));
#3771=B_SPLINE_SURFACE_WITH_KNOTS('',3,1,(
(#3772,#3773),
(#3774,#3775),
(#3776,#3777),
(#3778,#3779),
(#3780,#3781),
(#3782,#3783),
(#3784,#3785),
(#3786,#3787)),
.UNSPECIFIED.,.F.,.F.,.F.,
(4,1,1,1,1,4),
(2,2),
(1.33304140596522,2.42053070146381,2.96739670053856,3.5443140484594,4.20328691702818,
5.6628989989997),
(0.,1.),
.UNSPECIFIED.);
#3772=CARTESIAN_POINT('',(-16.393731284719,-20.9960129815762,-2.59999979497813));
#3773=CARTESIAN_POINT('',(-16.6719270319516,-20.7085981953818,-3.00000000000441));
#3774=CARTESIAN_POINT('',(-16.4823153102321,-21.0817546627728,-2.60262151965322));
#3775=CARTESIAN_POINT('',(-16.7591027337004,-20.7956938176166,-3.00000101159532));
#3776=CARTESIAN_POINT('',(-16.6138396592342,-21.2124248537932,-2.60425915119009));
#3777=CARTESIAN_POINT('',(-16.8918434903582,-20.9249632587405,-3.00246711918378));
#3778=CARTESIAN_POINT('',(-16.7880972036179,-21.3924611967555,-2.61324878249488));
#3779=CARTESIAN_POINT('',(-17.0663004341575,-21.1045756012925,-3.01084094834647));
#3780=CARTESIAN_POINT('',(-16.9265914030103,-21.5394542047945,-2.62325637220831));
#3781=CARTESIAN_POINT('',(-17.2048611593217,-21.2513219678729,-3.02039555066414));
#3782=CARTESIAN_POINT('',(-17.1324981509113,-21.7645758255894,-2.64257062396048));
#3783=CARTESIAN_POINT('',(-17.4110130591028,-21.4758753419881,-3.03949907348378));
#3784=CARTESIAN_POINT('',(-17.28957310345,-21.9452968600897,-2.66355332862855));
#3785=CARTESIAN_POINT('',(-17.5683410836252,-21.656012595167,-3.06079303470948));
#3786=CARTESIAN_POINT('',(-17.3954074367409,-22.071426964936,-2.68071315123548));
#3787=CARTESIAN_POINT('',(-17.674399014543,-21.781626553011,-3.07843104240623));
#3788=FACE_BOUND('',#3789,.T.);
#3789=EDGE_LOOP('',(#6149,#6150,#6151,#6152));
#3790=CONICAL_SURFACE('',#3791,13.94674098385,0.785398164935147);
#3791=AXIS2_PLACEMENT_3D('',#3792,#3793,#3794);
#3792=CARTESIAN_POINT('',(-16.5786365469455,-20.7868925573079,-16.7467409821416));
#3793=DIRECTION('',(0.766044443132501,-0.642787609670424,-6.93889390390723E-18));
#3794=DIRECTION('',(-0.0343366391803443,-0.0409208131025348,0.998572221857201));
#3795=FACE_BOUND('',#3796,.T.);
#3796=EDGE_LOOP('',(#6153,#6154,#6155,#6156));
#3797=PLANE('',#3798);
#3798=AXIS2_PLACEMENT_3D('',#3799,#3800,#3801);
#3799=CARTESIAN_POINT('',(-17.3940826966739,-22.0698482011961,-2.58978675923413));
#3800=DIRECTION('',(0.640274338886834,-0.337013624208672,-0.690268489836211));
#3801=DIRECTION('',(-0.627480947006841,-0.747802672911769,-0.216930457818656));
#3802=FACE_BOUND('',#3803,.T.);
#3803=EDGE_LOOP('',(#6157,#6158,#6159,#6160));
#3804=CONICAL_SURFACE('',#3805,13.5467409869595,0.785398165013085);
#3805=AXIS2_PLACEMENT_3D('',#3806,#3807,#3808);
#3806=CARTESIAN_POINT('',(-30.0887599155782,-36.8876306190361,6.74674098214159));
#3807=DIRECTION('',(-0.766044443132501,0.642787609670424,0.));
#3808=DIRECTION('',(0.176778316798677,0.210676194146581,-0.96143900894947));
#3809=FACE_BOUND('',#3810,.T.);
#3810=EDGE_LOOP('',(#6161,#6162,#6163,#6164));
#3811=PLANE('',#3812);
#3812=AXIS2_PLACEMENT_3D('',#3813,#3814,#3815);
#3813=CARTESIAN_POINT('',(-28.9070908393822,-35.7905170174214,-6.6));
#3814=DIRECTION('',(0.541675220429264,-0.454519477660648,-0.707106781186548));
#3815=DIRECTION('',(-0.642787609670424,-0.766044443132501,-4.0578425199212E-17));
#3816=FACE_OUTER_BOUND('',#3817,.T.);
#3817=EDGE_LOOP('',(#6165));
#3818=FACE_OUTER_BOUND('',#3819,.T.);
#3819=EDGE_LOOP('',(#6166));
#3820=CONICAL_SURFACE('',#3821,1.65,0.785398163397448);
#3821=AXIS2_PLACEMENT_3D('',#3822,#3823,#3824);
#3822=CARTESIAN_POINT('',(10.05,-5.10000000000001,2.5));
#3823=DIRECTION('',(0.,0.,1.));
#3824=DIRECTION('',(1.,0.,0.));
#3825=FACE_OUTER_BOUND('',#3826,.T.);
#3826=EDGE_LOOP('',(#6167));
#3827=FACE_OUTER_BOUND('',#3828,.T.);
#3828=EDGE_LOOP('',(#6168));
#3829=CONICAL_SURFACE('',#3830,1.65,0.785398163397448);
#3830=AXIS2_PLACEMENT_3D('',#3831,#3832,#3833);
#3831=CARTESIAN_POINT('',(-10.0499999999934,-5.1,2.5));
#3832=DIRECTION('',(0.,0.,1.));
#3833=DIRECTION('',(1.,0.,0.));
#3834=FACE_OUTER_BOUND('',#3835,.T.);
#3835=EDGE_LOOP('',(#6169));
#3836=FACE_OUTER_BOUND('',#3837,.T.);
#3837=EDGE_LOOP('',(#6170));
#3838=CONICAL_SURFACE('',#3839,1.65,0.78539816339745);
#3839=AXIS2_PLACEMENT_3D('',#3840,#3841,#3842);
#3840=CARTESIAN_POINT('',(10.05,-5.10000000000001,0.2));
#3841=DIRECTION('',(0.,0.,-1.));
#3842=DIRECTION('',(-1.,0.,0.));
#3843=FACE_OUTER_BOUND('',#3844,.T.);
#3844=EDGE_LOOP('',(#6171));
#3845=FACE_OUTER_BOUND('',#3846,.T.);
#3846=EDGE_LOOP('',(#6172));
#3847=CONICAL_SURFACE('',#3848,1.65,0.78539816339745);
#3848=AXIS2_PLACEMENT_3D('',#3849,#3850,#3851);
#3849=CARTESIAN_POINT('',(-10.0499999999934,-5.1,0.2));
#3850=DIRECTION('',(0.,0.,-1.));
#3851=DIRECTION('',(-1.,0.,0.));
#3852=FACE_BOUND('',#3853,.T.);
#3853=EDGE_LOOP('',(#6173,#6174,#6175,#6176));
#3854=PLANE('',#3855);
#3855=AXIS2_PLACEMENT_3D('',#3856,#3857,#3858);
#3856=CARTESIAN_POINT('',(-14.6,4.6,2.7));
#3857=DIRECTION('',(0.,0.707106781186547,0.707106781186547));
#3858=DIRECTION('',(1.,0.,0.));
#3859=FACE_BOUND('',#3860,.T.);
#3860=EDGE_LOOP('',(#6177,#6178,#6179,#6180));
#3861=PLANE('',#3862);
#3862=AXIS2_PLACEMENT_3D('',#3863,#3864,#3865);
#3863=CARTESIAN_POINT('',(-13.4,10.6,2.7));
#3864=DIRECTION('',(0.707106781186546,5.23364152894589E-16,0.70710678118655));
#3865=DIRECTION('',(7.40148683083437E-16,-1.,7.74734577076023E-32));
#3866=FACE_BOUND('',#3867,.T.);
#3867=EDGE_LOOP('',(#6181,#6182,#6183,#6184));
#3868=PLANE('',#3869);
#3869=AXIS2_PLACEMENT_3D('',#3870,#3871,#3872);
#3870=CARTESIAN_POINT('',(-2.5,9.4,2.7));
#3871=DIRECTION('',(-3.1142329759017E-16,-0.707106781186547,0.707106781186547));
#3872=DIRECTION('',(-1.,4.40419051090971E-16,0.));
#3873=FACE_BOUND('',#3874,.T.);
#3874=EDGE_LOOP('',(#6185,#6186,#6187,#6188));
#3875=PLANE('',#3876);
#3876=AXIS2_PLACEMENT_3D('',#3877,#3878,#3879);
#3877=CARTESIAN_POINT('',(14.6,9.39999999999999,2.7));
#3878=DIRECTION('',(-4.15231063453559E-16,-0.707106781186546,0.707106781186549));
#3879=DIRECTION('',(-1.,5.87225401454628E-16,0.));
#3880=FACE_BOUND('',#3881,.T.);
#3881=EDGE_LOOP('',(#6189,#6190,#6191,#6192));
#3882=PLANE('',#3883);
#3883=AXIS2_PLACEMENT_3D('',#3884,#3885,#3886);
#3884=CARTESIAN_POINT('',(13.4,3.4,2.7));
#3885=DIRECTION('',(-0.707106781186547,0.,0.707106781186548));
#3886=DIRECTION('',(0.,1.,0.));
#3887=FACE_BOUND('',#3888,.T.);
#3888=EDGE_LOOP('',(#6193,#6194,#6195,#6196));
#3889=PLANE('',#3890);
#3890=AXIS2_PLACEMENT_3D('',#3891,#3892,#3893);
#3891=CARTESIAN_POINT('',(2.5,4.6,2.7));
#3892=DIRECTION('',(0.,0.707106781186547,0.707106781186547));
#3893=DIRECTION('',(1.,0.,0.));
#3894=FACE_BOUND('',#3895,.T.);
#3895=EDGE_LOOP('',(#6197,#6198,#6199,#6200));
#3896=PLANE('',#3897);
#3897=AXIS2_PLACEMENT_3D('',#3898,#3899,#3900);
#3898=CARTESIAN_POINT('',(13.2,-8.9,0.));
#3899=DIRECTION('',(1.51334212885183E-16,-0.707106781186546,0.70710678118655));
#3900=DIRECTION('',(1.,2.14018896313283E-16,0.));
#3901=FACE_BOUND('',#3902,.T.);
#3902=EDGE_LOOP('',(#6201,#6202,#6203,#6204));
#3903=PLANE('',#3904);
#3904=AXIS2_PLACEMENT_3D('',#3905,#3906,#3907);
#3905=CARTESIAN_POINT('',(13.2,8.89999999999999,0.));
#3906=DIRECTION('',(1.51334212885184E-16,-0.70710678118655,-0.707106781186545));
#3907=DIRECTION('',(1.,2.14018896313283E-16,0.));
#3908=FACE_BOUND('',#3909,.T.);
#3909=EDGE_LOOP('',(#6205,#6206,#6207,#6208));
#3910=PLANE('',#3911);
#3911=AXIS2_PLACEMENT_3D('',#3912,#3913,#3914);
#3912=CARTESIAN_POINT('',(-13.2,8.89999999999999,0.));
#3913=DIRECTION('',(-3.02668425770366E-16,0.707106781186547,0.707106781186548));
#3914=DIRECTION('',(-1.,-4.28037792626566E-16,0.));
#3915=FACE_BOUND('',#3916,.T.);
#3916=EDGE_LOOP('',(#6209,#6210,#6211,#6212));
#3917=PLANE('',#3918);
#3918=AXIS2_PLACEMENT_3D('',#3919,#3920,#3921);
#3919=CARTESIAN_POINT('',(-13.2,-8.9,0.));
#3920=DIRECTION('',(-1.51334212885183E-16,0.707106781186547,-0.707106781186548));
#3921=DIRECTION('',(-1.,-2.14018896313283E-16,-1.68014727558655E-32));
#3922=FACE_BOUND('',#3923,.T.);
#3923=EDGE_LOOP('',(#6213,#6214,#6215,#6216));
#3924=PLANE('',#3925);
#3925=AXIS2_PLACEMENT_3D('',#3926,#3927,#3928);
#3926=CARTESIAN_POINT('',(48.7793572161269,-41.9171853190981,-6.6));
#3927=DIRECTION('',(-0.664463024393578,-0.241844762634511,0.707106781186545));
#3928=DIRECTION('',(-0.342020143306626,0.939692620792839,1.82389931177337E-17));
#3929=FACE_BOUND('',#3930,.T.);
#3930=EDGE_LOOP('',(#6217,#6218,#6219,#6220));
#3931=B_SPLINE_SURFACE_WITH_KNOTS('',3,1,(
(#3932,#3933),
(#3934,#3935),
(#3936,#3937),
(#3938,#3939)),
.UNSPECIFIED.,.F.,.F.,.F.,
(4,4),
(2,2),
(0.687086073464192,5.429766404734),
(0.,1.),
.UNSPECIFIED.);
#3932=CARTESIAN_POINT('',(43.4254974031383,-27.2075763750589,-6.6000005242229));
#3933=CARTESIAN_POINT('',(43.0496176413955,-27.3443768995681,-6.99999999999629));
#3934=CARTESIAN_POINT('',(43.0912946257531,-26.289361790616,-6.59743119540983));
#3935=CARTESIAN_POINT('',(42.7029573493851,-26.3997087498382,-7.00009710523588));
#3936=CARTESIAN_POINT('',(42.7571471023071,-25.3712990151237,-6.48792265670128));
#3937=CARTESIAN_POINT('',(42.3561575942629,-25.4548932889496,-6.89015738708864));
#3938=CARTESIAN_POINT('',(42.4311545942486,-24.475641960265,-6.27417909867796));
#3939=CARTESIAN_POINT('',(42.0174977170727,-24.5323569871312,-6.67264584649427));
#3940=FACE_BOUND('',#3941,.T.);
#3941=EDGE_LOOP('',(#6221,#6222,#6223,#6224));
#3942=PLANE('',#3943);
#3943=AXIS2_PLACEMENT_3D('',#3944,#3945,#3946);
#3944=CARTESIAN_POINT('',(42.9776998295642,-25.9772626530999,-6.62779665605846));
#3945=DIRECTION('',(-0.612209614293481,-0.385409826983053,0.690404702642965));
#3946=DIRECTION('',(-0.333941522864871,0.917496793547373,0.216061780833582));
#3947=FACE_BOUND('',#3948,.T.);
#3948=EDGE_LOOP('',(#6225,#6226,#6227,#6228));
#3949=B_SPLINE_SURFACE_WITH_KNOTS('',3,1,(
(#3950,#3951),
(#3952,#3953),
(#3954,#3955),
(#3956,#3957)),
.UNSPECIFIED.,.F.,.F.,.F.,
(4,4),
(2,2),
(0.754934254119138,4.03769175149357),
(0.,1.),
.UNSPECIFIED.);
#3950=CARTESIAN_POINT('',(37.3043501967817,-10.278118708282,-2.93303629560155));
#3951=CARTESIAN_POINT('',(36.8926829793128,-10.3146900432922,-3.32734813546468));
#3952=CARTESIAN_POINT('',(37.4654780380644,-10.7952859600702,-3.05331242604201));
#3953=CARTESIAN_POINT('',(37.0529997393133,-10.8385260416726,-3.44899014708546));
#3954=CARTESIAN_POINT('',(37.6387742581093,-11.3086763957647,-3.17344815401707));
#3955=CARTESIAN_POINT('',(37.2256084651801,-11.3585648274583,-3.57051141651014));
#3956=CARTESIAN_POINT('',(37.8240438924906,-11.8177093352541,-3.29335632631138));
#3957=CARTESIAN_POINT('',(37.4103899264799,-11.8744287746171,-3.69182404667222));
#3958=FACE_BOUND('',#3959,.T.);
#3959=EDGE_LOOP('',(#6229,#6230,#6231,#6232));
#3960=B_SPLINE_SURFACE_WITH_KNOTS('',3,1,(
(#3961,#3962),
(#3963,#3964),
(#3965,#3966),
(#3967,#3968),
(#3969,#3970),
(#3971,#3972),
(#3973,#3974),
(#3975,#3976),
(#3977,#3978),
(#3979,#3980),
(#3981,#3982),
(#3983,#3984),
(#3985,#3986),
(#3987,#3988)),
.UNSPECIFIED.,.F.,.F.,.F.,
(4,1,1,1,1,1,1,1,1,1,1,4),
(2,2),
(0.76618501212955,1.79719537665642,2.23070539925403,2.62558179116688,3.00823321518181,
3.4163787647154,3.88017402086449,4.40844769975147,4.95761783953222,5.45140378082525,
5.82859978683506,6.23321970688425),
(0.,1.),
.UNSPECIFIED.);
#3961=CARTESIAN_POINT('',(37.3043575775174,-10.2781423978928,-2.93304134721632));
#3962=CARTESIAN_POINT('',(36.8926885294632,-10.3147087313822,-3.32735246553097));
#3963=CARTESIAN_POINT('',(37.2481701122687,-10.0977847244687,-2.89705578279191));
#3964=CARTESIAN_POINT('',(36.8408115165754,-10.1376571784721,-3.28636921325622));
#3965=CARTESIAN_POINT('',(37.170708909665,-9.84182414249002,-2.83973835049436));
#3966=CARTESIAN_POINT('',(36.7646657168808,-9.88560395791815,-3.23356148402881));
#3967=CARTESIAN_POINT('',(37.0756153427002,-9.51384674365812,-2.77987208445589));
#3968=CARTESIAN_POINT('',(36.6720098116784,-9.56262340026157,-3.17632101431026));
#3969=CARTESIAN_POINT('',(37.0148422461095,-9.29892863333854,-2.74603162712022));
#3970=CARTESIAN_POINT('',(36.6132751099454,-9.35117315486174,-3.14266102086371));
#3971=CARTESIAN_POINT('',(36.9565162612888,-9.08764236944726,-2.71589284066439));
#3972=CARTESIAN_POINT('',(36.5566736979325,-9.14337968320189,-3.11304735301041));
#3973=CARTESIAN_POINT('',(36.896097964795,-8.86322720306341,-2.68772989004258));
#3974=CARTESIAN_POINT('',(36.4979673665801,-8.92270202683206,-3.08532008397457));
#3975=CARTESIAN_POINT('',(36.8303497554191,-8.61200859056991,-2.66076512414589));
#3976=CARTESIAN_POINT('',(36.4339209162915,-8.67553492513925,-3.05882746910023));
#3977=CARTESIAN_POINT('',(36.7600084925513,-8.33418918180149,-2.63670601156558));
#3978=CARTESIAN_POINT('',(36.3652606022851,-8.40243450690143,-3.03524813640636));
#3979=CARTESIAN_POINT('',(36.6907067974007,-8.05010702232493,-2.61835844084625));
#3980=CARTESIAN_POINT('',(36.2973707922122,-8.12304980696045,-3.01740491947841));
#3981=CARTESIAN_POINT('',(36.6301410618635,-7.79241682700336,-2.607393271653));
#3982=CARTESIAN_POINT('',(36.2379101664515,-7.86975330752697,-3.00670065622876));
#3983=CARTESIAN_POINT('',(36.5773517670395,-7.56048127193258,-2.60122253148762));
#3984=CARTESIAN_POINT('',(36.185839918353,-7.64180718828423,-3.00115781180662));
#3985=CARTESIAN_POINT('',(36.5458976686705,-7.41812688551489,-2.60042070438439));
#3986=CARTESIAN_POINT('',(36.1549682731283,-7.50184805172988,-2.99999996754114));
#3987=CARTESIAN_POINT('',(36.5298582187331,-7.34439011847573,-2.59999993040974));
#3988=CARTESIAN_POINT('',(36.1389979568274,-7.42940944626914,-3.00000000000516));
#3989=FACE_BOUND('',#3990,.T.);
#3990=EDGE_LOOP('',(#6233,#6234,#6235,#6236));
#3991=CONICAL_SURFACE('',#3992,34.7532978113629,0.785398163397432);
#3992=AXIS2_PLACEMENT_3D('',#3993,#3994,#3995);
#3993=CARTESIAN_POINT('',(70.2936009530387,-2.78621724483807E-15,-2.8));
#3994=DIRECTION('',(0.,0.,-1.));
#3995=DIRECTION('',(0.972146607500693,-0.234373576848785,0.));
#3996=FACE_BOUND('',#3997,.T.);
#3997=EDGE_LOOP('',(#6237,#6238,#6239,#6240));
#3998=B_SPLINE_SURFACE_WITH_KNOTS('',3,1,(
(#3999,#4000),
(#4001,#4002),
(#4003,#4004),
(#4005,#4006),
(#4007,#4008),
(#4009,#4010),
(#4011,#4012),
(#4013,#4014),
(#4015,#4016),
(#4017,#4018),
(#4019,#4020),
(#4021,#4022),
(#4023,#4024),
(#4025,#4026)),
.UNSPECIFIED.,.F.,.F.,.F.,
(4,1,1,1,1,1,1,1,1,1,1,4),
(2,2),
(0.766185012129556,1.79719537669136,2.2307053993035,2.62558179122935,3.00823321525634,
3.41637876479847,3.88017402094012,4.4084476998162,4.95761783960779,5.45140378104279,
5.82859978716432,6.23321970688424),
(0.,1.),
.UNSPECIFIED.);
#3999=CARTESIAN_POINT('',(37.3043575775174,10.2781423978928,-2.93304134721632));
#4000=CARTESIAN_POINT('',(36.8926885294632,10.3147087313822,-3.32735246553097));
#4001=CARTESIAN_POINT('',(37.2481701122668,10.0977847244626,-2.89705578279076));
#4002=CARTESIAN_POINT('',(36.8408115165737,10.1376571784661,-3.28636921325483));
#4003=CARTESIAN_POINT('',(37.1707089096606,9.84182414247528,-2.8397383504909));
#4004=CARTESIAN_POINT('',(36.7646657168763,9.88560395790362,-3.23356148402583));
#4005=CARTESIAN_POINT('',(37.0756153426928,9.51384674363214,-2.77987208445155));
#4006=CARTESIAN_POINT('',(36.6720098116712,9.56262340023598,-3.17632101430591));
#4007=CARTESIAN_POINT('',(37.0148422461002,9.29892863330538,-2.74603162711518));
#4008=CARTESIAN_POINT('',(36.6132751099364,9.35117315482913,-3.14266102085875));
#4009=CARTESIAN_POINT('',(36.9565162612781,9.08764236940796,-2.71589284065911));
#4010=CARTESIAN_POINT('',(36.5566736979221,9.14337968316326,-3.1130473530052));
#4011=CARTESIAN_POINT('',(36.896097964784,8.86322720302162,-2.68772989003772));
#4012=CARTESIAN_POINT('',(36.4979673665693,8.92270202679095,-3.0853200839698));
#4013=CARTESIAN_POINT('',(36.8303497554087,8.61200859052971,-2.66076512414203));
#4014=CARTESIAN_POINT('',(36.4339209162814,8.67553492509971,-3.05882746909645));
#4015=CARTESIAN_POINT('',(36.7600084925416,8.33418918176249,-2.63670601156266));
#4016=CARTESIAN_POINT('',(36.3652606022756,8.40243450686309,-3.03524813640347));
#4017=CARTESIAN_POINT('',(36.690706797385,8.05010702226016,-2.61835844084235));
#4018=CARTESIAN_POINT('',(36.2973707921968,8.12304980689676,-3.01740491947473));
#4019=CARTESIAN_POINT('',(36.6301410618372,7.79241682689031,-2.60739327164901));
#4020=CARTESIAN_POINT('',(36.2379101664257,7.86975330741586,-3.00670065622461));
#4021=CARTESIAN_POINT('',(36.5773517670173,7.56048127183308,-2.60122253148548));
#4022=CARTESIAN_POINT('',(36.185839918331,7.64180718818644,-3.00115781180535));
#4023=CARTESIAN_POINT('',(36.5458976686574,7.41812688545485,-2.60042070438472));
#4024=CARTESIAN_POINT('',(36.1549682731155,7.50184805167087,-2.99999996754114));
#4025=CARTESIAN_POINT('',(36.5298582187331,7.34439011847572,-2.59999993040974));
#4026=CARTESIAN_POINT('',(36.1389979568274,7.42940944626913,-3.00000000000516));
#4027=FACE_BOUND('',#4028,.T.);
#4028=EDGE_LOOP('',(#6241,#6242,#6243,#6244));
#4029=B_SPLINE_SURFACE_WITH_KNOTS('',3,1,(
(#4030,#4031),
(#4032,#4033),
(#4034,#4035),
(#4036,#4037),
(#4038,#4039)),
.UNSPECIFIED.,.F.,.F.,.F.,
(4,1,4),
(2,2),
(0.754934254119139,2.82185564135488,4.03769175149355),
(0.,1.),
.UNSPECIFIED.);
#4030=CARTESIAN_POINT('',(37.3043501967817,10.278118708282,-2.93303629560155));
#4031=CARTESIAN_POINT('',(36.8926829793128,10.3146900432922,-3.32734813546468));
#4032=CARTESIAN_POINT('',(37.4058014872369,10.6037433445074,-3.00876848903679));
#4033=CARTESIAN_POINT('',(36.9936271191331,10.6445246903295,-3.40394034888165));
#4034=CARTESIAN_POINT('',(37.5745896548048,11.1185302376292,-3.12894812284332));
#4035=CARTESIAN_POINT('',(37.1616717325111,11.1659349370806,-3.52549818217786));
#4036=CARTESIAN_POINT('',(37.7554261683238,11.6291798672365,-3.24895017477128));
#4037=CARTESIAN_POINT('',(37.3419584494247,11.6833865244771,-3.64689775749437));
#4038=CARTESIAN_POINT('',(37.8240438924906,11.8177093352541,-3.29335632631138));
#4039=CARTESIAN_POINT('',(37.4103899264799,11.8744287746171,-3.69182404667222));
#4040=FACE_BOUND('',#4041,.T.);
#4041=EDGE_LOOP('',(#6245,#6246,#6247,#6248));
#4042=PLANE('',#4043);
#4043=AXIS2_PLACEMENT_3D('',#4044,#4045,#4046);
#4044=CARTESIAN_POINT('',(42.9776998295642,25.9772626530999,-6.62779665605846));
#4045=DIRECTION('',(0.612209614293495,-0.385409826983055,-0.690404702642951));
#4046=DIRECTION('',(-0.333941522864872,-0.917496793547373,0.216061780833582));
#4047=FACE_BOUND('',#4048,.T.);
#4048=EDGE_LOOP('',(#6249,#6250,#6251,#6252));
#4049=B_SPLINE_SURFACE_WITH_KNOTS('',3,1,(
(#4050,#4051),
(#4052,#4053),
(#4054,#4055),
(#4056,#4057)),
.UNSPECIFIED.,.F.,.F.,.F.,
(4,4),
(2,2),
(0.687086073464182,5.42976640473398),
(0.,1.),
.UNSPECIFIED.);
#4050=CARTESIAN_POINT('',(43.4254974031383,27.2075763750589,-6.6000005242229));
#4051=CARTESIAN_POINT('',(43.0496176413955,27.3443768995681,-6.99999999999629));
#4052=CARTESIAN_POINT('',(43.0912946257531,26.289361790616,-6.59743119540983));
#4053=CARTESIAN_POINT('',(42.7029573493851,26.3997087498382,-7.00009710523588));
#4054=CARTESIAN_POINT('',(42.7571471023071,25.3712990151237,-6.48792265670127));
#4055=CARTESIAN_POINT('',(42.3561575942629,25.4548932889495,-6.89015738708864));
#4056=CARTESIAN_POINT('',(42.4311545942486,24.475641960265,-6.27417909867796));
#4057=CARTESIAN_POINT('',(42.0174977170727,24.5323569871312,-6.67264584649427));
#4058=FACE_BOUND('',#4059,.T.);
#4059=EDGE_LOOP('',(#6253,#6254,#6255,#6256));
#4060=PLANE('',#4061);
#4061=AXIS2_PLACEMENT_3D('',#4062,#4063,#4064);
#4062=CARTESIAN_POINT('',(48.7793572161269,41.9171853190981,-6.6));
#4063=DIRECTION('',(0.664463024393573,-0.241844762634509,-0.707106781186551));
#4064=DIRECTION('',(-0.342020143306626,-0.939692620792839,0.));
#4065=ORIENTED_EDGE('',*,*,#6257,.T.);
#4066=ORIENTED_EDGE('',*,*,#6258,.F.);
#4067=ORIENTED_EDGE('',*,*,#6259,.F.);
#4068=ORIENTED_EDGE('',*,*,#6260,.F.);
#4069=ORIENTED_EDGE('',*,*,#6261,.T.);
#4070=ORIENTED_EDGE('',*,*,#6262,.F.);
#4071=ORIENTED_EDGE('',*,*,#6263,.F.);
#4072=ORIENTED_EDGE('',*,*,#6264,.F.);
#4073=ORIENTED_EDGE('',*,*,#6265,.F.);
#4074=ORIENTED_EDGE('',*,*,#6266,.F.);
#4075=ORIENTED_EDGE('',*,*,#6267,.F.);
#4076=ORIENTED_EDGE('',*,*,#6268,.T.);
#4077=ORIENTED_EDGE('',*,*,#6269,.F.);
#4078=ORIENTED_EDGE('',*,*,#6270,.T.);
#4079=ORIENTED_EDGE('',*,*,#6271,.F.);
#4080=ORIENTED_EDGE('',*,*,#6272,.F.);
#4081=ORIENTED_EDGE('',*,*,#6261,.F.);
#4082=ORIENTED_EDGE('',*,*,#6273,.T.);
#4083=ORIENTED_EDGE('',*,*,#6274,.F.);
#4084=ORIENTED_EDGE('',*,*,#6275,.T.);
#4085=ORIENTED_EDGE('',*,*,#6257,.F.);
#4086=ORIENTED_EDGE('',*,*,#6276,.T.);
#4087=ORIENTED_EDGE('',*,*,#6277,.T.);
#4088=ORIENTED_EDGE('',*,*,#6278,.T.);
#4089=ORIENTED_EDGE('',*,*,#6279,.F.);
#4090=ORIENTED_EDGE('',*,*,#6280,.T.);
#4091=ORIENTED_EDGE('',*,*,#6263,.T.);
#4092=ORIENTED_EDGE('',*,*,#6281,.T.);
#4093=ORIENTED_EDGE('',*,*,#6282,.T.);
#4094=ORIENTED_EDGE('',*,*,#6283,.F.);
#4095=ORIENTED_EDGE('',*,*,#6284,.F.);
#4096=ORIENTED_EDGE('',*,*,#6285,.F.);
#4097=ORIENTED_EDGE('',*,*,#6286,.F.);
#4098=ORIENTED_EDGE('',*,*,#6287,.F.);
#4099=ORIENTED_EDGE('',*,*,#6267,.T.);
#4100=ORIENTED_EDGE('',*,*,#6288,.T.);
#4101=ORIENTED_EDGE('',*,*,#6289,.T.);
#4102=ORIENTED_EDGE('',*,*,#6290,.T.);
#4103=ORIENTED_EDGE('',*,*,#6291,.T.);
#4104=ORIENTED_EDGE('',*,*,#6292,.T.);
#4105=ORIENTED_EDGE('',*,*,#6293,.T.);
#4106=ORIENTED_EDGE('',*,*,#6294,.T.);
#4107=ORIENTED_EDGE('',*,*,#6295,.T.);
#4108=ORIENTED_EDGE('',*,*,#6296,.T.);
#4109=ORIENTED_EDGE('',*,*,#6297,.T.);
#4110=ORIENTED_EDGE('',*,*,#6298,.T.);
#4111=ORIENTED_EDGE('',*,*,#6299,.T.);
#4112=ORIENTED_EDGE('',*,*,#6300,.T.);
#4113=ORIENTED_EDGE('',*,*,#6301,.F.);
#4114=ORIENTED_EDGE('',*,*,#6302,.F.);
#4115=ORIENTED_EDGE('',*,*,#6303,.F.);
#4116=ORIENTED_EDGE('',*,*,#6304,.F.);
#4117=ORIENTED_EDGE('',*,*,#6305,.F.);
#4118=ORIENTED_EDGE('',*,*,#6306,.F.);
#4119=ORIENTED_EDGE('',*,*,#6307,.F.);
#4120=ORIENTED_EDGE('',*,*,#6308,.F.);
#4121=ORIENTED_EDGE('',*,*,#6309,.F.);
#4122=ORIENTED_EDGE('',*,*,#6310,.F.);
#4123=ORIENTED_EDGE('',*,*,#6311,.F.);
#4124=ORIENTED_EDGE('',*,*,#6312,.F.);
#4125=ORIENTED_EDGE('',*,*,#6313,.F.);
#4126=ORIENTED_EDGE('',*,*,#6314,.T.);
#4127=ORIENTED_EDGE('',*,*,#6315,.T.);
#4128=ORIENTED_EDGE('',*,*,#6316,.T.);
#4129=ORIENTED_EDGE('',*,*,#6317,.T.);
#4130=ORIENTED_EDGE('',*,*,#6318,.T.);
#4131=ORIENTED_EDGE('',*,*,#6319,.T.);
#4132=ORIENTED_EDGE('',*,*,#6320,.T.);
#4133=ORIENTED_EDGE('',*,*,#6321,.T.);
#4134=ORIENTED_EDGE('',*,*,#6322,.T.);
#4135=ORIENTED_EDGE('',*,*,#6323,.T.);
#4136=ORIENTED_EDGE('',*,*,#6324,.T.);
#4137=ORIENTED_EDGE('',*,*,#6325,.T.);
#4138=ORIENTED_EDGE('',*,*,#6326,.T.);
#4139=ORIENTED_EDGE('',*,*,#6327,.T.);
#4140=ORIENTED_EDGE('',*,*,#6328,.F.);
#4141=ORIENTED_EDGE('',*,*,#6329,.F.);
#4142=ORIENTED_EDGE('',*,*,#6330,.F.);
#4143=ORIENTED_EDGE('',*,*,#6331,.F.);
#4144=ORIENTED_EDGE('',*,*,#6332,.F.);
#4145=ORIENTED_EDGE('',*,*,#6333,.F.);
#4146=ORIENTED_EDGE('',*,*,#6334,.F.);
#4147=ORIENTED_EDGE('',*,*,#6335,.F.);
#4148=ORIENTED_EDGE('',*,*,#6336,.F.);
#4149=ORIENTED_EDGE('',*,*,#6337,.F.);
#4150=ORIENTED_EDGE('',*,*,#6338,.F.);
#4151=ORIENTED_EDGE('',*,*,#6339,.F.);
#4152=ORIENTED_EDGE('',*,*,#6340,.F.);
#4153=ORIENTED_EDGE('',*,*,#6341,.T.);
#4154=ORIENTED_EDGE('',*,*,#6342,.T.);
#4155=ORIENTED_EDGE('',*,*,#6343,.T.);
#4156=ORIENTED_EDGE('',*,*,#6278,.F.);
#4157=ORIENTED_EDGE('',*,*,#6344,.F.);
#4158=ORIENTED_EDGE('',*,*,#6285,.T.);
#4159=ORIENTED_EDGE('',*,*,#6345,.T.);
#4160=ORIENTED_EDGE('',*,*,#6346,.T.);
#4161=ORIENTED_EDGE('',*,*,#6347,.T.);
#4162=ORIENTED_EDGE('',*,*,#6283,.T.);
#4163=ORIENTED_EDGE('',*,*,#6348,.F.);
#4164=ORIENTED_EDGE('',*,*,#6270,.F.);
#4165=ORIENTED_EDGE('',*,*,#6349,.T.);
#4166=ORIENTED_EDGE('',*,*,#6350,.F.);
#4167=ORIENTED_EDGE('',*,*,#6351,.T.);
#4168=ORIENTED_EDGE('',*,*,#6352,.F.);
#4169=ORIENTED_EDGE('',*,*,#6353,.F.);
#4170=ORIENTED_EDGE('',*,*,#6354,.T.);
#4171=ORIENTED_EDGE('',*,*,#6355,.F.);
#4172=ORIENTED_EDGE('',*,*,#6356,.T.);
#4173=ORIENTED_EDGE('',*,*,#6357,.F.);
#4174=ORIENTED_EDGE('',*,*,#6358,.T.);
#4175=ORIENTED_EDGE('',*,*,#6359,.T.);
#4176=ORIENTED_EDGE('',*,*,#6360,.F.);
#4177=ORIENTED_EDGE('',*,*,#6361,.T.);
#4178=ORIENTED_EDGE('',*,*,#6362,.F.);
#4179=ORIENTED_EDGE('',*,*,#6363,.T.);
#4180=ORIENTED_EDGE('',*,*,#6364,.F.);
#4181=ORIENTED_EDGE('',*,*,#6365,.T.);
#4182=ORIENTED_EDGE('',*,*,#6366,.F.);
#4183=ORIENTED_EDGE('',*,*,#6367,.T.);
#4184=ORIENTED_EDGE('',*,*,#6368,.F.);
#4185=ORIENTED_EDGE('',*,*,#6369,.T.);
#4186=ORIENTED_EDGE('',*,*,#6370,.T.);
#4187=ORIENTED_EDGE('',*,*,#6371,.F.);
#4188=ORIENTED_EDGE('',*,*,#6372,.T.);
#4189=ORIENTED_EDGE('',*,*,#6373,.F.);
#4190=ORIENTED_EDGE('',*,*,#6374,.T.);
#4191=ORIENTED_EDGE('',*,*,#6375,.F.);
#4192=ORIENTED_EDGE('',*,*,#6376,.F.);
#4193=ORIENTED_EDGE('',*,*,#6377,.T.);
#4194=ORIENTED_EDGE('',*,*,#6378,.F.);
#4195=ORIENTED_EDGE('',*,*,#6379,.T.);
#4196=ORIENTED_EDGE('',*,*,#6380,.F.);
#4197=ORIENTED_EDGE('',*,*,#6381,.T.);
#4198=ORIENTED_EDGE('',*,*,#6382,.F.);
#4199=ORIENTED_EDGE('',*,*,#6383,.T.);
#4200=ORIENTED_EDGE('',*,*,#6384,.F.);
#4201=ORIENTED_EDGE('',*,*,#6385,.T.);
#4202=ORIENTED_EDGE('',*,*,#6386,.F.);
#4203=ORIENTED_EDGE('',*,*,#6387,.F.);
#4204=ORIENTED_EDGE('',*,*,#6388,.T.);
#4205=ORIENTED_EDGE('',*,*,#6389,.F.);
#4206=ORIENTED_EDGE('',*,*,#6390,.T.);
#4207=ORIENTED_EDGE('',*,*,#6391,.F.);
#4208=ORIENTED_EDGE('',*,*,#6392,.T.);
#4209=ORIENTED_EDGE('',*,*,#6393,.T.);
#4210=ORIENTED_EDGE('',*,*,#6394,.F.);
#4211=ORIENTED_EDGE('',*,*,#6395,.T.);
#4212=ORIENTED_EDGE('',*,*,#6396,.F.);
#4213=ORIENTED_EDGE('',*,*,#6397,.T.);
#4214=ORIENTED_EDGE('',*,*,#6398,.F.);
#4215=ORIENTED_EDGE('',*,*,#6399,.F.);
#4216=ORIENTED_EDGE('',*,*,#6400,.T.);
#4217=ORIENTED_EDGE('',*,*,#6401,.F.);
#4218=ORIENTED_EDGE('',*,*,#6402,.T.);
#4219=ORIENTED_EDGE('',*,*,#6403,.F.);
#4220=ORIENTED_EDGE('',*,*,#6404,.T.);
#4221=ORIENTED_EDGE('',*,*,#6405,.F.);
#4222=ORIENTED_EDGE('',*,*,#6406,.T.);
#4223=ORIENTED_EDGE('',*,*,#6407,.F.);
#4224=ORIENTED_EDGE('',*,*,#6408,.T.);
#4225=ORIENTED_EDGE('',*,*,#6409,.F.);
#4226=ORIENTED_EDGE('',*,*,#6410,.T.);
#4227=ORIENTED_EDGE('',*,*,#6411,.T.);
#4228=ORIENTED_EDGE('',*,*,#6412,.F.);
#4229=ORIENTED_EDGE('',*,*,#6413,.T.);
#4230=ORIENTED_EDGE('',*,*,#6414,.T.);
#4231=ORIENTED_EDGE('',*,*,#6415,.F.);
#4232=ORIENTED_EDGE('',*,*,#6288,.F.);
#4233=ORIENTED_EDGE('',*,*,#6266,.T.);
#4234=ORIENTED_EDGE('',*,*,#6416,.T.);
#4235=ORIENTED_EDGE('',*,*,#6417,.F.);
#4236=ORIENTED_EDGE('',*,*,#6418,.F.);
#4237=ORIENTED_EDGE('',*,*,#6258,.T.);
#4238=ORIENTED_EDGE('',*,*,#6275,.F.);
#4239=ORIENTED_EDGE('',*,*,#6419,.F.);
#4240=ORIENTED_EDGE('',*,*,#6420,.F.);
#4241=ORIENTED_EDGE('',*,*,#6259,.T.);
#4242=ORIENTED_EDGE('',*,*,#6418,.T.);
#4243=ORIENTED_EDGE('',*,*,#6421,.F.);
#4244=ORIENTED_EDGE('',*,*,#6273,.F.);
#4245=ORIENTED_EDGE('',*,*,#6260,.T.);
#4246=ORIENTED_EDGE('',*,*,#6420,.T.);
#4247=ORIENTED_EDGE('',*,*,#6422,.F.);
#4248=ORIENTED_EDGE('',*,*,#6423,.F.);
#4249=ORIENTED_EDGE('',*,*,#6264,.T.);
#4250=ORIENTED_EDGE('',*,*,#6280,.F.);
#4251=ORIENTED_EDGE('',*,*,#6424,.F.);
#4252=ORIENTED_EDGE('',*,*,#6416,.F.);
#4253=ORIENTED_EDGE('',*,*,#6265,.T.);
#4254=ORIENTED_EDGE('',*,*,#6423,.T.);
#4255=ORIENTED_EDGE('',*,*,#6425,.F.);
#4256=ORIENTED_EDGE('',*,*,#6426,.F.);
#4257=ORIENTED_EDGE('',*,*,#6427,.T.);
#4258=ORIENTED_EDGE('',*,*,#6262,.T.);
#4259=ORIENTED_EDGE('',*,*,#6428,.T.);
#4260=ORIENTED_EDGE('',*,*,#6268,.F.);
#4261=ORIENTED_EDGE('',*,*,#6429,.F.);
#4262=ORIENTED_EDGE('',*,*,#6430,.T.);
#4263=ORIENTED_EDGE('',*,*,#6431,.F.);
#4264=ORIENTED_EDGE('',*,*,#6271,.T.);
#4265=ORIENTED_EDGE('',*,*,#6348,.T.);
#4266=ORIENTED_EDGE('',*,*,#6282,.F.);
#4267=ORIENTED_EDGE('',*,*,#6432,.T.);
#4268=ORIENTED_EDGE('',*,*,#6433,.F.);
#4269=ORIENTED_EDGE('',*,*,#6434,.T.);
#4270=ORIENTED_EDGE('',*,*,#6435,.F.);
#4271=ORIENTED_EDGE('',*,*,#6436,.F.);
#4272=ORIENTED_EDGE('',*,*,#6437,.T.);
#4273=ORIENTED_EDGE('',*,*,#6438,.F.);
#4274=ORIENTED_EDGE('',*,*,#6439,.T.);
#4275=ORIENTED_EDGE('',*,*,#6440,.F.);
#4276=ORIENTED_EDGE('',*,*,#6425,.T.);
#4277=ORIENTED_EDGE('',*,*,#6272,.T.);
#4278=ORIENTED_EDGE('',*,*,#6431,.T.);
#4279=ORIENTED_EDGE('',*,*,#6441,.T.);
#4280=ORIENTED_EDGE('',*,*,#6442,.F.);
#4281=ORIENTED_EDGE('',*,*,#6443,.F.);
#4282=ORIENTED_EDGE('',*,*,#6276,.F.);
#4283=ORIENTED_EDGE('',*,*,#6428,.F.);
#4284=ORIENTED_EDGE('',*,*,#6444,.T.);
#4285=ORIENTED_EDGE('',*,*,#6445,.F.);
#4286=ORIENTED_EDGE('',*,*,#6446,.T.);
#4287=ORIENTED_EDGE('',*,*,#6447,.F.);
#4288=ORIENTED_EDGE('',*,*,#6448,.F.);
#4289=ORIENTED_EDGE('',*,*,#6449,.T.);
#4290=ORIENTED_EDGE('',*,*,#6450,.F.);
#4291=ORIENTED_EDGE('',*,*,#6451,.T.);
#4292=ORIENTED_EDGE('',*,*,#6452,.F.);
#4293=ORIENTED_EDGE('',*,*,#6286,.T.);
#4294=ORIENTED_EDGE('',*,*,#6344,.T.);
#4295=ORIENTED_EDGE('',*,*,#6277,.F.);
#4296=ORIENTED_EDGE('',*,*,#6443,.T.);
#4297=ORIENTED_EDGE('',*,*,#6453,.F.);
#4298=ORIENTED_EDGE('',*,*,#6432,.F.);
#4299=ORIENTED_EDGE('',*,*,#6281,.F.);
#4300=ORIENTED_EDGE('',*,*,#6427,.F.);
#4301=ORIENTED_EDGE('',*,*,#6454,.T.);
#4302=ORIENTED_EDGE('',*,*,#6455,.F.);
#4303=ORIENTED_EDGE('',*,*,#6429,.T.);
#4304=ORIENTED_EDGE('',*,*,#6287,.T.);
#4305=ORIENTED_EDGE('',*,*,#6452,.T.);
#4306=ORIENTED_EDGE('',*,*,#6456,.T.);
#4307=ORIENTED_EDGE('',*,*,#6457,.T.);
#4308=ORIENTED_EDGE('',*,*,#6458,.T.);
#4309=ORIENTED_EDGE('',*,*,#6289,.F.);
#4310=ORIENTED_EDGE('',*,*,#6459,.F.);
#4311=ORIENTED_EDGE('',*,*,#6460,.T.);
#4312=ORIENTED_EDGE('',*,*,#6461,.T.);
#4313=ORIENTED_EDGE('',*,*,#6290,.F.);
#4314=ORIENTED_EDGE('',*,*,#6458,.F.);
#4315=ORIENTED_EDGE('',*,*,#6462,.T.);
#4316=ORIENTED_EDGE('',*,*,#6463,.T.);
#4317=ORIENTED_EDGE('',*,*,#6291,.F.);
#4318=ORIENTED_EDGE('',*,*,#6461,.F.);
#4319=ORIENTED_EDGE('',*,*,#6464,.T.);
#4320=ORIENTED_EDGE('',*,*,#6465,.T.);
#4321=ORIENTED_EDGE('',*,*,#6466,.T.);
#4322=ORIENTED_EDGE('',*,*,#6292,.F.);
#4323=ORIENTED_EDGE('',*,*,#6467,.T.);
#4324=ORIENTED_EDGE('',*,*,#6468,.T.);
#4325=ORIENTED_EDGE('',*,*,#6469,.F.);
#4326=ORIENTED_EDGE('',*,*,#6297,.F.);
#4327=ORIENTED_EDGE('',*,*,#6470,.F.);
#4328=ORIENTED_EDGE('',*,*,#6471,.T.);
#4329=ORIENTED_EDGE('',*,*,#6472,.F.);
#4330=ORIENTED_EDGE('',*,*,#6473,.T.);
#4331=ORIENTED_EDGE('',*,*,#6474,.F.);
#4332=ORIENTED_EDGE('',*,*,#6293,.F.);
#4333=ORIENTED_EDGE('',*,*,#6466,.F.);
#4334=ORIENTED_EDGE('',*,*,#6475,.T.);
#4335=ORIENTED_EDGE('',*,*,#6476,.F.);
#4336=ORIENTED_EDGE('',*,*,#6294,.F.);
#4337=ORIENTED_EDGE('',*,*,#6474,.T.);
#4338=ORIENTED_EDGE('',*,*,#6477,.T.);
#4339=ORIENTED_EDGE('',*,*,#6478,.T.);
#4340=ORIENTED_EDGE('',*,*,#6295,.F.);
#4341=ORIENTED_EDGE('',*,*,#6476,.T.);
#4342=ORIENTED_EDGE('',*,*,#6479,.T.);
#4343=ORIENTED_EDGE('',*,*,#6480,.T.);
#4344=ORIENTED_EDGE('',*,*,#6480,.F.);
#4345=ORIENTED_EDGE('',*,*,#6481,.T.);
#4346=ORIENTED_EDGE('',*,*,#6482,.T.);
#4347=ORIENTED_EDGE('',*,*,#6470,.T.);
#4348=ORIENTED_EDGE('',*,*,#6296,.F.);
#4349=ORIENTED_EDGE('',*,*,#6483,.T.);
#4350=ORIENTED_EDGE('',*,*,#6298,.F.);
#4351=ORIENTED_EDGE('',*,*,#6469,.T.);
#4352=ORIENTED_EDGE('',*,*,#6484,.T.);
#4353=ORIENTED_EDGE('',*,*,#6485,.T.);
#4354=ORIENTED_EDGE('',*,*,#6486,.T.);
#4355=ORIENTED_EDGE('',*,*,#6299,.F.);
#4356=ORIENTED_EDGE('',*,*,#6487,.F.);
#4357=ORIENTED_EDGE('',*,*,#6488,.T.);
#4358=ORIENTED_EDGE('',*,*,#6489,.T.);
#4359=ORIENTED_EDGE('',*,*,#6300,.F.);
#4360=ORIENTED_EDGE('',*,*,#6486,.F.);
#4361=ORIENTED_EDGE('',*,*,#6490,.F.);
#4362=ORIENTED_EDGE('',*,*,#6491,.T.);
#4363=ORIENTED_EDGE('',*,*,#6301,.T.);
#4364=ORIENTED_EDGE('',*,*,#6489,.F.);
#4365=ORIENTED_EDGE('',*,*,#6492,.T.);
#4366=ORIENTED_EDGE('',*,*,#6302,.T.);
#4367=ORIENTED_EDGE('',*,*,#6491,.F.);
#4368=ORIENTED_EDGE('',*,*,#6493,.F.);
#4369=ORIENTED_EDGE('',*,*,#6494,.T.);
#4370=ORIENTED_EDGE('',*,*,#6303,.T.);
#4371=ORIENTED_EDGE('',*,*,#6492,.F.);
#4372=ORIENTED_EDGE('',*,*,#6495,.F.);
#4373=ORIENTED_EDGE('',*,*,#6496,.F.);
#4374=ORIENTED_EDGE('',*,*,#6497,.F.);
#4375=ORIENTED_EDGE('',*,*,#6304,.T.);
#4376=ORIENTED_EDGE('',*,*,#6498,.F.);
#4377=ORIENTED_EDGE('',*,*,#6499,.F.);
#4378=ORIENTED_EDGE('',*,*,#6500,.T.);
#4379=ORIENTED_EDGE('',*,*,#6309,.T.);
#4380=ORIENTED_EDGE('',*,*,#6501,.T.);
#4381=ORIENTED_EDGE('',*,*,#6502,.F.);
#4382=ORIENTED_EDGE('',*,*,#6503,.T.);
#4383=ORIENTED_EDGE('',*,*,#6504,.F.);
#4384=ORIENTED_EDGE('',*,*,#6505,.T.);
#4385=ORIENTED_EDGE('',*,*,#6305,.T.);
#4386=ORIENTED_EDGE('',*,*,#6497,.T.);
#4387=ORIENTED_EDGE('',*,*,#6506,.F.);
#4388=ORIENTED_EDGE('',*,*,#6507,.F.);
#4389=ORIENTED_EDGE('',*,*,#6306,.T.);
#4390=ORIENTED_EDGE('',*,*,#6505,.F.);
#4391=ORIENTED_EDGE('',*,*,#6508,.F.);
#4392=ORIENTED_EDGE('',*,*,#6509,.F.);
#4393=ORIENTED_EDGE('',*,*,#6510,.T.);
#4394=ORIENTED_EDGE('',*,*,#6510,.F.);
#4395=ORIENTED_EDGE('',*,*,#6511,.F.);
#4396=ORIENTED_EDGE('',*,*,#6512,.F.);
#4397=ORIENTED_EDGE('',*,*,#6307,.T.);
#4398=ORIENTED_EDGE('',*,*,#6513,.F.);
#4399=ORIENTED_EDGE('',*,*,#6514,.F.);
#4400=ORIENTED_EDGE('',*,*,#6501,.F.);
#4401=ORIENTED_EDGE('',*,*,#6308,.T.);
#4402=ORIENTED_EDGE('',*,*,#6512,.T.);
#4403=ORIENTED_EDGE('',*,*,#6310,.T.);
#4404=ORIENTED_EDGE('',*,*,#6500,.F.);
#4405=ORIENTED_EDGE('',*,*,#6515,.F.);
#4406=ORIENTED_EDGE('',*,*,#6516,.F.);
#4407=ORIENTED_EDGE('',*,*,#6517,.T.);
#4408=ORIENTED_EDGE('',*,*,#6311,.T.);
#4409=ORIENTED_EDGE('',*,*,#6518,.F.);
#4410=ORIENTED_EDGE('',*,*,#6519,.F.);
#4411=ORIENTED_EDGE('',*,*,#6520,.T.);
#4412=ORIENTED_EDGE('',*,*,#6312,.T.);
#4413=ORIENTED_EDGE('',*,*,#6517,.F.);
#4414=ORIENTED_EDGE('',*,*,#6521,.F.);
#4415=ORIENTED_EDGE('',*,*,#6522,.T.);
#4416=ORIENTED_EDGE('',*,*,#6313,.T.);
#4417=ORIENTED_EDGE('',*,*,#6520,.F.);
#4418=ORIENTED_EDGE('',*,*,#6523,.F.);
#4419=ORIENTED_EDGE('',*,*,#6522,.F.);
#4420=ORIENTED_EDGE('',*,*,#6524,.T.);
#4421=ORIENTED_EDGE('',*,*,#6525,.T.);
#4422=ORIENTED_EDGE('',*,*,#6314,.F.);
#4423=ORIENTED_EDGE('',*,*,#6526,.T.);
#4424=ORIENTED_EDGE('',*,*,#6527,.T.);
#4425=ORIENTED_EDGE('',*,*,#6315,.F.);
#4426=ORIENTED_EDGE('',*,*,#6525,.F.);
#4427=ORIENTED_EDGE('',*,*,#6528,.T.);
#4428=ORIENTED_EDGE('',*,*,#6529,.T.);
#4429=ORIENTED_EDGE('',*,*,#6316,.F.);
#4430=ORIENTED_EDGE('',*,*,#6527,.F.);
#4431=ORIENTED_EDGE('',*,*,#6530,.T.);
#4432=ORIENTED_EDGE('',*,*,#6531,.T.);
#4433=ORIENTED_EDGE('',*,*,#6317,.F.);
#4434=ORIENTED_EDGE('',*,*,#6529,.F.);
#4435=ORIENTED_EDGE('',*,*,#6532,.T.);
#4436=ORIENTED_EDGE('',*,*,#6533,.T.);
#4437=ORIENTED_EDGE('',*,*,#6534,.T.);
#4438=ORIENTED_EDGE('',*,*,#6318,.F.);
#4439=ORIENTED_EDGE('',*,*,#6535,.T.);
#4440=ORIENTED_EDGE('',*,*,#6536,.T.);
#4441=ORIENTED_EDGE('',*,*,#6537,.F.);
#4442=ORIENTED_EDGE('',*,*,#6323,.F.);
#4443=ORIENTED_EDGE('',*,*,#6538,.F.);
#4444=ORIENTED_EDGE('',*,*,#6539,.T.);
#4445=ORIENTED_EDGE('',*,*,#6540,.F.);
#4446=ORIENTED_EDGE('',*,*,#6541,.T.);
#4447=ORIENTED_EDGE('',*,*,#6542,.F.);
#4448=ORIENTED_EDGE('',*,*,#6319,.F.);
#4449=ORIENTED_EDGE('',*,*,#6534,.F.);
#4450=ORIENTED_EDGE('',*,*,#6543,.T.);
#4451=ORIENTED_EDGE('',*,*,#6544,.F.);
#4452=ORIENTED_EDGE('',*,*,#6320,.F.);
#4453=ORIENTED_EDGE('',*,*,#6542,.T.);
#4454=ORIENTED_EDGE('',*,*,#6545,.T.);
#4455=ORIENTED_EDGE('',*,*,#6546,.T.);
#4456=ORIENTED_EDGE('',*,*,#6321,.F.);
#4457=ORIENTED_EDGE('',*,*,#6544,.T.);
#4458=ORIENTED_EDGE('',*,*,#6547,.T.);
#4459=ORIENTED_EDGE('',*,*,#6548,.T.);
#4460=ORIENTED_EDGE('',*,*,#6548,.F.);
#4461=ORIENTED_EDGE('',*,*,#6549,.T.);
#4462=ORIENTED_EDGE('',*,*,#6550,.T.);
#4463=ORIENTED_EDGE('',*,*,#6538,.T.);
#4464=ORIENTED_EDGE('',*,*,#6322,.F.);
#4465=ORIENTED_EDGE('',*,*,#6551,.T.);
#4466=ORIENTED_EDGE('',*,*,#6324,.F.);
#4467=ORIENTED_EDGE('',*,*,#6537,.T.);
#4468=ORIENTED_EDGE('',*,*,#6552,.T.);
#4469=ORIENTED_EDGE('',*,*,#6553,.T.);
#4470=ORIENTED_EDGE('',*,*,#6554,.T.);
#4471=ORIENTED_EDGE('',*,*,#6325,.F.);
#4472=ORIENTED_EDGE('',*,*,#6555,.F.);
#4473=ORIENTED_EDGE('',*,*,#6556,.T.);
#4474=ORIENTED_EDGE('',*,*,#6557,.T.);
#4475=ORIENTED_EDGE('',*,*,#6326,.F.);
#4476=ORIENTED_EDGE('',*,*,#6554,.F.);
#4477=ORIENTED_EDGE('',*,*,#6558,.T.);
#4478=ORIENTED_EDGE('',*,*,#6327,.F.);
#4479=ORIENTED_EDGE('',*,*,#6557,.F.);
#4480=ORIENTED_EDGE('',*,*,#6559,.T.);
#4481=ORIENTED_EDGE('',*,*,#6560,.T.);
#4482=ORIENTED_EDGE('',*,*,#6328,.T.);
#4483=ORIENTED_EDGE('',*,*,#6558,.F.);
#4484=ORIENTED_EDGE('',*,*,#6561,.F.);
#4485=ORIENTED_EDGE('',*,*,#6562,.T.);
#4486=ORIENTED_EDGE('',*,*,#6329,.T.);
#4487=ORIENTED_EDGE('',*,*,#6560,.F.);
#4488=ORIENTED_EDGE('',*,*,#6563,.F.);
#4489=ORIENTED_EDGE('',*,*,#6564,.F.);
#4490=ORIENTED_EDGE('',*,*,#6565,.F.);
#4491=ORIENTED_EDGE('',*,*,#6330,.T.);
#4492=ORIENTED_EDGE('',*,*,#6566,.F.);
#4493=ORIENTED_EDGE('',*,*,#6567,.F.);
#4494=ORIENTED_EDGE('',*,*,#6568,.T.);
#4495=ORIENTED_EDGE('',*,*,#6335,.T.);
#4496=ORIENTED_EDGE('',*,*,#6569,.T.);
#4497=ORIENTED_EDGE('',*,*,#6570,.F.);
#4498=ORIENTED_EDGE('',*,*,#6571,.T.);
#4499=ORIENTED_EDGE('',*,*,#6572,.F.);
#4500=ORIENTED_EDGE('',*,*,#6573,.T.);
#4501=ORIENTED_EDGE('',*,*,#6331,.T.);
#4502=ORIENTED_EDGE('',*,*,#6565,.T.);
#4503=ORIENTED_EDGE('',*,*,#6574,.F.);
#4504=ORIENTED_EDGE('',*,*,#6575,.F.);
#4505=ORIENTED_EDGE('',*,*,#6332,.T.);
#4506=ORIENTED_EDGE('',*,*,#6573,.F.);
#4507=ORIENTED_EDGE('',*,*,#6576,.F.);
#4508=ORIENTED_EDGE('',*,*,#6577,.F.);
#4509=ORIENTED_EDGE('',*,*,#6578,.T.);
#4510=ORIENTED_EDGE('',*,*,#6578,.F.);
#4511=ORIENTED_EDGE('',*,*,#6579,.F.);
#4512=ORIENTED_EDGE('',*,*,#6580,.F.);
#4513=ORIENTED_EDGE('',*,*,#6333,.T.);
#4514=ORIENTED_EDGE('',*,*,#6581,.F.);
#4515=ORIENTED_EDGE('',*,*,#6582,.F.);
#4516=ORIENTED_EDGE('',*,*,#6569,.F.);
#4517=ORIENTED_EDGE('',*,*,#6334,.T.);
#4518=ORIENTED_EDGE('',*,*,#6580,.T.);
#4519=ORIENTED_EDGE('',*,*,#6336,.T.);
#4520=ORIENTED_EDGE('',*,*,#6568,.F.);
#4521=ORIENTED_EDGE('',*,*,#6583,.F.);
#4522=ORIENTED_EDGE('',*,*,#6584,.F.);
#4523=ORIENTED_EDGE('',*,*,#6585,.T.);
#4524=ORIENTED_EDGE('',*,*,#6337,.T.);
#4525=ORIENTED_EDGE('',*,*,#6586,.F.);
#4526=ORIENTED_EDGE('',*,*,#6587,.F.);
#4527=ORIENTED_EDGE('',*,*,#6588,.T.);
#4528=ORIENTED_EDGE('',*,*,#6338,.T.);
#4529=ORIENTED_EDGE('',*,*,#6585,.F.);
#4530=ORIENTED_EDGE('',*,*,#6589,.F.);
#4531=ORIENTED_EDGE('',*,*,#6590,.T.);
#4532=ORIENTED_EDGE('',*,*,#6339,.T.);
#4533=ORIENTED_EDGE('',*,*,#6588,.F.);
#4534=ORIENTED_EDGE('',*,*,#6591,.F.);
#4535=ORIENTED_EDGE('',*,*,#6459,.T.);
#4536=ORIENTED_EDGE('',*,*,#6340,.T.);
#4537=ORIENTED_EDGE('',*,*,#6590,.F.);
#4538=ORIENTED_EDGE('',*,*,#6592,.F.);
#4539=ORIENTED_EDGE('',*,*,#6593,.F.);
#4540=ORIENTED_EDGE('',*,*,#6594,.T.);
#4541=ORIENTED_EDGE('',*,*,#6350,.T.);
#4542=ORIENTED_EDGE('',*,*,#6595,.F.);
#4543=ORIENTED_EDGE('',*,*,#6596,.T.);
#4544=ORIENTED_EDGE('',*,*,#6597,.F.);
#4545=ORIENTED_EDGE('',*,*,#6598,.F.);
#4546=ORIENTED_EDGE('',*,*,#6599,.F.);
#4547=ORIENTED_EDGE('',*,*,#6600,.F.);
#4548=ORIENTED_EDGE('',*,*,#6601,.F.);
#4549=ORIENTED_EDGE('',*,*,#6602,.F.);
#4550=ORIENTED_EDGE('',*,*,#6351,.F.);
#4551=ORIENTED_EDGE('',*,*,#6594,.F.);
#4552=ORIENTED_EDGE('',*,*,#6602,.T.);
#4553=ORIENTED_EDGE('',*,*,#6603,.T.);
#4554=ORIENTED_EDGE('',*,*,#6604,.F.);
#4555=ORIENTED_EDGE('',*,*,#6352,.T.);
#4556=ORIENTED_EDGE('',*,*,#6605,.T.);
#4557=ORIENTED_EDGE('',*,*,#6606,.T.);
#4558=ORIENTED_EDGE('',*,*,#6353,.T.);
#4559=ORIENTED_EDGE('',*,*,#6604,.T.);
#4560=ORIENTED_EDGE('',*,*,#6607,.T.);
#4561=ORIENTED_EDGE('',*,*,#6608,.T.);
#4562=ORIENTED_EDGE('',*,*,#6609,.T.);
#4563=ORIENTED_EDGE('',*,*,#6610,.T.);
#4564=ORIENTED_EDGE('',*,*,#6611,.F.);
#4565=ORIENTED_EDGE('',*,*,#6612,.F.);
#4566=ORIENTED_EDGE('',*,*,#6613,.T.);
#4567=ORIENTED_EDGE('',*,*,#6354,.F.);
#4568=ORIENTED_EDGE('',*,*,#6606,.F.);
#4569=ORIENTED_EDGE('',*,*,#6614,.F.);
#4570=ORIENTED_EDGE('',*,*,#6615,.T.);
#4571=ORIENTED_EDGE('',*,*,#6355,.T.);
#4572=ORIENTED_EDGE('',*,*,#6613,.F.);
#4573=ORIENTED_EDGE('',*,*,#6356,.F.);
#4574=ORIENTED_EDGE('',*,*,#6615,.F.);
#4575=ORIENTED_EDGE('',*,*,#6616,.F.);
#4576=ORIENTED_EDGE('',*,*,#6617,.T.);
#4577=ORIENTED_EDGE('',*,*,#6618,.F.);
#4578=ORIENTED_EDGE('',*,*,#6619,.T.);
#4579=ORIENTED_EDGE('',*,*,#6357,.T.);
#4580=ORIENTED_EDGE('',*,*,#6617,.F.);
#4581=ORIENTED_EDGE('',*,*,#6620,.F.);
#4582=ORIENTED_EDGE('',*,*,#6621,.T.);
#4583=ORIENTED_EDGE('',*,*,#6358,.F.);
#4584=ORIENTED_EDGE('',*,*,#6619,.F.);
#4585=ORIENTED_EDGE('',*,*,#6622,.T.);
#4586=ORIENTED_EDGE('',*,*,#6359,.F.);
#4587=ORIENTED_EDGE('',*,*,#6621,.F.);
#4588=ORIENTED_EDGE('',*,*,#6623,.T.);
#4589=ORIENTED_EDGE('',*,*,#6624,.T.);
#4590=ORIENTED_EDGE('',*,*,#6360,.T.);
#4591=ORIENTED_EDGE('',*,*,#6622,.F.);
#4592=ORIENTED_EDGE('',*,*,#6625,.T.);
#4593=ORIENTED_EDGE('',*,*,#6626,.T.);
#4594=ORIENTED_EDGE('',*,*,#6361,.F.);
#4595=ORIENTED_EDGE('',*,*,#6624,.F.);
#4596=ORIENTED_EDGE('',*,*,#6627,.T.);
#4597=ORIENTED_EDGE('',*,*,#6626,.F.);
#4598=ORIENTED_EDGE('',*,*,#6628,.T.);
#4599=ORIENTED_EDGE('',*,*,#6629,.T.);
#4600=ORIENTED_EDGE('',*,*,#6362,.T.);
#4601=ORIENTED_EDGE('',*,*,#6595,.T.);
#4602=ORIENTED_EDGE('',*,*,#6363,.F.);
#4603=ORIENTED_EDGE('',*,*,#6629,.F.);
#4604=ORIENTED_EDGE('',*,*,#6630,.T.);
#4605=ORIENTED_EDGE('',*,*,#6631,.T.);
#4606=ORIENTED_EDGE('',*,*,#6364,.T.);
#4607=ORIENTED_EDGE('',*,*,#6632,.F.);
#4608=ORIENTED_EDGE('',*,*,#6633,.T.);
#4609=ORIENTED_EDGE('',*,*,#6631,.F.);
#4610=ORIENTED_EDGE('',*,*,#6634,.F.);
#4611=ORIENTED_EDGE('',*,*,#6635,.T.);
#4612=ORIENTED_EDGE('',*,*,#6365,.F.);
#4613=ORIENTED_EDGE('',*,*,#6636,.T.);
#4614=ORIENTED_EDGE('',*,*,#6366,.T.);
#4615=ORIENTED_EDGE('',*,*,#6635,.F.);
#4616=ORIENTED_EDGE('',*,*,#6637,.T.);
#4617=ORIENTED_EDGE('',*,*,#6638,.F.);
#4618=ORIENTED_EDGE('',*,*,#6367,.F.);
#4619=ORIENTED_EDGE('',*,*,#6636,.F.);
#4620=ORIENTED_EDGE('',*,*,#6639,.T.);
#4621=ORIENTED_EDGE('',*,*,#6638,.T.);
#4622=ORIENTED_EDGE('',*,*,#6640,.T.);
#4623=ORIENTED_EDGE('',*,*,#6641,.F.);
#4624=ORIENTED_EDGE('',*,*,#6368,.T.);
#4625=ORIENTED_EDGE('',*,*,#6641,.T.);
#4626=ORIENTED_EDGE('',*,*,#6642,.F.);
#4627=ORIENTED_EDGE('',*,*,#6643,.T.);
#4628=ORIENTED_EDGE('',*,*,#6369,.F.);
#4629=ORIENTED_EDGE('',*,*,#6644,.F.);
#4630=ORIENTED_EDGE('',*,*,#6370,.F.);
#4631=ORIENTED_EDGE('',*,*,#6645,.F.);
#4632=ORIENTED_EDGE('',*,*,#6646,.F.);
#4633=ORIENTED_EDGE('',*,*,#6644,.T.);
#4634=ORIENTED_EDGE('',*,*,#6647,.T.);
#4635=ORIENTED_EDGE('',*,*,#6648,.F.);
#4636=ORIENTED_EDGE('',*,*,#6371,.T.);
#4637=ORIENTED_EDGE('',*,*,#6649,.T.);
#4638=ORIENTED_EDGE('',*,*,#6650,.T.);
#4639=ORIENTED_EDGE('',*,*,#6651,.T.);
#4640=ORIENTED_EDGE('',*,*,#6632,.T.);
#4641=ORIENTED_EDGE('',*,*,#6372,.F.);
#4642=ORIENTED_EDGE('',*,*,#6648,.T.);
#4643=ORIENTED_EDGE('',*,*,#6652,.T.);
#4644=ORIENTED_EDGE('',*,*,#6653,.T.);
#4645=ORIENTED_EDGE('',*,*,#6654,.F.);
#4646=ORIENTED_EDGE('',*,*,#6655,.F.);
#4647=ORIENTED_EDGE('',*,*,#6656,.F.);
#4648=ORIENTED_EDGE('',*,*,#6373,.T.);
#4649=ORIENTED_EDGE('',*,*,#6657,.F.);
#4650=ORIENTED_EDGE('',*,*,#6658,.F.);
#4651=ORIENTED_EDGE('',*,*,#6659,.F.);
#4652=ORIENTED_EDGE('',*,*,#6660,.F.);
#4653=ORIENTED_EDGE('',*,*,#6374,.F.);
#4654=ORIENTED_EDGE('',*,*,#6656,.T.);
#4655=ORIENTED_EDGE('',*,*,#6661,.F.);
#4656=ORIENTED_EDGE('',*,*,#6662,.F.);
#4657=ORIENTED_EDGE('',*,*,#6663,.T.);
#4658=ORIENTED_EDGE('',*,*,#6664,.T.);
#4659=ORIENTED_EDGE('',*,*,#6375,.T.);
#4660=ORIENTED_EDGE('',*,*,#6662,.T.);
#4661=ORIENTED_EDGE('',*,*,#6376,.T.);
#4662=ORIENTED_EDGE('',*,*,#6665,.F.);
#4663=ORIENTED_EDGE('',*,*,#6666,.T.);
#4664=ORIENTED_EDGE('',*,*,#6667,.F.);
#4665=ORIENTED_EDGE('',*,*,#6377,.F.);
#4666=ORIENTED_EDGE('',*,*,#6667,.T.);
#4667=ORIENTED_EDGE('',*,*,#6668,.F.);
#4668=ORIENTED_EDGE('',*,*,#6669,.F.);
#4669=ORIENTED_EDGE('',*,*,#6670,.F.);
#4670=ORIENTED_EDGE('',*,*,#6671,.T.);
#4671=ORIENTED_EDGE('',*,*,#6378,.T.);
#4672=ORIENTED_EDGE('',*,*,#6669,.T.);
#4673=ORIENTED_EDGE('',*,*,#6672,.F.);
#4674=ORIENTED_EDGE('',*,*,#6673,.T.);
#4675=ORIENTED_EDGE('',*,*,#6379,.F.);
#4676=ORIENTED_EDGE('',*,*,#6671,.F.);
#4677=ORIENTED_EDGE('',*,*,#6380,.T.);
#4678=ORIENTED_EDGE('',*,*,#6673,.F.);
#4679=ORIENTED_EDGE('',*,*,#6674,.T.);
#4680=ORIENTED_EDGE('',*,*,#6675,.T.);
#4681=ORIENTED_EDGE('',*,*,#6676,.F.);
#4682=ORIENTED_EDGE('',*,*,#6657,.T.);
#4683=ORIENTED_EDGE('',*,*,#6381,.F.);
#4684=ORIENTED_EDGE('',*,*,#6675,.F.);
#4685=ORIENTED_EDGE('',*,*,#6677,.F.);
#4686=ORIENTED_EDGE('',*,*,#6678,.T.);
#4687=ORIENTED_EDGE('',*,*,#6382,.T.);
#4688=ORIENTED_EDGE('',*,*,#6679,.F.);
#4689=ORIENTED_EDGE('',*,*,#6383,.F.);
#4690=ORIENTED_EDGE('',*,*,#6678,.F.);
#4691=ORIENTED_EDGE('',*,*,#6680,.F.);
#4692=ORIENTED_EDGE('',*,*,#6681,.T.);
#4693=ORIENTED_EDGE('',*,*,#6682,.F.);
#4694=ORIENTED_EDGE('',*,*,#6683,.T.);
#4695=ORIENTED_EDGE('',*,*,#6384,.T.);
#4696=ORIENTED_EDGE('',*,*,#6681,.F.);
#4697=ORIENTED_EDGE('',*,*,#6684,.F.);
#4698=ORIENTED_EDGE('',*,*,#6685,.T.);
#4699=ORIENTED_EDGE('',*,*,#6385,.F.);
#4700=ORIENTED_EDGE('',*,*,#6683,.F.);
#4701=ORIENTED_EDGE('',*,*,#6686,.F.);
#4702=ORIENTED_EDGE('',*,*,#6687,.T.);
#4703=ORIENTED_EDGE('',*,*,#6386,.T.);
#4704=ORIENTED_EDGE('',*,*,#6685,.F.);
#4705=ORIENTED_EDGE('',*,*,#6688,.T.);
#4706=ORIENTED_EDGE('',*,*,#6387,.T.);
#4707=ORIENTED_EDGE('',*,*,#6687,.F.);
#4708=ORIENTED_EDGE('',*,*,#6689,.T.);
#4709=ORIENTED_EDGE('',*,*,#6690,.T.);
#4710=ORIENTED_EDGE('',*,*,#6388,.F.);
#4711=ORIENTED_EDGE('',*,*,#6688,.F.);
#4712=ORIENTED_EDGE('',*,*,#6691,.T.);
#4713=ORIENTED_EDGE('',*,*,#6690,.F.);
#4714=ORIENTED_EDGE('',*,*,#6692,.T.);
#4715=ORIENTED_EDGE('',*,*,#6693,.T.);
#4716=ORIENTED_EDGE('',*,*,#6389,.T.);
#4717=ORIENTED_EDGE('',*,*,#6694,.T.);
#4718=ORIENTED_EDGE('',*,*,#6390,.F.);
#4719=ORIENTED_EDGE('',*,*,#6693,.F.);
#4720=ORIENTED_EDGE('',*,*,#6695,.T.);
#4721=ORIENTED_EDGE('',*,*,#6696,.F.);
#4722=ORIENTED_EDGE('',*,*,#6697,.T.);
#4723=ORIENTED_EDGE('',*,*,#6391,.T.);
#4724=ORIENTED_EDGE('',*,*,#6694,.F.);
#4725=ORIENTED_EDGE('',*,*,#6698,.T.);
#4726=ORIENTED_EDGE('',*,*,#6699,.F.);
#4727=ORIENTED_EDGE('',*,*,#6700,.F.);
#4728=ORIENTED_EDGE('',*,*,#6701,.F.);
#4729=ORIENTED_EDGE('',*,*,#6702,.F.);
#4730=ORIENTED_EDGE('',*,*,#6703,.F.);
#4731=ORIENTED_EDGE('',*,*,#6704,.F.);
#4732=ORIENTED_EDGE('',*,*,#6392,.F.);
#4733=ORIENTED_EDGE('',*,*,#6697,.F.);
#4734=ORIENTED_EDGE('',*,*,#6393,.F.);
#4735=ORIENTED_EDGE('',*,*,#6704,.T.);
#4736=ORIENTED_EDGE('',*,*,#6705,.F.);
#4737=ORIENTED_EDGE('',*,*,#6706,.F.);
#4738=ORIENTED_EDGE('',*,*,#6707,.T.);
#4739=ORIENTED_EDGE('',*,*,#6708,.T.);
#4740=ORIENTED_EDGE('',*,*,#6394,.T.);
#4741=ORIENTED_EDGE('',*,*,#6706,.T.);
#4742=ORIENTED_EDGE('',*,*,#6709,.T.);
#4743=ORIENTED_EDGE('',*,*,#6710,.T.);
#4744=ORIENTED_EDGE('',*,*,#6711,.T.);
#4745=ORIENTED_EDGE('',*,*,#6712,.T.);
#4746=ORIENTED_EDGE('',*,*,#6713,.F.);
#4747=ORIENTED_EDGE('',*,*,#6714,.F.);
#4748=ORIENTED_EDGE('',*,*,#6679,.T.);
#4749=ORIENTED_EDGE('',*,*,#6395,.F.);
#4750=ORIENTED_EDGE('',*,*,#6708,.F.);
#4751=ORIENTED_EDGE('',*,*,#6715,.F.);
#4752=ORIENTED_EDGE('',*,*,#6716,.F.);
#4753=ORIENTED_EDGE('',*,*,#6717,.F.);
#4754=ORIENTED_EDGE('',*,*,#6396,.T.);
#4755=ORIENTED_EDGE('',*,*,#6718,.F.);
#4756=ORIENTED_EDGE('',*,*,#6719,.F.);
#4757=ORIENTED_EDGE('',*,*,#6720,.F.);
#4758=ORIENTED_EDGE('',*,*,#6721,.F.);
#4759=ORIENTED_EDGE('',*,*,#6397,.F.);
#4760=ORIENTED_EDGE('',*,*,#6717,.T.);
#4761=ORIENTED_EDGE('',*,*,#6722,.F.);
#4762=ORIENTED_EDGE('',*,*,#6723,.F.);
#4763=ORIENTED_EDGE('',*,*,#6724,.T.);
#4764=ORIENTED_EDGE('',*,*,#6725,.T.);
#4765=ORIENTED_EDGE('',*,*,#6398,.T.);
#4766=ORIENTED_EDGE('',*,*,#6723,.T.);
#4767=ORIENTED_EDGE('',*,*,#6399,.T.);
#4768=ORIENTED_EDGE('',*,*,#6726,.F.);
#4769=ORIENTED_EDGE('',*,*,#6727,.T.);
#4770=ORIENTED_EDGE('',*,*,#6728,.F.);
#4771=ORIENTED_EDGE('',*,*,#6400,.F.);
#4772=ORIENTED_EDGE('',*,*,#6728,.T.);
#4773=ORIENTED_EDGE('',*,*,#6729,.F.);
#4774=ORIENTED_EDGE('',*,*,#6730,.F.);
#4775=ORIENTED_EDGE('',*,*,#6731,.F.);
#4776=ORIENTED_EDGE('',*,*,#6732,.T.);
#4777=ORIENTED_EDGE('',*,*,#6401,.T.);
#4778=ORIENTED_EDGE('',*,*,#6730,.T.);
#4779=ORIENTED_EDGE('',*,*,#6733,.F.);
#4780=ORIENTED_EDGE('',*,*,#6734,.T.);
#4781=ORIENTED_EDGE('',*,*,#6402,.F.);
#4782=ORIENTED_EDGE('',*,*,#6732,.F.);
#4783=ORIENTED_EDGE('',*,*,#6403,.T.);
#4784=ORIENTED_EDGE('',*,*,#6734,.F.);
#4785=ORIENTED_EDGE('',*,*,#6735,.T.);
#4786=ORIENTED_EDGE('',*,*,#6736,.T.);
#4787=ORIENTED_EDGE('',*,*,#6737,.F.);
#4788=ORIENTED_EDGE('',*,*,#6718,.T.);
#4789=ORIENTED_EDGE('',*,*,#6404,.F.);
#4790=ORIENTED_EDGE('',*,*,#6736,.F.);
#4791=ORIENTED_EDGE('',*,*,#6738,.T.);
#4792=ORIENTED_EDGE('',*,*,#6405,.T.);
#4793=ORIENTED_EDGE('',*,*,#6739,.F.);
#4794=ORIENTED_EDGE('',*,*,#6740,.T.);
#4795=ORIENTED_EDGE('',*,*,#6738,.F.);
#4796=ORIENTED_EDGE('',*,*,#6741,.F.);
#4797=ORIENTED_EDGE('',*,*,#6742,.T.);
#4798=ORIENTED_EDGE('',*,*,#6406,.F.);
#4799=ORIENTED_EDGE('',*,*,#6743,.T.);
#4800=ORIENTED_EDGE('',*,*,#6407,.T.);
#4801=ORIENTED_EDGE('',*,*,#6742,.F.);
#4802=ORIENTED_EDGE('',*,*,#6744,.T.);
#4803=ORIENTED_EDGE('',*,*,#6745,.F.);
#4804=ORIENTED_EDGE('',*,*,#6408,.F.);
#4805=ORIENTED_EDGE('',*,*,#6743,.F.);
#4806=ORIENTED_EDGE('',*,*,#6746,.T.);
#4807=ORIENTED_EDGE('',*,*,#6745,.T.);
#4808=ORIENTED_EDGE('',*,*,#6747,.T.);
#4809=ORIENTED_EDGE('',*,*,#6748,.F.);
#4810=ORIENTED_EDGE('',*,*,#6409,.T.);
#4811=ORIENTED_EDGE('',*,*,#6748,.T.);
#4812=ORIENTED_EDGE('',*,*,#6749,.F.);
#4813=ORIENTED_EDGE('',*,*,#6750,.T.);
#4814=ORIENTED_EDGE('',*,*,#6410,.F.);
#4815=ORIENTED_EDGE('',*,*,#6751,.F.);
#4816=ORIENTED_EDGE('',*,*,#6411,.F.);
#4817=ORIENTED_EDGE('',*,*,#6752,.F.);
#4818=ORIENTED_EDGE('',*,*,#6753,.F.);
#4819=ORIENTED_EDGE('',*,*,#6751,.T.);
#4820=ORIENTED_EDGE('',*,*,#6754,.T.);
#4821=ORIENTED_EDGE('',*,*,#6755,.F.);
#4822=ORIENTED_EDGE('',*,*,#6412,.T.);
#4823=ORIENTED_EDGE('',*,*,#6756,.T.);
#4824=ORIENTED_EDGE('',*,*,#6757,.T.);
#4825=ORIENTED_EDGE('',*,*,#6758,.T.);
#4826=ORIENTED_EDGE('',*,*,#6739,.T.);
#4827=ORIENTED_EDGE('',*,*,#6413,.F.);
#4828=ORIENTED_EDGE('',*,*,#6755,.T.);
#4829=ORIENTED_EDGE('',*,*,#6759,.T.);
#4830=ORIENTED_EDGE('',*,*,#6760,.T.);
#4831=ORIENTED_EDGE('',*,*,#6761,.F.);
#4832=ORIENTED_EDGE('',*,*,#6762,.F.);
#4833=ORIENTED_EDGE('',*,*,#6763,.F.);
#4834=ORIENTED_EDGE('',*,*,#6764,.F.);
#4835=ORIENTED_EDGE('',*,*,#6765,.T.);
#4836=ORIENTED_EDGE('',*,*,#6766,.F.);
#4837=ORIENTED_EDGE('',*,*,#6454,.F.);
#4838=ORIENTED_EDGE('',*,*,#6426,.T.);
#4839=ORIENTED_EDGE('',*,*,#6440,.T.);
#4840=ORIENTED_EDGE('',*,*,#6767,.T.);
#4841=ORIENTED_EDGE('',*,*,#6768,.F.);
#4842=ORIENTED_EDGE('',*,*,#6444,.F.);
#4843=ORIENTED_EDGE('',*,*,#6430,.F.);
#4844=ORIENTED_EDGE('',*,*,#6455,.T.);
#4845=ORIENTED_EDGE('',*,*,#6769,.T.);
#4846=ORIENTED_EDGE('',*,*,#6770,.T.);
#4847=ORIENTED_EDGE('',*,*,#6771,.F.);
#4848=ORIENTED_EDGE('',*,*,#6433,.T.);
#4849=ORIENTED_EDGE('',*,*,#6453,.T.);
#4850=ORIENTED_EDGE('',*,*,#6766,.T.);
#4851=ORIENTED_EDGE('',*,*,#6772,.T.);
#4852=ORIENTED_EDGE('',*,*,#6770,.F.);
#4853=ORIENTED_EDGE('',*,*,#6773,.F.);
#4854=ORIENTED_EDGE('',*,*,#6450,.T.);
#4855=ORIENTED_EDGE('',*,*,#6774,.T.);
#4856=ORIENTED_EDGE('',*,*,#6775,.F.);
#4857=ORIENTED_EDGE('',*,*,#6776,.T.);
#4858=ORIENTED_EDGE('',*,*,#6719,.T.);
#4859=ORIENTED_EDGE('',*,*,#6737,.T.);
#4860=ORIENTED_EDGE('',*,*,#6735,.F.);
#4861=ORIENTED_EDGE('',*,*,#6733,.T.);
#4862=ORIENTED_EDGE('',*,*,#6731,.T.);
#4863=ORIENTED_EDGE('',*,*,#6729,.T.);
#4864=ORIENTED_EDGE('',*,*,#6727,.F.);
#4865=ORIENTED_EDGE('',*,*,#6777,.F.);
#4866=ORIENTED_EDGE('',*,*,#6778,.F.);
#4867=ORIENTED_EDGE('',*,*,#6779,.T.);
#4868=ORIENTED_EDGE('',*,*,#6749,.T.);
#4869=ORIENTED_EDGE('',*,*,#6747,.F.);
#4870=ORIENTED_EDGE('',*,*,#6746,.F.);
#4871=ORIENTED_EDGE('',*,*,#6744,.F.);
#4872=ORIENTED_EDGE('',*,*,#6741,.T.);
#4873=ORIENTED_EDGE('',*,*,#6740,.F.);
#4874=ORIENTED_EDGE('',*,*,#6758,.F.);
#4875=ORIENTED_EDGE('',*,*,#6780,.F.);
#4876=ORIENTED_EDGE('',*,*,#6781,.T.);
#4877=ORIENTED_EDGE('',*,*,#6782,.F.);
#4878=ORIENTED_EDGE('',*,*,#6434,.F.);
#4879=ORIENTED_EDGE('',*,*,#6771,.T.);
#4880=ORIENTED_EDGE('',*,*,#6765,.F.);
#4881=ORIENTED_EDGE('',*,*,#6783,.F.);
#4882=ORIENTED_EDGE('',*,*,#6438,.T.);
#4883=ORIENTED_EDGE('',*,*,#6784,.T.);
#4884=ORIENTED_EDGE('',*,*,#6785,.F.);
#4885=ORIENTED_EDGE('',*,*,#6786,.T.);
#4886=ORIENTED_EDGE('',*,*,#6658,.T.);
#4887=ORIENTED_EDGE('',*,*,#6676,.T.);
#4888=ORIENTED_EDGE('',*,*,#6674,.F.);
#4889=ORIENTED_EDGE('',*,*,#6672,.T.);
#4890=ORIENTED_EDGE('',*,*,#6670,.T.);
#4891=ORIENTED_EDGE('',*,*,#6668,.T.);
#4892=ORIENTED_EDGE('',*,*,#6666,.F.);
#4893=ORIENTED_EDGE('',*,*,#6787,.F.);
#4894=ORIENTED_EDGE('',*,*,#6788,.T.);
#4895=ORIENTED_EDGE('',*,*,#6789,.T.);
#4896=ORIENTED_EDGE('',*,*,#6642,.T.);
#4897=ORIENTED_EDGE('',*,*,#6640,.F.);
#4898=ORIENTED_EDGE('',*,*,#6639,.F.);
#4899=ORIENTED_EDGE('',*,*,#6637,.F.);
#4900=ORIENTED_EDGE('',*,*,#6634,.T.);
#4901=ORIENTED_EDGE('',*,*,#6633,.F.);
#4902=ORIENTED_EDGE('',*,*,#6651,.F.);
#4903=ORIENTED_EDGE('',*,*,#6790,.F.);
#4904=ORIENTED_EDGE('',*,*,#6791,.T.);
#4905=ORIENTED_EDGE('',*,*,#6792,.F.);
#4906=ORIENTED_EDGE('',*,*,#6446,.F.);
#4907=ORIENTED_EDGE('',*,*,#6793,.F.);
#4908=ORIENTED_EDGE('',*,*,#6794,.T.);
#4909=ORIENTED_EDGE('',*,*,#6795,.T.);
#4910=ORIENTED_EDGE('',*,*,#6698,.F.);
#4911=ORIENTED_EDGE('',*,*,#6695,.F.);
#4912=ORIENTED_EDGE('',*,*,#6692,.F.);
#4913=ORIENTED_EDGE('',*,*,#6691,.F.);
#4914=ORIENTED_EDGE('',*,*,#6689,.F.);
#4915=ORIENTED_EDGE('',*,*,#6686,.T.);
#4916=ORIENTED_EDGE('',*,*,#6684,.T.);
#4917=ORIENTED_EDGE('',*,*,#6682,.T.);
#4918=ORIENTED_EDGE('',*,*,#6680,.T.);
#4919=ORIENTED_EDGE('',*,*,#6677,.T.);
#4920=ORIENTED_EDGE('',*,*,#6714,.T.);
#4921=ORIENTED_EDGE('',*,*,#6796,.F.);
#4922=ORIENTED_EDGE('',*,*,#6797,.F.);
#4923=ORIENTED_EDGE('',*,*,#6798,.T.);
#4924=ORIENTED_EDGE('',*,*,#6596,.F.);
#4925=ORIENTED_EDGE('',*,*,#6630,.F.);
#4926=ORIENTED_EDGE('',*,*,#6628,.F.);
#4927=ORIENTED_EDGE('',*,*,#6627,.F.);
#4928=ORIENTED_EDGE('',*,*,#6625,.F.);
#4929=ORIENTED_EDGE('',*,*,#6623,.F.);
#4930=ORIENTED_EDGE('',*,*,#6620,.T.);
#4931=ORIENTED_EDGE('',*,*,#6618,.T.);
#4932=ORIENTED_EDGE('',*,*,#6616,.T.);
#4933=ORIENTED_EDGE('',*,*,#6614,.T.);
#4934=ORIENTED_EDGE('',*,*,#6612,.T.);
#4935=ORIENTED_EDGE('',*,*,#6799,.T.);
#4936=ORIENTED_EDGE('',*,*,#6800,.T.);
#4937=ORIENTED_EDGE('',*,*,#6801,.F.);
#4938=ORIENTED_EDGE('',*,*,#6802,.T.);
#4939=ORIENTED_EDGE('',*,*,#6435,.T.);
#4940=ORIENTED_EDGE('',*,*,#6782,.T.);
#4941=ORIENTED_EDGE('',*,*,#6803,.F.);
#4942=ORIENTED_EDGE('',*,*,#6804,.T.);
#4943=ORIENTED_EDGE('',*,*,#6436,.T.);
#4944=ORIENTED_EDGE('',*,*,#6805,.F.);
#4945=ORIENTED_EDGE('',*,*,#6806,.T.);
#4946=ORIENTED_EDGE('',*,*,#6807,.T.);
#4947=ORIENTED_EDGE('',*,*,#6784,.F.);
#4948=ORIENTED_EDGE('',*,*,#6437,.F.);
#4949=ORIENTED_EDGE('',*,*,#6808,.F.);
#4950=ORIENTED_EDGE('',*,*,#6809,.T.);
#4951=ORIENTED_EDGE('',*,*,#6767,.F.);
#4952=ORIENTED_EDGE('',*,*,#6441,.F.);
#4953=ORIENTED_EDGE('',*,*,#6439,.F.);
#4954=ORIENTED_EDGE('',*,*,#6783,.T.);
#4955=ORIENTED_EDGE('',*,*,#6772,.F.);
#4956=ORIENTED_EDGE('',*,*,#6445,.T.);
#4957=ORIENTED_EDGE('',*,*,#6442,.T.);
#4958=ORIENTED_EDGE('',*,*,#6768,.T.);
#4959=ORIENTED_EDGE('',*,*,#6810,.F.);
#4960=ORIENTED_EDGE('',*,*,#6811,.T.);
#4961=ORIENTED_EDGE('',*,*,#6447,.T.);
#4962=ORIENTED_EDGE('',*,*,#6792,.T.);
#4963=ORIENTED_EDGE('',*,*,#6812,.F.);
#4964=ORIENTED_EDGE('',*,*,#6813,.F.);
#4965=ORIENTED_EDGE('',*,*,#6814,.F.);
#4966=ORIENTED_EDGE('',*,*,#6815,.T.);
#4967=ORIENTED_EDGE('',*,*,#6448,.T.);
#4968=ORIENTED_EDGE('',*,*,#6816,.T.);
#4969=ORIENTED_EDGE('',*,*,#6774,.F.);
#4970=ORIENTED_EDGE('',*,*,#6449,.F.);
#4971=ORIENTED_EDGE('',*,*,#6817,.F.);
#4972=ORIENTED_EDGE('',*,*,#6818,.T.);
#4973=ORIENTED_EDGE('',*,*,#6769,.F.);
#4974=ORIENTED_EDGE('',*,*,#6456,.F.);
#4975=ORIENTED_EDGE('',*,*,#6451,.F.);
#4976=ORIENTED_EDGE('',*,*,#6773,.T.);
#4977=ORIENTED_EDGE('',*,*,#6819,.F.);
#4978=ORIENTED_EDGE('',*,*,#6820,.T.);
#4979=ORIENTED_EDGE('',*,*,#6457,.F.);
#4980=ORIENTED_EDGE('',*,*,#6821,.F.);
#4981=ORIENTED_EDGE('',*,*,#6822,.T.);
#4982=ORIENTED_EDGE('',*,*,#6823,.T.);
#4983=ORIENTED_EDGE('',*,*,#6824,.T.);
#4984=ORIENTED_EDGE('',*,*,#6460,.F.);
#4985=ORIENTED_EDGE('',*,*,#6820,.F.);
#4986=ORIENTED_EDGE('',*,*,#6825,.F.);
#4987=ORIENTED_EDGE('',*,*,#6826,.F.);
#4988=ORIENTED_EDGE('',*,*,#6827,.F.);
#4989=ORIENTED_EDGE('',*,*,#6485,.F.);
#4990=ORIENTED_EDGE('',*,*,#6828,.F.);
#4991=ORIENTED_EDGE('',*,*,#6829,.T.);
#4992=ORIENTED_EDGE('',*,*,#6830,.T.);
#4993=ORIENTED_EDGE('',*,*,#6831,.T.);
#4994=ORIENTED_EDGE('',*,*,#6832,.F.);
#4995=ORIENTED_EDGE('',*,*,#6462,.F.);
#4996=ORIENTED_EDGE('',*,*,#6824,.F.);
#4997=ORIENTED_EDGE('',*,*,#6833,.F.);
#4998=ORIENTED_EDGE('',*,*,#6834,.T.);
#4999=ORIENTED_EDGE('',*,*,#6835,.T.);
#5000=ORIENTED_EDGE('',*,*,#6836,.T.);
#5001=ORIENTED_EDGE('',*,*,#6837,.F.);
#5002=ORIENTED_EDGE('',*,*,#6838,.T.);
#5003=ORIENTED_EDGE('',*,*,#6839,.T.);
#5004=ORIENTED_EDGE('',*,*,#6832,.T.);
#5005=ORIENTED_EDGE('',*,*,#6840,.T.);
#5006=ORIENTED_EDGE('',*,*,#6464,.F.);
#5007=ORIENTED_EDGE('',*,*,#6463,.F.);
#5008=ORIENTED_EDGE('',*,*,#6467,.F.);
#5009=ORIENTED_EDGE('',*,*,#6841,.T.);
#5010=ORIENTED_EDGE('',*,*,#6842,.T.);
#5011=ORIENTED_EDGE('',*,*,#6843,.T.);
#5012=ORIENTED_EDGE('',*,*,#6843,.F.);
#5013=ORIENTED_EDGE('',*,*,#6844,.F.);
#5014=ORIENTED_EDGE('',*,*,#6845,.F.);
#5015=ORIENTED_EDGE('',*,*,#6484,.F.);
#5016=ORIENTED_EDGE('',*,*,#6468,.F.);
#5017=ORIENTED_EDGE('',*,*,#6482,.F.);
#5018=ORIENTED_EDGE('',*,*,#6846,.F.);
#5019=ORIENTED_EDGE('',*,*,#6847,.T.);
#5020=ORIENTED_EDGE('',*,*,#6471,.F.);
#5021=ORIENTED_EDGE('',*,*,#6472,.T.);
#5022=ORIENTED_EDGE('',*,*,#6847,.F.);
#5023=ORIENTED_EDGE('',*,*,#6835,.F.);
#5024=ORIENTED_EDGE('',*,*,#6848,.F.);
#5025=ORIENTED_EDGE('',*,*,#6849,.T.);
#5026=ORIENTED_EDGE('',*,*,#6477,.F.);
#5027=ORIENTED_EDGE('',*,*,#6473,.F.);
#5028=ORIENTED_EDGE('',*,*,#6848,.T.);
#5029=ORIENTED_EDGE('',*,*,#6850,.T.);
#5030=ORIENTED_EDGE('',*,*,#6841,.F.);
#5031=ORIENTED_EDGE('',*,*,#6475,.F.);
#5032=ORIENTED_EDGE('',*,*,#6465,.F.);
#5033=ORIENTED_EDGE('',*,*,#6851,.F.);
#5034=ORIENTED_EDGE('',*,*,#6852,.F.);
#5035=ORIENTED_EDGE('',*,*,#6479,.F.);
#5036=ORIENTED_EDGE('',*,*,#6478,.F.);
#5037=ORIENTED_EDGE('',*,*,#6850,.F.);
#5038=ORIENTED_EDGE('',*,*,#6853,.F.);
#5039=ORIENTED_EDGE('',*,*,#6846,.T.);
#5040=ORIENTED_EDGE('',*,*,#6481,.F.);
#5041=ORIENTED_EDGE('',*,*,#6828,.T.);
#5042=ORIENTED_EDGE('',*,*,#6487,.T.);
#5043=ORIENTED_EDGE('',*,*,#6483,.F.);
#5044=ORIENTED_EDGE('',*,*,#6854,.F.);
#5045=ORIENTED_EDGE('',*,*,#6855,.T.);
#5046=ORIENTED_EDGE('',*,*,#6856,.F.);
#5047=ORIENTED_EDGE('',*,*,#6857,.F.);
#5048=ORIENTED_EDGE('',*,*,#6858,.T.);
#5049=ORIENTED_EDGE('',*,*,#6488,.F.);
#5050=ORIENTED_EDGE('',*,*,#6838,.F.);
#5051=ORIENTED_EDGE('',*,*,#6859,.F.);
#5052=ORIENTED_EDGE('',*,*,#6860,.F.);
#5053=ORIENTED_EDGE('',*,*,#6861,.F.);
#5054=ORIENTED_EDGE('',*,*,#6862,.T.);
#5055=ORIENTED_EDGE('',*,*,#6863,.T.);
#5056=ORIENTED_EDGE('',*,*,#6864,.T.);
#5057=ORIENTED_EDGE('',*,*,#6490,.T.);
#5058=ORIENTED_EDGE('',*,*,#6858,.F.);
#5059=ORIENTED_EDGE('',*,*,#6865,.T.);
#5060=ORIENTED_EDGE('',*,*,#6866,.T.);
#5061=ORIENTED_EDGE('',*,*,#6867,.F.);
#5062=ORIENTED_EDGE('',*,*,#6868,.T.);
#5063=ORIENTED_EDGE('',*,*,#6493,.T.);
#5064=ORIENTED_EDGE('',*,*,#6864,.F.);
#5065=ORIENTED_EDGE('',*,*,#6869,.T.);
#5066=ORIENTED_EDGE('',*,*,#6498,.T.);
#5067=ORIENTED_EDGE('',*,*,#6494,.F.);
#5068=ORIENTED_EDGE('',*,*,#6870,.F.);
#5069=ORIENTED_EDGE('',*,*,#6868,.F.);
#5070=ORIENTED_EDGE('',*,*,#6871,.F.);
#5071=ORIENTED_EDGE('',*,*,#6872,.F.);
#5072=ORIENTED_EDGE('',*,*,#6873,.F.);
#5073=ORIENTED_EDGE('',*,*,#6874,.F.);
#5074=ORIENTED_EDGE('',*,*,#6875,.F.);
#5075=ORIENTED_EDGE('',*,*,#6876,.T.);
#5076=ORIENTED_EDGE('',*,*,#6519,.T.);
#5077=ORIENTED_EDGE('',*,*,#6877,.T.);
#5078=ORIENTED_EDGE('',*,*,#6878,.F.);
#5079=ORIENTED_EDGE('',*,*,#6879,.F.);
#5080=ORIENTED_EDGE('',*,*,#6880,.F.);
#5081=ORIENTED_EDGE('',*,*,#6870,.T.);
#5082=ORIENTED_EDGE('',*,*,#6495,.T.);
#5083=ORIENTED_EDGE('',*,*,#6881,.F.);
#5084=ORIENTED_EDGE('',*,*,#6882,.T.);
#5085=ORIENTED_EDGE('',*,*,#6883,.T.);
#5086=ORIENTED_EDGE('',*,*,#6515,.T.);
#5087=ORIENTED_EDGE('',*,*,#6499,.T.);
#5088=ORIENTED_EDGE('',*,*,#6884,.T.);
#5089=ORIENTED_EDGE('',*,*,#6885,.F.);
#5090=ORIENTED_EDGE('',*,*,#6886,.F.);
#5091=ORIENTED_EDGE('',*,*,#6502,.T.);
#5092=ORIENTED_EDGE('',*,*,#6514,.T.);
#5093=ORIENTED_EDGE('',*,*,#6886,.T.);
#5094=ORIENTED_EDGE('',*,*,#6873,.T.);
#5095=ORIENTED_EDGE('',*,*,#6887,.T.);
#5096=ORIENTED_EDGE('',*,*,#6503,.F.);
#5097=ORIENTED_EDGE('',*,*,#6888,.F.);
#5098=ORIENTED_EDGE('',*,*,#6504,.T.);
#5099=ORIENTED_EDGE('',*,*,#6887,.F.);
#5100=ORIENTED_EDGE('',*,*,#6889,.T.);
#5101=ORIENTED_EDGE('',*,*,#6508,.T.);
#5102=ORIENTED_EDGE('',*,*,#6506,.T.);
#5103=ORIENTED_EDGE('',*,*,#6496,.T.);
#5104=ORIENTED_EDGE('',*,*,#6890,.T.);
#5105=ORIENTED_EDGE('',*,*,#6891,.T.);
#5106=ORIENTED_EDGE('',*,*,#6892,.T.);
#5107=ORIENTED_EDGE('',*,*,#6892,.F.);
#5108=ORIENTED_EDGE('',*,*,#6893,.F.);
#5109=ORIENTED_EDGE('',*,*,#6884,.F.);
#5110=ORIENTED_EDGE('',*,*,#6507,.T.);
#5111=ORIENTED_EDGE('',*,*,#6509,.T.);
#5112=ORIENTED_EDGE('',*,*,#6889,.F.);
#5113=ORIENTED_EDGE('',*,*,#6894,.T.);
#5114=ORIENTED_EDGE('',*,*,#6885,.T.);
#5115=ORIENTED_EDGE('',*,*,#6513,.T.);
#5116=ORIENTED_EDGE('',*,*,#6511,.T.);
#5117=ORIENTED_EDGE('',*,*,#6518,.T.);
#5118=ORIENTED_EDGE('',*,*,#6516,.T.);
#5119=ORIENTED_EDGE('',*,*,#6895,.F.);
#5120=ORIENTED_EDGE('',*,*,#6877,.F.);
#5121=ORIENTED_EDGE('',*,*,#6896,.F.);
#5122=ORIENTED_EDGE('',*,*,#6897,.T.);
#5123=ORIENTED_EDGE('',*,*,#6898,.T.);
#5124=ORIENTED_EDGE('',*,*,#6899,.T.);
#5125=ORIENTED_EDGE('',*,*,#6900,.T.);
#5126=ORIENTED_EDGE('',*,*,#6521,.T.);
#5127=ORIENTED_EDGE('',*,*,#6876,.F.);
#5128=ORIENTED_EDGE('',*,*,#6901,.T.);
#5129=ORIENTED_EDGE('',*,*,#6902,.F.);
#5130=ORIENTED_EDGE('',*,*,#6903,.T.);
#5131=ORIENTED_EDGE('',*,*,#6523,.T.);
#5132=ORIENTED_EDGE('',*,*,#6900,.F.);
#5133=ORIENTED_EDGE('',*,*,#6904,.T.);
#5134=ORIENTED_EDGE('',*,*,#6905,.T.);
#5135=ORIENTED_EDGE('',*,*,#6524,.F.);
#5136=ORIENTED_EDGE('',*,*,#6903,.F.);
#5137=ORIENTED_EDGE('',*,*,#6906,.T.);
#5138=ORIENTED_EDGE('',*,*,#6907,.F.);
#5139=ORIENTED_EDGE('',*,*,#6908,.T.);
#5140=ORIENTED_EDGE('',*,*,#6526,.F.);
#5141=ORIENTED_EDGE('',*,*,#6905,.F.);
#5142=ORIENTED_EDGE('',*,*,#6909,.F.);
#5143=ORIENTED_EDGE('',*,*,#6910,.F.);
#5144=ORIENTED_EDGE('',*,*,#6911,.F.);
#5145=ORIENTED_EDGE('',*,*,#6912,.T.);
#5146=ORIENTED_EDGE('',*,*,#6913,.T.);
#5147=ORIENTED_EDGE('',*,*,#6528,.F.);
#5148=ORIENTED_EDGE('',*,*,#6908,.F.);
#5149=ORIENTED_EDGE('',*,*,#6914,.T.);
#5150=ORIENTED_EDGE('',*,*,#6915,.T.);
#5151=ORIENTED_EDGE('',*,*,#6916,.T.);
#5152=ORIENTED_EDGE('',*,*,#6917,.F.);
#5153=ORIENTED_EDGE('',*,*,#6918,.T.);
#5154=ORIENTED_EDGE('',*,*,#6553,.F.);
#5155=ORIENTED_EDGE('',*,*,#6919,.F.);
#5156=ORIENTED_EDGE('',*,*,#6920,.T.);
#5157=ORIENTED_EDGE('',*,*,#6921,.T.);
#5158=ORIENTED_EDGE('',*,*,#6922,.T.);
#5159=ORIENTED_EDGE('',*,*,#6923,.F.);
#5160=ORIENTED_EDGE('',*,*,#6530,.F.);
#5161=ORIENTED_EDGE('',*,*,#6913,.F.);
#5162=ORIENTED_EDGE('',*,*,#6924,.F.);
#5163=ORIENTED_EDGE('',*,*,#6925,.T.);
#5164=ORIENTED_EDGE('',*,*,#6923,.T.);
#5165=ORIENTED_EDGE('',*,*,#6926,.T.);
#5166=ORIENTED_EDGE('',*,*,#6532,.F.);
#5167=ORIENTED_EDGE('',*,*,#6531,.F.);
#5168=ORIENTED_EDGE('',*,*,#6535,.F.);
#5169=ORIENTED_EDGE('',*,*,#6927,.T.);
#5170=ORIENTED_EDGE('',*,*,#6928,.T.);
#5171=ORIENTED_EDGE('',*,*,#6929,.T.);
#5172=ORIENTED_EDGE('',*,*,#6929,.F.);
#5173=ORIENTED_EDGE('',*,*,#6930,.F.);
#5174=ORIENTED_EDGE('',*,*,#6931,.F.);
#5175=ORIENTED_EDGE('',*,*,#6552,.F.);
#5176=ORIENTED_EDGE('',*,*,#6536,.F.);
#5177=ORIENTED_EDGE('',*,*,#6550,.F.);
#5178=ORIENTED_EDGE('',*,*,#6932,.F.);
#5179=ORIENTED_EDGE('',*,*,#6933,.T.);
#5180=ORIENTED_EDGE('',*,*,#6539,.F.);
#5181=ORIENTED_EDGE('',*,*,#6540,.T.);
#5182=ORIENTED_EDGE('',*,*,#6933,.F.);
#5183=ORIENTED_EDGE('',*,*,#6915,.F.);
#5184=ORIENTED_EDGE('',*,*,#6934,.F.);
#5185=ORIENTED_EDGE('',*,*,#6935,.T.);
#5186=ORIENTED_EDGE('',*,*,#6545,.F.);
#5187=ORIENTED_EDGE('',*,*,#6541,.F.);
#5188=ORIENTED_EDGE('',*,*,#6934,.T.);
#5189=ORIENTED_EDGE('',*,*,#6936,.T.);
#5190=ORIENTED_EDGE('',*,*,#6927,.F.);
#5191=ORIENTED_EDGE('',*,*,#6543,.F.);
#5192=ORIENTED_EDGE('',*,*,#6533,.F.);
#5193=ORIENTED_EDGE('',*,*,#6937,.F.);
#5194=ORIENTED_EDGE('',*,*,#6938,.F.);
#5195=ORIENTED_EDGE('',*,*,#6547,.F.);
#5196=ORIENTED_EDGE('',*,*,#6546,.F.);
#5197=ORIENTED_EDGE('',*,*,#6936,.F.);
#5198=ORIENTED_EDGE('',*,*,#6939,.F.);
#5199=ORIENTED_EDGE('',*,*,#6932,.T.);
#5200=ORIENTED_EDGE('',*,*,#6549,.F.);
#5201=ORIENTED_EDGE('',*,*,#6919,.T.);
#5202=ORIENTED_EDGE('',*,*,#6555,.T.);
#5203=ORIENTED_EDGE('',*,*,#6551,.F.);
#5204=ORIENTED_EDGE('',*,*,#6940,.F.);
#5205=ORIENTED_EDGE('',*,*,#6941,.T.);
#5206=ORIENTED_EDGE('',*,*,#6942,.F.);
#5207=ORIENTED_EDGE('',*,*,#6943,.F.);
#5208=ORIENTED_EDGE('',*,*,#6944,.T.);
#5209=ORIENTED_EDGE('',*,*,#6556,.F.);
#5210=ORIENTED_EDGE('',*,*,#6918,.F.);
#5211=ORIENTED_EDGE('',*,*,#6945,.F.);
#5212=ORIENTED_EDGE('',*,*,#6946,.F.);
#5213=ORIENTED_EDGE('',*,*,#6947,.T.);
#5214=ORIENTED_EDGE('',*,*,#6948,.T.);
#5215=ORIENTED_EDGE('',*,*,#6949,.T.);
#5216=ORIENTED_EDGE('',*,*,#6950,.T.);
#5217=ORIENTED_EDGE('',*,*,#6559,.F.);
#5218=ORIENTED_EDGE('',*,*,#6944,.F.);
#5219=ORIENTED_EDGE('',*,*,#6951,.T.);
#5220=ORIENTED_EDGE('',*,*,#6952,.T.);
#5221=ORIENTED_EDGE('',*,*,#6953,.F.);
#5222=ORIENTED_EDGE('',*,*,#6954,.T.);
#5223=ORIENTED_EDGE('',*,*,#6561,.T.);
#5224=ORIENTED_EDGE('',*,*,#6950,.F.);
#5225=ORIENTED_EDGE('',*,*,#6955,.T.);
#5226=ORIENTED_EDGE('',*,*,#6566,.T.);
#5227=ORIENTED_EDGE('',*,*,#6562,.F.);
#5228=ORIENTED_EDGE('',*,*,#6956,.F.);
#5229=ORIENTED_EDGE('',*,*,#6957,.F.);
#5230=ORIENTED_EDGE('',*,*,#6958,.T.);
#5231=ORIENTED_EDGE('',*,*,#6587,.T.);
#5232=ORIENTED_EDGE('',*,*,#6959,.T.);
#5233=ORIENTED_EDGE('',*,*,#6960,.F.);
#5234=ORIENTED_EDGE('',*,*,#6961,.F.);
#5235=ORIENTED_EDGE('',*,*,#6962,.F.);
#5236=ORIENTED_EDGE('',*,*,#6956,.T.);
#5237=ORIENTED_EDGE('',*,*,#6563,.T.);
#5238=ORIENTED_EDGE('',*,*,#6954,.F.);
#5239=ORIENTED_EDGE('',*,*,#6963,.F.);
#5240=ORIENTED_EDGE('',*,*,#6964,.F.);
#5241=ORIENTED_EDGE('',*,*,#6965,.F.);
#5242=ORIENTED_EDGE('',*,*,#6966,.F.);
#5243=ORIENTED_EDGE('',*,*,#6967,.F.);
#5244=ORIENTED_EDGE('',*,*,#6968,.T.);
#5245=ORIENTED_EDGE('',*,*,#6969,.T.);
#5246=ORIENTED_EDGE('',*,*,#6583,.T.);
#5247=ORIENTED_EDGE('',*,*,#6567,.T.);
#5248=ORIENTED_EDGE('',*,*,#6970,.T.);
#5249=ORIENTED_EDGE('',*,*,#6971,.F.);
#5250=ORIENTED_EDGE('',*,*,#6972,.F.);
#5251=ORIENTED_EDGE('',*,*,#6570,.T.);
#5252=ORIENTED_EDGE('',*,*,#6582,.T.);
#5253=ORIENTED_EDGE('',*,*,#6972,.T.);
#5254=ORIENTED_EDGE('',*,*,#6965,.T.);
#5255=ORIENTED_EDGE('',*,*,#6973,.T.);
#5256=ORIENTED_EDGE('',*,*,#6571,.F.);
#5257=ORIENTED_EDGE('',*,*,#6974,.F.);
#5258=ORIENTED_EDGE('',*,*,#6572,.T.);
#5259=ORIENTED_EDGE('',*,*,#6973,.F.);
#5260=ORIENTED_EDGE('',*,*,#6975,.T.);
#5261=ORIENTED_EDGE('',*,*,#6576,.T.);
#5262=ORIENTED_EDGE('',*,*,#6574,.T.);
#5263=ORIENTED_EDGE('',*,*,#6564,.T.);
#5264=ORIENTED_EDGE('',*,*,#6976,.T.);
#5265=ORIENTED_EDGE('',*,*,#6977,.T.);
#5266=ORIENTED_EDGE('',*,*,#6978,.T.);
#5267=ORIENTED_EDGE('',*,*,#6978,.F.);
#5268=ORIENTED_EDGE('',*,*,#6979,.F.);
#5269=ORIENTED_EDGE('',*,*,#6970,.F.);
#5270=ORIENTED_EDGE('',*,*,#6575,.T.);
#5271=ORIENTED_EDGE('',*,*,#6577,.T.);
#5272=ORIENTED_EDGE('',*,*,#6975,.F.);
#5273=ORIENTED_EDGE('',*,*,#6980,.T.);
#5274=ORIENTED_EDGE('',*,*,#6971,.T.);
#5275=ORIENTED_EDGE('',*,*,#6581,.T.);
#5276=ORIENTED_EDGE('',*,*,#6579,.T.);
#5277=ORIENTED_EDGE('',*,*,#6586,.T.);
#5278=ORIENTED_EDGE('',*,*,#6584,.T.);
#5279=ORIENTED_EDGE('',*,*,#6981,.F.);
#5280=ORIENTED_EDGE('',*,*,#6959,.F.);
#5281=ORIENTED_EDGE('',*,*,#6982,.T.);
#5282=ORIENTED_EDGE('',*,*,#6983,.T.);
#5283=ORIENTED_EDGE('',*,*,#6589,.T.);
#5284=ORIENTED_EDGE('',*,*,#6958,.F.);
#5285=ORIENTED_EDGE('',*,*,#6984,.F.);
#5286=ORIENTED_EDGE('',*,*,#6985,.T.);
#5287=ORIENTED_EDGE('',*,*,#6986,.T.);
#5288=ORIENTED_EDGE('',*,*,#6987,.F.);
#5289=ORIENTED_EDGE('',*,*,#6988,.T.);
#5290=ORIENTED_EDGE('',*,*,#6591,.T.);
#5291=ORIENTED_EDGE('',*,*,#6983,.F.);
#5292=ORIENTED_EDGE('',*,*,#6989,.T.);
#5293=ORIENTED_EDGE('',*,*,#6990,.F.);
#5294=ORIENTED_EDGE('',*,*,#6821,.T.);
#5295=ORIENTED_EDGE('',*,*,#6592,.T.);
#5296=ORIENTED_EDGE('',*,*,#6988,.F.);
#5297=ORIENTED_EDGE('',*,*,#6991,.F.);
#5298=ORIENTED_EDGE('',*,*,#6610,.F.);
#5299=ORIENTED_EDGE('',*,*,#6992,.T.);
#5300=ORIENTED_EDGE('',*,*,#6598,.T.);
#5301=ORIENTED_EDGE('',*,*,#6993,.F.);
#5302=ORIENTED_EDGE('',*,*,#6797,.T.);
#5303=ORIENTED_EDGE('',*,*,#6599,.T.);
#5304=ORIENTED_EDGE('',*,*,#6992,.F.);
#5305=ORIENTED_EDGE('',*,*,#6609,.F.);
#5306=ORIENTED_EDGE('',*,*,#6994,.T.);
#5307=ORIENTED_EDGE('',*,*,#6600,.T.);
#5308=ORIENTED_EDGE('',*,*,#6994,.F.);
#5309=ORIENTED_EDGE('',*,*,#6608,.F.);
#5310=ORIENTED_EDGE('',*,*,#6995,.T.);
#5311=ORIENTED_EDGE('',*,*,#6995,.F.);
#5312=ORIENTED_EDGE('',*,*,#6607,.F.);
#5313=ORIENTED_EDGE('',*,*,#6603,.F.);
#5314=ORIENTED_EDGE('',*,*,#6601,.T.);
#5315=ORIENTED_EDGE('',*,*,#6996,.F.);
#5316=ORIENTED_EDGE('',*,*,#6997,.F.);
#5317=ORIENTED_EDGE('',*,*,#6643,.F.);
#5318=ORIENTED_EDGE('',*,*,#6789,.F.);
#5319=ORIENTED_EDGE('',*,*,#6996,.T.);
#5320=ORIENTED_EDGE('',*,*,#6998,.F.);
#5321=ORIENTED_EDGE('',*,*,#6645,.T.);
#5322=ORIENTED_EDGE('',*,*,#6997,.T.);
#5323=ORIENTED_EDGE('',*,*,#6647,.F.);
#5324=ORIENTED_EDGE('',*,*,#6646,.T.);
#5325=ORIENTED_EDGE('',*,*,#6998,.T.);
#5326=ORIENTED_EDGE('',*,*,#6999,.T.);
#5327=ORIENTED_EDGE('',*,*,#7000,.F.);
#5328=ORIENTED_EDGE('',*,*,#6652,.F.);
#5329=ORIENTED_EDGE('',*,*,#6649,.F.);
#5330=ORIENTED_EDGE('',*,*,#7001,.F.);
#5331=ORIENTED_EDGE('',*,*,#7002,.T.);
#5332=ORIENTED_EDGE('',*,*,#7003,.T.);
#5333=ORIENTED_EDGE('',*,*,#7004,.T.);
#5334=ORIENTED_EDGE('',*,*,#7005,.T.);
#5335=ORIENTED_EDGE('',*,*,#6790,.T.);
#5336=ORIENTED_EDGE('',*,*,#6650,.F.);
#5337=ORIENTED_EDGE('',*,*,#7006,.T.);
#5338=ORIENTED_EDGE('',*,*,#6653,.F.);
#5339=ORIENTED_EDGE('',*,*,#7000,.T.);
#5340=ORIENTED_EDGE('',*,*,#7007,.T.);
#5341=ORIENTED_EDGE('',*,*,#7008,.F.);
#5342=ORIENTED_EDGE('',*,*,#7009,.F.);
#5343=ORIENTED_EDGE('',*,*,#6654,.T.);
#5344=ORIENTED_EDGE('',*,*,#7010,.F.);
#5345=ORIENTED_EDGE('',*,*,#6655,.T.);
#5346=ORIENTED_EDGE('',*,*,#7009,.T.);
#5347=ORIENTED_EDGE('',*,*,#7011,.F.);
#5348=ORIENTED_EDGE('',*,*,#7012,.F.);
#5349=ORIENTED_EDGE('',*,*,#6663,.F.);
#5350=ORIENTED_EDGE('',*,*,#6661,.T.);
#5351=ORIENTED_EDGE('',*,*,#6659,.T.);
#5352=ORIENTED_EDGE('',*,*,#6786,.F.);
#5353=ORIENTED_EDGE('',*,*,#7013,.F.);
#5354=ORIENTED_EDGE('',*,*,#7014,.F.);
#5355=ORIENTED_EDGE('',*,*,#7015,.F.);
#5356=ORIENTED_EDGE('',*,*,#7016,.F.);
#5357=ORIENTED_EDGE('',*,*,#7017,.T.);
#5358=ORIENTED_EDGE('',*,*,#6660,.T.);
#5359=ORIENTED_EDGE('',*,*,#7018,.F.);
#5360=ORIENTED_EDGE('',*,*,#6664,.F.);
#5361=ORIENTED_EDGE('',*,*,#7012,.T.);
#5362=ORIENTED_EDGE('',*,*,#7019,.F.);
#5363=ORIENTED_EDGE('',*,*,#6787,.T.);
#5364=ORIENTED_EDGE('',*,*,#6665,.T.);
#5365=ORIENTED_EDGE('',*,*,#7018,.T.);
#5366=ORIENTED_EDGE('',*,*,#7019,.T.);
#5367=ORIENTED_EDGE('',*,*,#7020,.F.);
#5368=ORIENTED_EDGE('',*,*,#6712,.F.);
#5369=ORIENTED_EDGE('',*,*,#7021,.F.);
#5370=ORIENTED_EDGE('',*,*,#6700,.T.);
#5371=ORIENTED_EDGE('',*,*,#7022,.F.);
#5372=ORIENTED_EDGE('',*,*,#6794,.F.);
#5373=ORIENTED_EDGE('',*,*,#7023,.F.);
#5374=ORIENTED_EDGE('',*,*,#6701,.T.);
#5375=ORIENTED_EDGE('',*,*,#7021,.T.);
#5376=ORIENTED_EDGE('',*,*,#6711,.F.);
#5377=ORIENTED_EDGE('',*,*,#7024,.F.);
#5378=ORIENTED_EDGE('',*,*,#6702,.T.);
#5379=ORIENTED_EDGE('',*,*,#7023,.T.);
#5380=ORIENTED_EDGE('',*,*,#6710,.F.);
#5381=ORIENTED_EDGE('',*,*,#6709,.F.);
#5382=ORIENTED_EDGE('',*,*,#6705,.T.);
#5383=ORIENTED_EDGE('',*,*,#6703,.T.);
#5384=ORIENTED_EDGE('',*,*,#7024,.T.);
#5385=ORIENTED_EDGE('',*,*,#7025,.F.);
#5386=ORIENTED_EDGE('',*,*,#7026,.F.);
#5387=ORIENTED_EDGE('',*,*,#6715,.T.);
#5388=ORIENTED_EDGE('',*,*,#7027,.F.);
#5389=ORIENTED_EDGE('',*,*,#6716,.T.);
#5390=ORIENTED_EDGE('',*,*,#7026,.T.);
#5391=ORIENTED_EDGE('',*,*,#7028,.F.);
#5392=ORIENTED_EDGE('',*,*,#7029,.F.);
#5393=ORIENTED_EDGE('',*,*,#6724,.F.);
#5394=ORIENTED_EDGE('',*,*,#6722,.T.);
#5395=ORIENTED_EDGE('',*,*,#6720,.T.);
#5396=ORIENTED_EDGE('',*,*,#6776,.F.);
#5397=ORIENTED_EDGE('',*,*,#7030,.F.);
#5398=ORIENTED_EDGE('',*,*,#7031,.F.);
#5399=ORIENTED_EDGE('',*,*,#7032,.F.);
#5400=ORIENTED_EDGE('',*,*,#7033,.F.);
#5401=ORIENTED_EDGE('',*,*,#7034,.T.);
#5402=ORIENTED_EDGE('',*,*,#6721,.T.);
#5403=ORIENTED_EDGE('',*,*,#7035,.F.);
#5404=ORIENTED_EDGE('',*,*,#6725,.F.);
#5405=ORIENTED_EDGE('',*,*,#7029,.T.);
#5406=ORIENTED_EDGE('',*,*,#7036,.F.);
#5407=ORIENTED_EDGE('',*,*,#6777,.T.);
#5408=ORIENTED_EDGE('',*,*,#6726,.T.);
#5409=ORIENTED_EDGE('',*,*,#7035,.T.);
#5410=ORIENTED_EDGE('',*,*,#7036,.T.);
#5411=ORIENTED_EDGE('',*,*,#7037,.F.);
#5412=ORIENTED_EDGE('',*,*,#7038,.F.);
#5413=ORIENTED_EDGE('',*,*,#6750,.F.);
#5414=ORIENTED_EDGE('',*,*,#6779,.F.);
#5415=ORIENTED_EDGE('',*,*,#7037,.T.);
#5416=ORIENTED_EDGE('',*,*,#7039,.F.);
#5417=ORIENTED_EDGE('',*,*,#6752,.T.);
#5418=ORIENTED_EDGE('',*,*,#7038,.T.);
#5419=ORIENTED_EDGE('',*,*,#6754,.F.);
#5420=ORIENTED_EDGE('',*,*,#6753,.T.);
#5421=ORIENTED_EDGE('',*,*,#7039,.T.);
#5422=ORIENTED_EDGE('',*,*,#7040,.T.);
#5423=ORIENTED_EDGE('',*,*,#7041,.F.);
#5424=ORIENTED_EDGE('',*,*,#6759,.F.);
#5425=ORIENTED_EDGE('',*,*,#6756,.F.);
#5426=ORIENTED_EDGE('',*,*,#7042,.F.);
#5427=ORIENTED_EDGE('',*,*,#7043,.T.);
#5428=ORIENTED_EDGE('',*,*,#7044,.T.);
#5429=ORIENTED_EDGE('',*,*,#7045,.T.);
#5430=ORIENTED_EDGE('',*,*,#7046,.T.);
#5431=ORIENTED_EDGE('',*,*,#6780,.T.);
#5432=ORIENTED_EDGE('',*,*,#6757,.F.);
#5433=ORIENTED_EDGE('',*,*,#7047,.T.);
#5434=ORIENTED_EDGE('',*,*,#6760,.F.);
#5435=ORIENTED_EDGE('',*,*,#7041,.T.);
#5436=ORIENTED_EDGE('',*,*,#7048,.T.);
#5437=ORIENTED_EDGE('',*,*,#7030,.T.);
#5438=ORIENTED_EDGE('',*,*,#6775,.T.);
#5439=ORIENTED_EDGE('',*,*,#6816,.F.);
#5440=ORIENTED_EDGE('',*,*,#7049,.T.);
#5441=ORIENTED_EDGE('',*,*,#7050,.T.);
#5442=ORIENTED_EDGE('',*,*,#7051,.T.);
#5443=ORIENTED_EDGE('',*,*,#7052,.F.);
#5444=ORIENTED_EDGE('',*,*,#7053,.T.);
#5445=ORIENTED_EDGE('',*,*,#7054,.F.);
#5446=ORIENTED_EDGE('',*,*,#7055,.F.);
#5447=ORIENTED_EDGE('',*,*,#7056,.T.);
#5448=ORIENTED_EDGE('',*,*,#6778,.T.);
#5449=ORIENTED_EDGE('',*,*,#7057,.F.);
#5450=ORIENTED_EDGE('',*,*,#7058,.T.);
#5451=ORIENTED_EDGE('',*,*,#7059,.T.);
#5452=ORIENTED_EDGE('',*,*,#7060,.T.);
#5453=ORIENTED_EDGE('',*,*,#7061,.F.);
#5454=ORIENTED_EDGE('',*,*,#7062,.F.);
#5455=ORIENTED_EDGE('',*,*,#7063,.F.);
#5456=ORIENTED_EDGE('',*,*,#6803,.T.);
#5457=ORIENTED_EDGE('',*,*,#6781,.F.);
#5458=ORIENTED_EDGE('',*,*,#7046,.F.);
#5459=ORIENTED_EDGE('',*,*,#7013,.T.);
#5460=ORIENTED_EDGE('',*,*,#6785,.T.);
#5461=ORIENTED_EDGE('',*,*,#6807,.F.);
#5462=ORIENTED_EDGE('',*,*,#7064,.T.);
#5463=ORIENTED_EDGE('',*,*,#7065,.T.);
#5464=ORIENTED_EDGE('',*,*,#7066,.T.);
#5465=ORIENTED_EDGE('',*,*,#7067,.F.);
#5466=ORIENTED_EDGE('',*,*,#7068,.F.);
#5467=ORIENTED_EDGE('',*,*,#7069,.F.);
#5468=ORIENTED_EDGE('',*,*,#7070,.T.);
#5469=ORIENTED_EDGE('',*,*,#6788,.F.);
#5470=ORIENTED_EDGE('',*,*,#7071,.F.);
#5471=ORIENTED_EDGE('',*,*,#7072,.T.);
#5472=ORIENTED_EDGE('',*,*,#7073,.T.);
#5473=ORIENTED_EDGE('',*,*,#7074,.F.);
#5474=ORIENTED_EDGE('',*,*,#7075,.T.);
#5475=ORIENTED_EDGE('',*,*,#7076,.F.);
#5476=ORIENTED_EDGE('',*,*,#7077,.F.);
#5477=ORIENTED_EDGE('',*,*,#7078,.F.);
#5478=ORIENTED_EDGE('',*,*,#6812,.T.);
#5479=ORIENTED_EDGE('',*,*,#6791,.F.);
#5480=ORIENTED_EDGE('',*,*,#7005,.F.);
#5481=ORIENTED_EDGE('',*,*,#6801,.T.);
#5482=ORIENTED_EDGE('',*,*,#7079,.F.);
#5483=ORIENTED_EDGE('',*,*,#7080,.F.);
#5484=ORIENTED_EDGE('',*,*,#7081,.T.);
#5485=ORIENTED_EDGE('',*,*,#6802,.F.);
#5486=ORIENTED_EDGE('',*,*,#7081,.F.);
#5487=ORIENTED_EDGE('',*,*,#7082,.T.);
#5488=ORIENTED_EDGE('',*,*,#6805,.T.);
#5489=ORIENTED_EDGE('',*,*,#6804,.F.);
#5490=ORIENTED_EDGE('',*,*,#7083,.F.);
#5491=ORIENTED_EDGE('',*,*,#7084,.T.);
#5492=ORIENTED_EDGE('',*,*,#6808,.T.);
#5493=ORIENTED_EDGE('',*,*,#7085,.T.);
#5494=ORIENTED_EDGE('',*,*,#7086,.F.);
#5495=ORIENTED_EDGE('',*,*,#7083,.T.);
#5496=ORIENTED_EDGE('',*,*,#6806,.F.);
#5497=ORIENTED_EDGE('',*,*,#7082,.F.);
#5498=ORIENTED_EDGE('',*,*,#7087,.T.);
#5499=ORIENTED_EDGE('',*,*,#7088,.F.);
#5500=ORIENTED_EDGE('',*,*,#7089,.F.);
#5501=ORIENTED_EDGE('',*,*,#7084,.F.);
#5502=ORIENTED_EDGE('',*,*,#7090,.T.);
#5503=ORIENTED_EDGE('',*,*,#7091,.T.);
#5504=ORIENTED_EDGE('',*,*,#6809,.F.);
#5505=ORIENTED_EDGE('',*,*,#6810,.T.);
#5506=ORIENTED_EDGE('',*,*,#7092,.F.);
#5507=ORIENTED_EDGE('',*,*,#7093,.F.);
#5508=ORIENTED_EDGE('',*,*,#7094,.T.);
#5509=ORIENTED_EDGE('',*,*,#6811,.F.);
#5510=ORIENTED_EDGE('',*,*,#7094,.F.);
#5511=ORIENTED_EDGE('',*,*,#7095,.T.);
#5512=ORIENTED_EDGE('',*,*,#6813,.T.);
#5513=ORIENTED_EDGE('',*,*,#7096,.F.);
#5514=ORIENTED_EDGE('',*,*,#7097,.T.);
#5515=ORIENTED_EDGE('',*,*,#7098,.T.);
#5516=ORIENTED_EDGE('',*,*,#7099,.F.);
#5517=ORIENTED_EDGE('',*,*,#7100,.T.);
#5518=ORIENTED_EDGE('',*,*,#6814,.T.);
#5519=ORIENTED_EDGE('',*,*,#7095,.F.);
#5520=ORIENTED_EDGE('',*,*,#7101,.T.);
#5521=ORIENTED_EDGE('',*,*,#6815,.F.);
#5522=ORIENTED_EDGE('',*,*,#7100,.F.);
#5523=ORIENTED_EDGE('',*,*,#7102,.T.);
#5524=ORIENTED_EDGE('',*,*,#6817,.T.);
#5525=ORIENTED_EDGE('',*,*,#7102,.F.);
#5526=ORIENTED_EDGE('',*,*,#7103,.T.);
#5527=ORIENTED_EDGE('',*,*,#7104,.T.);
#5528=ORIENTED_EDGE('',*,*,#6818,.F.);
#5529=ORIENTED_EDGE('',*,*,#7105,.T.);
#5530=ORIENTED_EDGE('',*,*,#7106,.T.);
#5531=ORIENTED_EDGE('',*,*,#7101,.F.);
#5532=ORIENTED_EDGE('',*,*,#7093,.T.);
#5533=ORIENTED_EDGE('',*,*,#7107,.T.);
#5534=ORIENTED_EDGE('',*,*,#7108,.T.);
#5535=ORIENTED_EDGE('',*,*,#7109,.T.);
#5536=ORIENTED_EDGE('',*,*,#7108,.F.);
#5537=ORIENTED_EDGE('',*,*,#7110,.T.);
#5538=ORIENTED_EDGE('',*,*,#7111,.F.);
#5539=ORIENTED_EDGE('',*,*,#7112,.T.);
#5540=ORIENTED_EDGE('',*,*,#7111,.T.);
#5541=ORIENTED_EDGE('',*,*,#7113,.T.);
#5542=ORIENTED_EDGE('',*,*,#7114,.F.);
#5543=ORIENTED_EDGE('',*,*,#7115,.F.);
#5544=ORIENTED_EDGE('',*,*,#6836,.F.);
#5545=ORIENTED_EDGE('',*,*,#6853,.T.);
#5546=ORIENTED_EDGE('',*,*,#6834,.F.);
#5547=ORIENTED_EDGE('',*,*,#7116,.F.);
#5548=ORIENTED_EDGE('',*,*,#7114,.T.);
#5549=ORIENTED_EDGE('',*,*,#7117,.F.);
#5550=ORIENTED_EDGE('',*,*,#7118,.F.);
#5551=ORIENTED_EDGE('',*,*,#7002,.F.);
#5552=ORIENTED_EDGE('',*,*,#7119,.F.);
#5553=ORIENTED_EDGE('',*,*,#7120,.F.);
#5554=ORIENTED_EDGE('',*,*,#7121,.T.);
#5555=ORIENTED_EDGE('',*,*,#6830,.F.);
#5556=ORIENTED_EDGE('',*,*,#7122,.T.);
#5557=ORIENTED_EDGE('',*,*,#7123,.T.);
#5558=ORIENTED_EDGE('',*,*,#7124,.T.);
#5559=ORIENTED_EDGE('',*,*,#7124,.F.);
#5560=ORIENTED_EDGE('',*,*,#7125,.T.);
#5561=ORIENTED_EDGE('',*,*,#6851,.T.);
#5562=ORIENTED_EDGE('',*,*,#6840,.F.);
#5563=ORIENTED_EDGE('',*,*,#6831,.F.);
#5564=ORIENTED_EDGE('',*,*,#7126,.T.);
#5565=ORIENTED_EDGE('',*,*,#6839,.F.);
#5566=ORIENTED_EDGE('',*,*,#7122,.F.);
#5567=ORIENTED_EDGE('',*,*,#6829,.F.);
#5568=ORIENTED_EDGE('',*,*,#6854,.T.);
#5569=ORIENTED_EDGE('',*,*,#6845,.T.);
#5570=ORIENTED_EDGE('',*,*,#7127,.T.);
#5571=ORIENTED_EDGE('',*,*,#6842,.F.);
#5572=ORIENTED_EDGE('',*,*,#6852,.T.);
#5573=ORIENTED_EDGE('',*,*,#7125,.F.);
#5574=ORIENTED_EDGE('',*,*,#7123,.F.);
#5575=ORIENTED_EDGE('',*,*,#7127,.F.);
#5576=ORIENTED_EDGE('',*,*,#6844,.T.);
#5577=ORIENTED_EDGE('',*,*,#7128,.T.);
#5578=ORIENTED_EDGE('',*,*,#6849,.F.);
#5579=ORIENTED_EDGE('',*,*,#7129,.T.);
#5580=ORIENTED_EDGE('',*,*,#7121,.F.);
#5581=ORIENTED_EDGE('',*,*,#7130,.T.);
#5582=ORIENTED_EDGE('',*,*,#7131,.T.);
#5583=ORIENTED_EDGE('',*,*,#7132,.T.);
#5584=ORIENTED_EDGE('',*,*,#7131,.F.);
#5585=ORIENTED_EDGE('',*,*,#7133,.T.);
#5586=ORIENTED_EDGE('',*,*,#7134,.T.);
#5587=ORIENTED_EDGE('',*,*,#7135,.F.);
#5588=ORIENTED_EDGE('',*,*,#7136,.T.);
#5589=ORIENTED_EDGE('',*,*,#7137,.T.);
#5590=ORIENTED_EDGE('',*,*,#7135,.T.);
#5591=ORIENTED_EDGE('',*,*,#7138,.T.);
#5592=ORIENTED_EDGE('',*,*,#7139,.F.);
#5593=ORIENTED_EDGE('',*,*,#7140,.T.);
#5594=ORIENTED_EDGE('',*,*,#7139,.T.);
#5595=ORIENTED_EDGE('',*,*,#7141,.T.);
#5596=ORIENTED_EDGE('',*,*,#7142,.F.);
#5597=ORIENTED_EDGE('',*,*,#7143,.F.);
#5598=ORIENTED_EDGE('',*,*,#7142,.T.);
#5599=ORIENTED_EDGE('',*,*,#7144,.F.);
#5600=ORIENTED_EDGE('',*,*,#7145,.F.);
#5601=ORIENTED_EDGE('',*,*,#7146,.F.);
#5602=ORIENTED_EDGE('',*,*,#7145,.T.);
#5603=ORIENTED_EDGE('',*,*,#7147,.F.);
#5604=ORIENTED_EDGE('',*,*,#7148,.F.);
#5605=ORIENTED_EDGE('',*,*,#7149,.T.);
#5606=ORIENTED_EDGE('',*,*,#7150,.F.);
#5607=ORIENTED_EDGE('',*,*,#7151,.F.);
#5608=ORIENTED_EDGE('',*,*,#7149,.F.);
#5609=ORIENTED_EDGE('',*,*,#7152,.F.);
#5610=ORIENTED_EDGE('',*,*,#7153,.T.);
#5611=ORIENTED_EDGE('',*,*,#7154,.T.);
#5612=ORIENTED_EDGE('',*,*,#7153,.F.);
#5613=ORIENTED_EDGE('',*,*,#7155,.T.);
#5614=ORIENTED_EDGE('',*,*,#7156,.T.);
#5615=ORIENTED_EDGE('',*,*,#7016,.T.);
#5616=ORIENTED_EDGE('',*,*,#7157,.T.);
#5617=ORIENTED_EDGE('',*,*,#7158,.T.);
#5618=ORIENTED_EDGE('',*,*,#7159,.F.);
#5619=ORIENTED_EDGE('',*,*,#7160,.T.);
#5620=ORIENTED_EDGE('',*,*,#6874,.T.);
#5621=ORIENTED_EDGE('',*,*,#6894,.F.);
#5622=ORIENTED_EDGE('',*,*,#6872,.T.);
#5623=ORIENTED_EDGE('',*,*,#7161,.F.);
#5624=ORIENTED_EDGE('',*,*,#6890,.F.);
#5625=ORIENTED_EDGE('',*,*,#6869,.F.);
#5626=ORIENTED_EDGE('',*,*,#6880,.T.);
#5627=ORIENTED_EDGE('',*,*,#7162,.T.);
#5628=ORIENTED_EDGE('',*,*,#7163,.F.);
#5629=ORIENTED_EDGE('',*,*,#6881,.T.);
#5630=ORIENTED_EDGE('',*,*,#6878,.T.);
#5631=ORIENTED_EDGE('',*,*,#6895,.T.);
#5632=ORIENTED_EDGE('',*,*,#6883,.F.);
#5633=ORIENTED_EDGE('',*,*,#7164,.F.);
#5634=ORIENTED_EDGE('',*,*,#7165,.T.);
#5635=ORIENTED_EDGE('',*,*,#7165,.F.);
#5636=ORIENTED_EDGE('',*,*,#7166,.F.);
#5637=ORIENTED_EDGE('',*,*,#7162,.F.);
#5638=ORIENTED_EDGE('',*,*,#6879,.T.);
#5639=ORIENTED_EDGE('',*,*,#6891,.F.);
#5640=ORIENTED_EDGE('',*,*,#7161,.T.);
#5641=ORIENTED_EDGE('',*,*,#7166,.T.);
#5642=ORIENTED_EDGE('',*,*,#7164,.T.);
#5643=ORIENTED_EDGE('',*,*,#6882,.F.);
#5644=ORIENTED_EDGE('',*,*,#6893,.T.);
#5645=ORIENTED_EDGE('',*,*,#6888,.T.);
#5646=ORIENTED_EDGE('',*,*,#7167,.F.);
#5647=ORIENTED_EDGE('',*,*,#7168,.F.);
#5648=ORIENTED_EDGE('',*,*,#7159,.T.);
#5649=ORIENTED_EDGE('',*,*,#7169,.F.);
#5650=ORIENTED_EDGE('',*,*,#7170,.F.);
#5651=ORIENTED_EDGE('',*,*,#7171,.F.);
#5652=ORIENTED_EDGE('',*,*,#7170,.T.);
#5653=ORIENTED_EDGE('',*,*,#7172,.F.);
#5654=ORIENTED_EDGE('',*,*,#7173,.T.);
#5655=ORIENTED_EDGE('',*,*,#7174,.F.);
#5656=ORIENTED_EDGE('',*,*,#7173,.F.);
#5657=ORIENTED_EDGE('',*,*,#7175,.F.);
#5658=ORIENTED_EDGE('',*,*,#7090,.F.);
#5659=ORIENTED_EDGE('',*,*,#7086,.T.);
#5660=ORIENTED_EDGE('',*,*,#7176,.F.);
#5661=ORIENTED_EDGE('',*,*,#7177,.T.);
#5662=ORIENTED_EDGE('',*,*,#7087,.F.);
#5663=ORIENTED_EDGE('',*,*,#7080,.T.);
#5664=ORIENTED_EDGE('',*,*,#7178,.T.);
#5665=ORIENTED_EDGE('',*,*,#7179,.T.);
#5666=ORIENTED_EDGE('',*,*,#7180,.T.);
#5667=ORIENTED_EDGE('',*,*,#7181,.T.);
#5668=ORIENTED_EDGE('',*,*,#7179,.F.);
#5669=ORIENTED_EDGE('',*,*,#7182,.T.);
#5670=ORIENTED_EDGE('',*,*,#7183,.F.);
#5671=ORIENTED_EDGE('',*,*,#7184,.T.);
#5672=ORIENTED_EDGE('',*,*,#7183,.T.);
#5673=ORIENTED_EDGE('',*,*,#7185,.T.);
#5674=ORIENTED_EDGE('',*,*,#7186,.F.);
#5675=ORIENTED_EDGE('',*,*,#7187,.F.);
#5676=ORIENTED_EDGE('',*,*,#7186,.T.);
#5677=ORIENTED_EDGE('',*,*,#7188,.F.);
#5678=ORIENTED_EDGE('',*,*,#7189,.F.);
#5679=ORIENTED_EDGE('',*,*,#7043,.F.);
#5680=ORIENTED_EDGE('',*,*,#7190,.F.);
#5681=ORIENTED_EDGE('',*,*,#7191,.F.);
#5682=ORIENTED_EDGE('',*,*,#7192,.T.);
#5683=ORIENTED_EDGE('',*,*,#7193,.F.);
#5684=ORIENTED_EDGE('',*,*,#6916,.F.);
#5685=ORIENTED_EDGE('',*,*,#6939,.T.);
#5686=ORIENTED_EDGE('',*,*,#6914,.F.);
#5687=ORIENTED_EDGE('',*,*,#6921,.F.);
#5688=ORIENTED_EDGE('',*,*,#7194,.T.);
#5689=ORIENTED_EDGE('',*,*,#7195,.T.);
#5690=ORIENTED_EDGE('',*,*,#7196,.T.);
#5691=ORIENTED_EDGE('',*,*,#7196,.F.);
#5692=ORIENTED_EDGE('',*,*,#7197,.T.);
#5693=ORIENTED_EDGE('',*,*,#6937,.T.);
#5694=ORIENTED_EDGE('',*,*,#6926,.F.);
#5695=ORIENTED_EDGE('',*,*,#6922,.F.);
#5696=ORIENTED_EDGE('',*,*,#6925,.F.);
#5697=ORIENTED_EDGE('',*,*,#7198,.T.);
#5698=ORIENTED_EDGE('',*,*,#7194,.F.);
#5699=ORIENTED_EDGE('',*,*,#6920,.F.);
#5700=ORIENTED_EDGE('',*,*,#6940,.T.);
#5701=ORIENTED_EDGE('',*,*,#6931,.T.);
#5702=ORIENTED_EDGE('',*,*,#7199,.T.);
#5703=ORIENTED_EDGE('',*,*,#6928,.F.);
#5704=ORIENTED_EDGE('',*,*,#6938,.T.);
#5705=ORIENTED_EDGE('',*,*,#7197,.F.);
#5706=ORIENTED_EDGE('',*,*,#7195,.F.);
#5707=ORIENTED_EDGE('',*,*,#7199,.F.);
#5708=ORIENTED_EDGE('',*,*,#6930,.T.);
#5709=ORIENTED_EDGE('',*,*,#6935,.F.);
#5710=ORIENTED_EDGE('',*,*,#7200,.T.);
#5711=ORIENTED_EDGE('',*,*,#7201,.T.);
#5712=ORIENTED_EDGE('',*,*,#7192,.F.);
#5713=ORIENTED_EDGE('',*,*,#7202,.T.);
#5714=ORIENTED_EDGE('',*,*,#7203,.T.);
#5715=ORIENTED_EDGE('',*,*,#7204,.T.);
#5716=ORIENTED_EDGE('',*,*,#7203,.F.);
#5717=ORIENTED_EDGE('',*,*,#7205,.T.);
#5718=ORIENTED_EDGE('',*,*,#7206,.T.);
#5719=ORIENTED_EDGE('',*,*,#7207,.F.);
#5720=ORIENTED_EDGE('',*,*,#7208,.T.);
#5721=ORIENTED_EDGE('',*,*,#7209,.T.);
#5722=ORIENTED_EDGE('',*,*,#7207,.T.);
#5723=ORIENTED_EDGE('',*,*,#7210,.T.);
#5724=ORIENTED_EDGE('',*,*,#7211,.F.);
#5725=ORIENTED_EDGE('',*,*,#7212,.F.);
#5726=ORIENTED_EDGE('',*,*,#7211,.T.);
#5727=ORIENTED_EDGE('',*,*,#7213,.F.);
#5728=ORIENTED_EDGE('',*,*,#7214,.F.);
#5729=ORIENTED_EDGE('',*,*,#7215,.F.);
#5730=ORIENTED_EDGE('',*,*,#7214,.T.);
#5731=ORIENTED_EDGE('',*,*,#7216,.F.);
#5732=ORIENTED_EDGE('',*,*,#7217,.F.);
#5733=ORIENTED_EDGE('',*,*,#7218,.F.);
#5734=ORIENTED_EDGE('',*,*,#7217,.T.);
#5735=ORIENTED_EDGE('',*,*,#7219,.F.);
#5736=ORIENTED_EDGE('',*,*,#7220,.F.);
#5737=ORIENTED_EDGE('',*,*,#7221,.T.);
#5738=ORIENTED_EDGE('',*,*,#7222,.F.);
#5739=ORIENTED_EDGE('',*,*,#7223,.F.);
#5740=ORIENTED_EDGE('',*,*,#7221,.F.);
#5741=ORIENTED_EDGE('',*,*,#7224,.F.);
#5742=ORIENTED_EDGE('',*,*,#7225,.T.);
#5743=ORIENTED_EDGE('',*,*,#7226,.T.);
#5744=ORIENTED_EDGE('',*,*,#6966,.T.);
#5745=ORIENTED_EDGE('',*,*,#6980,.F.);
#5746=ORIENTED_EDGE('',*,*,#6964,.T.);
#5747=ORIENTED_EDGE('',*,*,#7227,.T.);
#5748=ORIENTED_EDGE('',*,*,#7225,.F.);
#5749=ORIENTED_EDGE('',*,*,#7228,.T.);
#5750=ORIENTED_EDGE('',*,*,#7229,.T.);
#5751=ORIENTED_EDGE('',*,*,#7033,.T.);
#5752=ORIENTED_EDGE('',*,*,#7230,.T.);
#5753=ORIENTED_EDGE('',*,*,#7231,.T.);
#5754=ORIENTED_EDGE('',*,*,#7232,.F.);
#5755=ORIENTED_EDGE('',*,*,#7233,.F.);
#5756=ORIENTED_EDGE('',*,*,#6976,.F.);
#5757=ORIENTED_EDGE('',*,*,#6955,.F.);
#5758=ORIENTED_EDGE('',*,*,#6962,.T.);
#5759=ORIENTED_EDGE('',*,*,#7234,.T.);
#5760=ORIENTED_EDGE('',*,*,#6967,.T.);
#5761=ORIENTED_EDGE('',*,*,#7235,.F.);
#5762=ORIENTED_EDGE('',*,*,#6960,.T.);
#5763=ORIENTED_EDGE('',*,*,#6981,.T.);
#5764=ORIENTED_EDGE('',*,*,#6969,.F.);
#5765=ORIENTED_EDGE('',*,*,#7236,.F.);
#5766=ORIENTED_EDGE('',*,*,#7237,.T.);
#5767=ORIENTED_EDGE('',*,*,#7237,.F.);
#5768=ORIENTED_EDGE('',*,*,#7238,.F.);
#5769=ORIENTED_EDGE('',*,*,#7234,.F.);
#5770=ORIENTED_EDGE('',*,*,#6961,.T.);
#5771=ORIENTED_EDGE('',*,*,#6977,.F.);
#5772=ORIENTED_EDGE('',*,*,#7233,.T.);
#5773=ORIENTED_EDGE('',*,*,#7238,.T.);
#5774=ORIENTED_EDGE('',*,*,#7236,.T.);
#5775=ORIENTED_EDGE('',*,*,#6968,.F.);
#5776=ORIENTED_EDGE('',*,*,#6979,.T.);
#5777=ORIENTED_EDGE('',*,*,#7239,.F.);
#5778=ORIENTED_EDGE('',*,*,#6974,.T.);
#5779=ORIENTED_EDGE('',*,*,#7240,.F.);
#5780=ORIENTED_EDGE('',*,*,#7232,.T.);
#5781=ORIENTED_EDGE('',*,*,#7241,.F.);
#5782=ORIENTED_EDGE('',*,*,#7242,.F.);
#5783=ORIENTED_EDGE('',*,*,#7243,.F.);
#5784=ORIENTED_EDGE('',*,*,#7242,.T.);
#5785=ORIENTED_EDGE('',*,*,#7244,.F.);
#5786=ORIENTED_EDGE('',*,*,#7245,.T.);
#5787=ORIENTED_EDGE('',*,*,#7246,.F.);
#5788=ORIENTED_EDGE('',*,*,#7247,.F.);
#5789=ORIENTED_EDGE('',*,*,#7245,.F.);
#5790=ORIENTED_EDGE('',*,*,#7248,.F.);
#5791=ORIENTED_EDGE('',*,*,#7103,.F.);
#5792=ORIENTED_EDGE('',*,*,#7099,.T.);
#5793=ORIENTED_EDGE('',*,*,#7249,.F.);
#5794=ORIENTED_EDGE('',*,*,#7250,.F.);
#5795=ORIENTED_EDGE('',*,*,#7251,.T.);
#5796=ORIENTED_EDGE('',*,*,#7007,.F.);
#5797=ORIENTED_EDGE('',*,*,#6999,.F.);
#5798=ORIENTED_EDGE('',*,*,#7070,.F.);
#5799=ORIENTED_EDGE('',*,*,#7119,.T.);
#5800=ORIENTED_EDGE('',*,*,#7001,.T.);
#5801=ORIENTED_EDGE('',*,*,#7006,.F.);
#5802=ORIENTED_EDGE('',*,*,#7252,.F.);
#5803=ORIENTED_EDGE('',*,*,#7118,.T.);
#5804=ORIENTED_EDGE('',*,*,#7253,.T.);
#5805=ORIENTED_EDGE('',*,*,#7004,.F.);
#5806=ORIENTED_EDGE('',*,*,#7003,.F.);
#5807=ORIENTED_EDGE('',*,*,#7071,.T.);
#5808=ORIENTED_EDGE('',*,*,#7011,.T.);
#5809=ORIENTED_EDGE('',*,*,#7008,.T.);
#5810=ORIENTED_EDGE('',*,*,#7254,.F.);
#5811=ORIENTED_EDGE('',*,*,#7255,.T.);
#5812=ORIENTED_EDGE('',*,*,#7256,.T.);
#5813=ORIENTED_EDGE('',*,*,#7257,.T.);
#5814=ORIENTED_EDGE('',*,*,#7010,.T.);
#5815=ORIENTED_EDGE('',*,*,#7017,.F.);
#5816=ORIENTED_EDGE('',*,*,#7156,.F.);
#5817=ORIENTED_EDGE('',*,*,#7015,.T.);
#5818=ORIENTED_EDGE('',*,*,#7014,.T.);
#5819=ORIENTED_EDGE('',*,*,#7258,.F.);
#5820=ORIENTED_EDGE('',*,*,#7157,.F.);
#5821=ORIENTED_EDGE('',*,*,#7057,.T.);
#5822=ORIENTED_EDGE('',*,*,#7028,.T.);
#5823=ORIENTED_EDGE('',*,*,#7025,.T.);
#5824=ORIENTED_EDGE('',*,*,#7259,.F.);
#5825=ORIENTED_EDGE('',*,*,#7260,.T.);
#5826=ORIENTED_EDGE('',*,*,#7261,.T.);
#5827=ORIENTED_EDGE('',*,*,#7262,.T.);
#5828=ORIENTED_EDGE('',*,*,#7027,.T.);
#5829=ORIENTED_EDGE('',*,*,#7034,.F.);
#5830=ORIENTED_EDGE('',*,*,#7229,.F.);
#5831=ORIENTED_EDGE('',*,*,#7032,.T.);
#5832=ORIENTED_EDGE('',*,*,#7031,.T.);
#5833=ORIENTED_EDGE('',*,*,#7263,.F.);
#5834=ORIENTED_EDGE('',*,*,#7230,.F.);
#5835=ORIENTED_EDGE('',*,*,#7264,.F.);
#5836=ORIENTED_EDGE('',*,*,#7265,.F.);
#5837=ORIENTED_EDGE('',*,*,#7266,.T.);
#5838=ORIENTED_EDGE('',*,*,#7048,.F.);
#5839=ORIENTED_EDGE('',*,*,#7040,.F.);
#5840=ORIENTED_EDGE('',*,*,#7056,.F.);
#5841=ORIENTED_EDGE('',*,*,#7190,.T.);
#5842=ORIENTED_EDGE('',*,*,#7042,.T.);
#5843=ORIENTED_EDGE('',*,*,#7047,.F.);
#5844=ORIENTED_EDGE('',*,*,#7267,.F.);
#5845=ORIENTED_EDGE('',*,*,#7189,.T.);
#5846=ORIENTED_EDGE('',*,*,#7268,.T.);
#5847=ORIENTED_EDGE('',*,*,#7045,.F.);
#5848=ORIENTED_EDGE('',*,*,#7044,.F.);
#5849=ORIENTED_EDGE('',*,*,#7104,.F.);
#5850=ORIENTED_EDGE('',*,*,#7248,.T.);
#5851=ORIENTED_EDGE('',*,*,#7269,.T.);
#5852=ORIENTED_EDGE('',*,*,#7049,.F.);
#5853=ORIENTED_EDGE('',*,*,#7269,.F.);
#5854=ORIENTED_EDGE('',*,*,#7244,.T.);
#5855=ORIENTED_EDGE('',*,*,#7270,.T.);
#5856=ORIENTED_EDGE('',*,*,#7050,.F.);
#5857=ORIENTED_EDGE('',*,*,#7270,.F.);
#5858=ORIENTED_EDGE('',*,*,#7241,.T.);
#5859=ORIENTED_EDGE('',*,*,#7271,.T.);
#5860=ORIENTED_EDGE('',*,*,#7051,.F.);
#5861=ORIENTED_EDGE('',*,*,#7271,.F.);
#5862=ORIENTED_EDGE('',*,*,#7231,.F.);
#5863=ORIENTED_EDGE('',*,*,#7263,.T.);
#5864=ORIENTED_EDGE('',*,*,#7052,.T.);
#5865=ORIENTED_EDGE('',*,*,#7272,.F.);
#5866=ORIENTED_EDGE('',*,*,#7213,.T.);
#5867=ORIENTED_EDGE('',*,*,#7273,.T.);
#5868=ORIENTED_EDGE('',*,*,#7053,.F.);
#5869=ORIENTED_EDGE('',*,*,#7054,.T.);
#5870=ORIENTED_EDGE('',*,*,#7273,.F.);
#5871=ORIENTED_EDGE('',*,*,#7210,.F.);
#5872=ORIENTED_EDGE('',*,*,#7274,.T.);
#5873=ORIENTED_EDGE('',*,*,#7055,.T.);
#5874=ORIENTED_EDGE('',*,*,#7274,.F.);
#5875=ORIENTED_EDGE('',*,*,#7206,.F.);
#5876=ORIENTED_EDGE('',*,*,#7275,.T.);
#5877=ORIENTED_EDGE('',*,*,#7276,.F.);
#5878=ORIENTED_EDGE('',*,*,#7219,.T.);
#5879=ORIENTED_EDGE('',*,*,#7277,.T.);
#5880=ORIENTED_EDGE('',*,*,#7058,.F.);
#5881=ORIENTED_EDGE('',*,*,#7277,.F.);
#5882=ORIENTED_EDGE('',*,*,#7216,.T.);
#5883=ORIENTED_EDGE('',*,*,#7272,.T.);
#5884=ORIENTED_EDGE('',*,*,#7059,.F.);
#5885=ORIENTED_EDGE('',*,*,#7060,.F.);
#5886=ORIENTED_EDGE('',*,*,#7268,.F.);
#5887=ORIENTED_EDGE('',*,*,#7188,.T.);
#5888=ORIENTED_EDGE('',*,*,#7278,.T.);
#5889=ORIENTED_EDGE('',*,*,#7061,.T.);
#5890=ORIENTED_EDGE('',*,*,#7278,.F.);
#5891=ORIENTED_EDGE('',*,*,#7185,.F.);
#5892=ORIENTED_EDGE('',*,*,#7279,.T.);
#5893=ORIENTED_EDGE('',*,*,#7062,.T.);
#5894=ORIENTED_EDGE('',*,*,#7279,.F.);
#5895=ORIENTED_EDGE('',*,*,#7182,.F.);
#5896=ORIENTED_EDGE('',*,*,#7280,.T.);
#5897=ORIENTED_EDGE('',*,*,#7063,.T.);
#5898=ORIENTED_EDGE('',*,*,#7280,.F.);
#5899=ORIENTED_EDGE('',*,*,#7178,.F.);
#5900=ORIENTED_EDGE('',*,*,#7079,.T.);
#5901=ORIENTED_EDGE('',*,*,#7091,.F.);
#5902=ORIENTED_EDGE('',*,*,#7175,.T.);
#5903=ORIENTED_EDGE('',*,*,#7281,.T.);
#5904=ORIENTED_EDGE('',*,*,#7064,.F.);
#5905=ORIENTED_EDGE('',*,*,#7281,.F.);
#5906=ORIENTED_EDGE('',*,*,#7172,.T.);
#5907=ORIENTED_EDGE('',*,*,#7282,.T.);
#5908=ORIENTED_EDGE('',*,*,#7065,.F.);
#5909=ORIENTED_EDGE('',*,*,#7282,.F.);
#5910=ORIENTED_EDGE('',*,*,#7169,.T.);
#5911=ORIENTED_EDGE('',*,*,#7283,.T.);
#5912=ORIENTED_EDGE('',*,*,#7066,.F.);
#5913=ORIENTED_EDGE('',*,*,#7283,.F.);
#5914=ORIENTED_EDGE('',*,*,#7158,.F.);
#5915=ORIENTED_EDGE('',*,*,#7258,.T.);
#5916=ORIENTED_EDGE('',*,*,#7067,.T.);
#5917=ORIENTED_EDGE('',*,*,#7068,.T.);
#5918=ORIENTED_EDGE('',*,*,#7284,.F.);
#5919=ORIENTED_EDGE('',*,*,#7138,.F.);
#5920=ORIENTED_EDGE('',*,*,#7285,.T.);
#5921=ORIENTED_EDGE('',*,*,#7069,.T.);
#5922=ORIENTED_EDGE('',*,*,#7285,.F.);
#5923=ORIENTED_EDGE('',*,*,#7134,.F.);
#5924=ORIENTED_EDGE('',*,*,#7286,.T.);
#5925=ORIENTED_EDGE('',*,*,#7287,.F.);
#5926=ORIENTED_EDGE('',*,*,#7147,.T.);
#5927=ORIENTED_EDGE('',*,*,#7288,.T.);
#5928=ORIENTED_EDGE('',*,*,#7072,.F.);
#5929=ORIENTED_EDGE('',*,*,#7288,.F.);
#5930=ORIENTED_EDGE('',*,*,#7144,.T.);
#5931=ORIENTED_EDGE('',*,*,#7289,.T.);
#5932=ORIENTED_EDGE('',*,*,#7073,.F.);
#5933=ORIENTED_EDGE('',*,*,#7074,.T.);
#5934=ORIENTED_EDGE('',*,*,#7289,.F.);
#5935=ORIENTED_EDGE('',*,*,#7141,.F.);
#5936=ORIENTED_EDGE('',*,*,#7284,.T.);
#5937=ORIENTED_EDGE('',*,*,#7075,.F.);
#5938=ORIENTED_EDGE('',*,*,#7253,.F.);
#5939=ORIENTED_EDGE('',*,*,#7117,.T.);
#5940=ORIENTED_EDGE('',*,*,#7290,.T.);
#5941=ORIENTED_EDGE('',*,*,#7076,.T.);
#5942=ORIENTED_EDGE('',*,*,#7290,.F.);
#5943=ORIENTED_EDGE('',*,*,#7113,.F.);
#5944=ORIENTED_EDGE('',*,*,#7291,.T.);
#5945=ORIENTED_EDGE('',*,*,#7077,.T.);
#5946=ORIENTED_EDGE('',*,*,#7291,.F.);
#5947=ORIENTED_EDGE('',*,*,#7110,.F.);
#5948=ORIENTED_EDGE('',*,*,#7292,.T.);
#5949=ORIENTED_EDGE('',*,*,#7078,.T.);
#5950=ORIENTED_EDGE('',*,*,#7292,.F.);
#5951=ORIENTED_EDGE('',*,*,#7107,.F.);
#5952=ORIENTED_EDGE('',*,*,#7092,.T.);
#5953=ORIENTED_EDGE('',*,*,#7251,.F.);
#5954=ORIENTED_EDGE('',*,*,#7293,.F.);
#5955=ORIENTED_EDGE('',*,*,#7120,.T.);
#5956=ORIENTED_EDGE('',*,*,#7252,.T.);
#5957=ORIENTED_EDGE('',*,*,#7126,.F.);
#5958=ORIENTED_EDGE('',*,*,#7294,.F.);
#5959=ORIENTED_EDGE('',*,*,#7128,.F.);
#5960=ORIENTED_EDGE('',*,*,#7294,.T.);
#5961=ORIENTED_EDGE('',*,*,#7250,.T.);
#5962=ORIENTED_EDGE('',*,*,#7295,.F.);
#5963=ORIENTED_EDGE('',*,*,#7130,.F.);
#5964=ORIENTED_EDGE('',*,*,#7293,.T.);
#5965=ORIENTED_EDGE('',*,*,#7249,.T.);
#5966=ORIENTED_EDGE('',*,*,#7286,.F.);
#5967=ORIENTED_EDGE('',*,*,#7133,.F.);
#5968=ORIENTED_EDGE('',*,*,#7295,.T.);
#5969=ORIENTED_EDGE('',*,*,#7296,.F.);
#5970=ORIENTED_EDGE('',*,*,#7148,.T.);
#5971=ORIENTED_EDGE('',*,*,#7287,.T.);
#5972=ORIENTED_EDGE('',*,*,#7256,.F.);
#5973=ORIENTED_EDGE('',*,*,#7297,.F.);
#5974=ORIENTED_EDGE('',*,*,#7152,.T.);
#5975=ORIENTED_EDGE('',*,*,#7296,.T.);
#5976=ORIENTED_EDGE('',*,*,#7255,.F.);
#5977=ORIENTED_EDGE('',*,*,#7257,.F.);
#5978=ORIENTED_EDGE('',*,*,#7155,.F.);
#5979=ORIENTED_EDGE('',*,*,#7297,.T.);
#5980=ORIENTED_EDGE('',*,*,#7254,.T.);
#5981=ORIENTED_EDGE('',*,*,#7163,.T.);
#5982=ORIENTED_EDGE('',*,*,#7298,.T.);
#5983=ORIENTED_EDGE('',*,*,#7167,.T.);
#5984=ORIENTED_EDGE('',*,*,#7298,.F.);
#5985=ORIENTED_EDGE('',*,*,#7266,.F.);
#5986=ORIENTED_EDGE('',*,*,#7299,.F.);
#5987=ORIENTED_EDGE('',*,*,#7191,.T.);
#5988=ORIENTED_EDGE('',*,*,#7267,.T.);
#5989=ORIENTED_EDGE('',*,*,#7198,.F.);
#5990=ORIENTED_EDGE('',*,*,#7300,.F.);
#5991=ORIENTED_EDGE('',*,*,#7200,.F.);
#5992=ORIENTED_EDGE('',*,*,#7300,.T.);
#5993=ORIENTED_EDGE('',*,*,#7265,.T.);
#5994=ORIENTED_EDGE('',*,*,#7301,.F.);
#5995=ORIENTED_EDGE('',*,*,#7202,.F.);
#5996=ORIENTED_EDGE('',*,*,#7299,.T.);
#5997=ORIENTED_EDGE('',*,*,#7264,.T.);
#5998=ORIENTED_EDGE('',*,*,#7275,.F.);
#5999=ORIENTED_EDGE('',*,*,#7205,.F.);
#6000=ORIENTED_EDGE('',*,*,#7301,.T.);
#6001=ORIENTED_EDGE('',*,*,#7302,.F.);
#6002=ORIENTED_EDGE('',*,*,#7220,.T.);
#6003=ORIENTED_EDGE('',*,*,#7276,.T.);
#6004=ORIENTED_EDGE('',*,*,#7261,.F.);
#6005=ORIENTED_EDGE('',*,*,#7303,.F.);
#6006=ORIENTED_EDGE('',*,*,#7224,.T.);
#6007=ORIENTED_EDGE('',*,*,#7302,.T.);
#6008=ORIENTED_EDGE('',*,*,#7260,.F.);
#6009=ORIENTED_EDGE('',*,*,#7262,.F.);
#6010=ORIENTED_EDGE('',*,*,#7228,.F.);
#6011=ORIENTED_EDGE('',*,*,#7303,.T.);
#6012=ORIENTED_EDGE('',*,*,#7259,.T.);
#6013=ORIENTED_EDGE('',*,*,#7235,.T.);
#6014=ORIENTED_EDGE('',*,*,#7304,.T.);
#6015=ORIENTED_EDGE('',*,*,#7239,.T.);
#6016=ORIENTED_EDGE('',*,*,#7304,.F.);
#6017=ORIENTED_EDGE('',*,*,#6941,.F.);
#6018=ORIENTED_EDGE('',*,*,#6917,.T.);
#6019=ORIENTED_EDGE('',*,*,#7193,.T.);
#6020=ORIENTED_EDGE('',*,*,#7305,.T.);
#6021=ORIENTED_EDGE('',*,*,#6942,.T.);
#6022=ORIENTED_EDGE('',*,*,#7305,.F.);
#6023=ORIENTED_EDGE('',*,*,#7201,.F.);
#6024=ORIENTED_EDGE('',*,*,#7306,.T.);
#6025=ORIENTED_EDGE('',*,*,#6943,.T.);
#6026=ORIENTED_EDGE('',*,*,#7306,.F.);
#6027=ORIENTED_EDGE('',*,*,#7204,.F.);
#6028=ORIENTED_EDGE('',*,*,#7307,.T.);
#6029=ORIENTED_EDGE('',*,*,#6945,.T.);
#6030=ORIENTED_EDGE('',*,*,#7307,.F.);
#6031=ORIENTED_EDGE('',*,*,#7208,.F.);
#6032=ORIENTED_EDGE('',*,*,#7308,.T.);
#6033=ORIENTED_EDGE('',*,*,#6946,.T.);
#6034=ORIENTED_EDGE('',*,*,#7308,.F.);
#6035=ORIENTED_EDGE('',*,*,#7209,.F.);
#6036=ORIENTED_EDGE('',*,*,#7309,.T.);
#6037=ORIENTED_EDGE('',*,*,#6947,.F.);
#6038=ORIENTED_EDGE('',*,*,#7309,.F.);
#6039=ORIENTED_EDGE('',*,*,#7212,.T.);
#6040=ORIENTED_EDGE('',*,*,#7310,.T.);
#6041=ORIENTED_EDGE('',*,*,#6948,.F.);
#6042=ORIENTED_EDGE('',*,*,#7310,.F.);
#6043=ORIENTED_EDGE('',*,*,#7215,.T.);
#6044=ORIENTED_EDGE('',*,*,#7311,.T.);
#6045=ORIENTED_EDGE('',*,*,#6949,.F.);
#6046=ORIENTED_EDGE('',*,*,#7311,.F.);
#6047=ORIENTED_EDGE('',*,*,#7218,.T.);
#6048=ORIENTED_EDGE('',*,*,#7312,.T.);
#6049=ORIENTED_EDGE('',*,*,#6951,.F.);
#6050=ORIENTED_EDGE('',*,*,#7312,.F.);
#6051=ORIENTED_EDGE('',*,*,#7222,.T.);
#6052=ORIENTED_EDGE('',*,*,#7313,.T.);
#6053=ORIENTED_EDGE('',*,*,#6952,.F.);
#6054=ORIENTED_EDGE('',*,*,#7313,.F.);
#6055=ORIENTED_EDGE('',*,*,#7223,.T.);
#6056=ORIENTED_EDGE('',*,*,#7314,.T.);
#6057=ORIENTED_EDGE('',*,*,#6953,.T.);
#6058=ORIENTED_EDGE('',*,*,#7314,.F.);
#6059=ORIENTED_EDGE('',*,*,#7227,.F.);
#6060=ORIENTED_EDGE('',*,*,#6963,.T.);
#6061=ORIENTED_EDGE('',*,*,#6896,.T.);
#6062=ORIENTED_EDGE('',*,*,#6875,.T.);
#6063=ORIENTED_EDGE('',*,*,#7160,.F.);
#6064=ORIENTED_EDGE('',*,*,#7315,.T.);
#6065=ORIENTED_EDGE('',*,*,#6897,.F.);
#6066=ORIENTED_EDGE('',*,*,#7315,.F.);
#6067=ORIENTED_EDGE('',*,*,#7168,.T.);
#6068=ORIENTED_EDGE('',*,*,#7316,.T.);
#6069=ORIENTED_EDGE('',*,*,#6898,.F.);
#6070=ORIENTED_EDGE('',*,*,#7316,.F.);
#6071=ORIENTED_EDGE('',*,*,#7171,.T.);
#6072=ORIENTED_EDGE('',*,*,#7317,.T.);
#6073=ORIENTED_EDGE('',*,*,#6899,.F.);
#6074=ORIENTED_EDGE('',*,*,#7317,.F.);
#6075=ORIENTED_EDGE('',*,*,#7174,.T.);
#6076=ORIENTED_EDGE('',*,*,#7318,.T.);
#6077=ORIENTED_EDGE('',*,*,#6901,.F.);
#6078=ORIENTED_EDGE('',*,*,#7318,.F.);
#6079=ORIENTED_EDGE('',*,*,#7176,.T.);
#6080=ORIENTED_EDGE('',*,*,#7319,.T.);
#6081=ORIENTED_EDGE('',*,*,#6902,.T.);
#6082=ORIENTED_EDGE('',*,*,#7319,.F.);
#6083=ORIENTED_EDGE('',*,*,#7085,.F.);
#6084=ORIENTED_EDGE('',*,*,#7320,.T.);
#6085=ORIENTED_EDGE('',*,*,#6904,.F.);
#6086=ORIENTED_EDGE('',*,*,#7320,.F.);
#6087=ORIENTED_EDGE('',*,*,#7089,.T.);
#6088=ORIENTED_EDGE('',*,*,#7321,.T.);
#6089=ORIENTED_EDGE('',*,*,#6906,.F.);
#6090=ORIENTED_EDGE('',*,*,#7321,.F.);
#6091=ORIENTED_EDGE('',*,*,#7088,.T.);
#6092=ORIENTED_EDGE('',*,*,#7322,.T.);
#6093=ORIENTED_EDGE('',*,*,#6907,.T.);
#6094=ORIENTED_EDGE('',*,*,#7322,.F.);
#6095=ORIENTED_EDGE('',*,*,#7177,.F.);
#6096=ORIENTED_EDGE('',*,*,#7323,.T.);
#6097=ORIENTED_EDGE('',*,*,#6909,.T.);
#6098=ORIENTED_EDGE('',*,*,#7323,.F.);
#6099=ORIENTED_EDGE('',*,*,#7180,.F.);
#6100=ORIENTED_EDGE('',*,*,#7324,.T.);
#6101=ORIENTED_EDGE('',*,*,#6910,.T.);
#6102=ORIENTED_EDGE('',*,*,#7324,.F.);
#6103=ORIENTED_EDGE('',*,*,#7181,.F.);
#6104=ORIENTED_EDGE('',*,*,#7325,.T.);
#6105=ORIENTED_EDGE('',*,*,#6911,.T.);
#6106=ORIENTED_EDGE('',*,*,#7325,.F.);
#6107=ORIENTED_EDGE('',*,*,#7184,.F.);
#6108=ORIENTED_EDGE('',*,*,#7326,.T.);
#6109=ORIENTED_EDGE('',*,*,#6912,.F.);
#6110=ORIENTED_EDGE('',*,*,#7326,.F.);
#6111=ORIENTED_EDGE('',*,*,#7187,.T.);
#6112=ORIENTED_EDGE('',*,*,#6924,.T.);
#6113=ORIENTED_EDGE('',*,*,#6823,.F.);
#6114=ORIENTED_EDGE('',*,*,#7327,.T.);
#6115=ORIENTED_EDGE('',*,*,#7116,.T.);
#6116=ORIENTED_EDGE('',*,*,#6833,.T.);
#6117=ORIENTED_EDGE('',*,*,#6827,.T.);
#6118=ORIENTED_EDGE('',*,*,#7328,.T.);
#6119=ORIENTED_EDGE('',*,*,#7112,.F.);
#6120=ORIENTED_EDGE('',*,*,#7327,.F.);
#6121=ORIENTED_EDGE('',*,*,#6826,.T.);
#6122=ORIENTED_EDGE('',*,*,#7329,.T.);
#6123=ORIENTED_EDGE('',*,*,#7109,.F.);
#6124=ORIENTED_EDGE('',*,*,#7328,.F.);
#6125=ORIENTED_EDGE('',*,*,#6825,.T.);
#6126=ORIENTED_EDGE('',*,*,#7330,.T.);
#6127=ORIENTED_EDGE('',*,*,#7105,.F.);
#6128=ORIENTED_EDGE('',*,*,#7329,.F.);
#6129=ORIENTED_EDGE('',*,*,#6819,.T.);
#6130=ORIENTED_EDGE('',*,*,#7331,.T.);
#6131=ORIENTED_EDGE('',*,*,#7106,.F.);
#6132=ORIENTED_EDGE('',*,*,#7330,.F.);
#6133=ORIENTED_EDGE('',*,*,#6822,.F.);
#6134=ORIENTED_EDGE('',*,*,#7332,.T.);
#6135=ORIENTED_EDGE('',*,*,#7096,.T.);
#6136=ORIENTED_EDGE('',*,*,#7331,.F.);
#6137=ORIENTED_EDGE('',*,*,#6990,.T.);
#6138=ORIENTED_EDGE('',*,*,#7333,.T.);
#6139=ORIENTED_EDGE('',*,*,#7097,.F.);
#6140=ORIENTED_EDGE('',*,*,#7332,.F.);
#6141=ORIENTED_EDGE('',*,*,#6987,.T.);
#6142=ORIENTED_EDGE('',*,*,#7334,.T.);
#6143=ORIENTED_EDGE('',*,*,#7098,.F.);
#6144=ORIENTED_EDGE('',*,*,#7333,.F.);
#6145=ORIENTED_EDGE('',*,*,#6989,.F.);
#6146=ORIENTED_EDGE('',*,*,#7335,.T.);
#6147=ORIENTED_EDGE('',*,*,#7246,.T.);
#6148=ORIENTED_EDGE('',*,*,#7334,.F.);
#6149=ORIENTED_EDGE('',*,*,#6982,.F.);
#6150=ORIENTED_EDGE('',*,*,#7336,.T.);
#6151=ORIENTED_EDGE('',*,*,#7247,.T.);
#6152=ORIENTED_EDGE('',*,*,#7335,.F.);
#6153=ORIENTED_EDGE('',*,*,#6986,.F.);
#6154=ORIENTED_EDGE('',*,*,#7337,.T.);
#6155=ORIENTED_EDGE('',*,*,#7243,.T.);
#6156=ORIENTED_EDGE('',*,*,#7336,.F.);
#6157=ORIENTED_EDGE('',*,*,#6985,.F.);
#6158=ORIENTED_EDGE('',*,*,#7338,.T.);
#6159=ORIENTED_EDGE('',*,*,#7240,.T.);
#6160=ORIENTED_EDGE('',*,*,#7337,.F.);
#6161=ORIENTED_EDGE('',*,*,#6984,.T.);
#6162=ORIENTED_EDGE('',*,*,#6957,.T.);
#6163=ORIENTED_EDGE('',*,*,#7226,.F.);
#6164=ORIENTED_EDGE('',*,*,#7338,.F.);
#6165=ORIENTED_EDGE('',*,*,#6414,.F.);
#6166=ORIENTED_EDGE('',*,*,#6761,.T.);
#6167=ORIENTED_EDGE('',*,*,#6349,.F.);
#6168=ORIENTED_EDGE('',*,*,#6763,.T.);
#6169=ORIENTED_EDGE('',*,*,#6800,.F.);
#6170=ORIENTED_EDGE('',*,*,#6762,.T.);
#6171=ORIENTED_EDGE('',*,*,#6799,.F.);
#6172=ORIENTED_EDGE('',*,*,#6764,.T.);
#6173=ORIENTED_EDGE('',*,*,#6345,.F.);
#6174=ORIENTED_EDGE('',*,*,#6284,.T.);
#6175=ORIENTED_EDGE('',*,*,#6415,.T.);
#6176=ORIENTED_EDGE('',*,*,#7339,.T.);
#6177=ORIENTED_EDGE('',*,*,#6346,.F.);
#6178=ORIENTED_EDGE('',*,*,#7339,.F.);
#6179=ORIENTED_EDGE('',*,*,#6424,.T.);
#6180=ORIENTED_EDGE('',*,*,#7340,.T.);
#6181=ORIENTED_EDGE('',*,*,#6347,.F.);
#6182=ORIENTED_EDGE('',*,*,#7340,.F.);
#6183=ORIENTED_EDGE('',*,*,#6422,.T.);
#6184=ORIENTED_EDGE('',*,*,#6279,.T.);
#6185=ORIENTED_EDGE('',*,*,#6341,.F.);
#6186=ORIENTED_EDGE('',*,*,#6269,.T.);
#6187=ORIENTED_EDGE('',*,*,#6421,.T.);
#6188=ORIENTED_EDGE('',*,*,#7341,.T.);
#6189=ORIENTED_EDGE('',*,*,#6342,.F.);
#6190=ORIENTED_EDGE('',*,*,#7341,.F.);
#6191=ORIENTED_EDGE('',*,*,#6419,.T.);
#6192=ORIENTED_EDGE('',*,*,#7342,.T.);
#6193=ORIENTED_EDGE('',*,*,#6343,.F.);
#6194=ORIENTED_EDGE('',*,*,#7342,.F.);
#6195=ORIENTED_EDGE('',*,*,#6417,.T.);
#6196=ORIENTED_EDGE('',*,*,#6274,.T.);
#6197=ORIENTED_EDGE('',*,*,#6798,.F.);
#6198=ORIENTED_EDGE('',*,*,#6993,.T.);
#6199=ORIENTED_EDGE('',*,*,#6597,.T.);
#6200=ORIENTED_EDGE('',*,*,#6593,.T.);
#6201=ORIENTED_EDGE('',*,*,#6796,.T.);
#6202=ORIENTED_EDGE('',*,*,#6611,.T.);
#6203=ORIENTED_EDGE('',*,*,#6605,.F.);
#6204=ORIENTED_EDGE('',*,*,#6991,.T.);
#6205=ORIENTED_EDGE('',*,*,#6795,.F.);
#6206=ORIENTED_EDGE('',*,*,#7022,.T.);
#6207=ORIENTED_EDGE('',*,*,#6699,.T.);
#6208=ORIENTED_EDGE('',*,*,#6696,.T.);
#6209=ORIENTED_EDGE('',*,*,#6793,.T.);
#6210=ORIENTED_EDGE('',*,*,#6713,.T.);
#6211=ORIENTED_EDGE('',*,*,#6707,.F.);
#6212=ORIENTED_EDGE('',*,*,#7020,.T.);
#6213=ORIENTED_EDGE('',*,*,#6855,.F.);
#6214=ORIENTED_EDGE('',*,*,#6837,.T.);
#6215=ORIENTED_EDGE('',*,*,#7115,.T.);
#6216=ORIENTED_EDGE('',*,*,#7343,.T.);
#6217=ORIENTED_EDGE('',*,*,#6856,.T.);
#6218=ORIENTED_EDGE('',*,*,#7343,.F.);
#6219=ORIENTED_EDGE('',*,*,#7129,.F.);
#6220=ORIENTED_EDGE('',*,*,#7344,.T.);
#6221=ORIENTED_EDGE('',*,*,#6857,.T.);
#6222=ORIENTED_EDGE('',*,*,#7344,.F.);
#6223=ORIENTED_EDGE('',*,*,#7132,.F.);
#6224=ORIENTED_EDGE('',*,*,#7345,.T.);
#6225=ORIENTED_EDGE('',*,*,#6859,.T.);
#6226=ORIENTED_EDGE('',*,*,#7345,.F.);
#6227=ORIENTED_EDGE('',*,*,#7136,.F.);
#6228=ORIENTED_EDGE('',*,*,#7346,.T.);
#6229=ORIENTED_EDGE('',*,*,#6860,.T.);
#6230=ORIENTED_EDGE('',*,*,#7346,.F.);
#6231=ORIENTED_EDGE('',*,*,#7137,.F.);
#6232=ORIENTED_EDGE('',*,*,#7347,.T.);
#6233=ORIENTED_EDGE('',*,*,#6861,.T.);
#6234=ORIENTED_EDGE('',*,*,#7347,.F.);
#6235=ORIENTED_EDGE('',*,*,#7140,.F.);
#6236=ORIENTED_EDGE('',*,*,#7348,.T.);
#6237=ORIENTED_EDGE('',*,*,#6862,.F.);
#6238=ORIENTED_EDGE('',*,*,#7348,.F.);
#6239=ORIENTED_EDGE('',*,*,#7143,.T.);
#6240=ORIENTED_EDGE('',*,*,#7349,.T.);
#6241=ORIENTED_EDGE('',*,*,#6863,.F.);
#6242=ORIENTED_EDGE('',*,*,#7349,.F.);
#6243=ORIENTED_EDGE('',*,*,#7146,.T.);
#6244=ORIENTED_EDGE('',*,*,#7350,.T.);
#6245=ORIENTED_EDGE('',*,*,#6865,.F.);
#6246=ORIENTED_EDGE('',*,*,#7350,.F.);
#6247=ORIENTED_EDGE('',*,*,#7150,.T.);
#6248=ORIENTED_EDGE('',*,*,#7351,.T.);
#6249=ORIENTED_EDGE('',*,*,#6866,.F.);
#6250=ORIENTED_EDGE('',*,*,#7351,.F.);
#6251=ORIENTED_EDGE('',*,*,#7151,.T.);
#6252=ORIENTED_EDGE('',*,*,#7352,.T.);
#6253=ORIENTED_EDGE('',*,*,#6867,.T.);
#6254=ORIENTED_EDGE('',*,*,#7352,.F.);
#6255=ORIENTED_EDGE('',*,*,#7154,.F.);
#6256=ORIENTED_EDGE('',*,*,#6871,.T.);
#6257=EDGE_CURVE('',#7353,#7354,#7355,.T.);
#6258=EDGE_CURVE('',#7356,#7354,#7357,.T.);
#6259=EDGE_CURVE('',#7358,#7356,#7359,.T.);
#6260=EDGE_CURVE('',#7360,#7358,#7361,.T.);
#6261=EDGE_CURVE('',#7360,#7362,#7363,.T.);
#6262=EDGE_CURVE('',#7364,#7362,#7365,.T.);
#6263=EDGE_CURVE('',#7366,#7364,#7367,.T.);
#6264=EDGE_CURVE('',#7368,#7366,#7369,.T.);
#6265=EDGE_CURVE('',#7370,#7368,#7371,.T.);
#6266=EDGE_CURVE('',#7372,#7370,#7373,.T.);
#6267=EDGE_CURVE('',#7374,#7372,#7375,.T.);
#6268=EDGE_CURVE('',#7374,#7353,#7376,.T.);
#6269=EDGE_CURVE('',#7377,#7378,#7379,.F.);
#6270=EDGE_CURVE('',#7377,#7380,#7381,.F.);
#6271=EDGE_CURVE('',#7382,#7380,#7383,.F.);
#6272=EDGE_CURVE('',#7362,#7382,#7384,.F.);
#6273=EDGE_CURVE('',#7360,#7378,#7385,.F.);
#6274=EDGE_CURVE('',#7386,#7387,#7388,.F.);
#6275=EDGE_CURVE('',#7386,#7354,#7389,.F.);
#6276=EDGE_CURVE('',#7353,#7390,#7391,.F.);
#6277=EDGE_CURVE('',#7390,#7392,#7393,.F.);
#6278=EDGE_CURVE('',#7392,#7387,#7394,.F.);
#6279=EDGE_CURVE('',#7395,#7396,#7397,.F.);
#6280=EDGE_CURVE('',#7395,#7366,#7398,.T.);
#6281=EDGE_CURVE('',#7364,#7399,#7400,.F.);
#6282=EDGE_CURVE('',#7399,#7401,#7402,.F.);
#6283=EDGE_CURVE('',#7396,#7401,#7403,.F.);
#6284=EDGE_CURVE('',#7404,#7405,#7406,.F.);
#6285=EDGE_CURVE('',#7407,#7404,#7408,.F.);
#6286=EDGE_CURVE('',#7409,#7407,#7410,.F.);
#6287=EDGE_CURVE('',#7374,#7409,#7411,.F.);
#6288=EDGE_CURVE('',#7372,#7405,#7412,.T.);
#6289=EDGE_CURVE('',#7413,#7414,#7415,.T.);
#6290=EDGE_CURVE('',#7414,#7416,#7417,.T.);
#6291=EDGE_CURVE('',#7416,#7418,#7419,.T.);
#6292=EDGE_CURVE('',#7418,#7420,#7421,.F.);
#6293=EDGE_CURVE('',#7420,#7422,#7423,.F.);
#6294=EDGE_CURVE('',#7422,#7424,#7425,.F.);
#6295=EDGE_CURVE('',#7424,#7426,#7427,.F.);
#6296=EDGE_CURVE('',#7426,#7428,#7429,.F.);
#6297=EDGE_CURVE('',#7428,#7430,#7431,.F.);
#6298=EDGE_CURVE('',#7430,#7432,#7433,.F.);
#6299=EDGE_CURVE('',#7432,#7434,#7435,.T.);
#6300=EDGE_CURVE('',#7434,#7436,#7437,.T.);
#6301=EDGE_CURVE('',#7438,#7436,#7439,.T.);
#6302=EDGE_CURVE('',#7440,#7438,#7441,.T.);
#6303=EDGE_CURVE('',#7442,#7440,#7443,.T.);
#6304=EDGE_CURVE('',#7444,#7442,#7445,.F.);
#6305=EDGE_CURVE('',#7446,#7444,#7447,.F.);
#6306=EDGE_CURVE('',#7448,#7446,#7449,.F.);
#6307=EDGE_CURVE('',#7450,#7448,#7451,.F.);
#6308=EDGE_CURVE('',#7452,#7450,#7453,.F.);
#6309=EDGE_CURVE('',#7454,#7452,#7455,.F.);
#6310=EDGE_CURVE('',#7456,#7454,#7457,.F.);
#6311=EDGE_CURVE('',#7458,#7456,#7459,.T.);
#6312=EDGE_CURVE('',#7460,#7458,#7461,.T.);
#6313=EDGE_CURVE('',#7462,#7460,#7463,.T.);
#6314=EDGE_CURVE('',#7462,#7464,#7465,.T.);
#6315=EDGE_CURVE('',#7464,#7466,#7467,.T.);
#6316=EDGE_CURVE('',#7466,#7468,#7469,.T.);
#6317=EDGE_CURVE('',#7468,#7470,#7471,.T.);
#6318=EDGE_CURVE('',#7470,#7472,#7473,.F.);
#6319=EDGE_CURVE('',#7472,#7474,#7475,.F.);
#6320=EDGE_CURVE('',#7474,#7476,#7477,.F.);
#6321=EDGE_CURVE('',#7476,#7478,#7479,.F.);
#6322=EDGE_CURVE('',#7478,#7480,#7481,.F.);
#6323=EDGE_CURVE('',#7480,#7482,#7483,.F.);
#6324=EDGE_CURVE('',#7482,#7484,#7485,.F.);
#6325=EDGE_CURVE('',#7484,#7486,#7487,.T.);
#6326=EDGE_CURVE('',#7486,#7488,#7489,.T.);
#6327=EDGE_CURVE('',#7488,#7490,#7491,.T.);
#6328=EDGE_CURVE('',#7492,#7490,#7493,.T.);
#6329=EDGE_CURVE('',#7494,#7492,#7495,.T.);
#6330=EDGE_CURVE('',#7496,#7494,#7497,.F.);
#6331=EDGE_CURVE('',#7498,#7496,#7499,.F.);
#6332=EDGE_CURVE('',#7500,#7498,#7501,.F.);
#6333=EDGE_CURVE('',#7502,#7500,#7503,.F.);
#6334=EDGE_CURVE('',#7504,#7502,#7505,.F.);
#6335=EDGE_CURVE('',#7506,#7504,#7507,.F.);
#6336=EDGE_CURVE('',#7508,#7506,#7509,.F.);
#6337=EDGE_CURVE('',#7510,#7508,#7511,.T.);
#6338=EDGE_CURVE('',#7512,#7510,#7513,.T.);
#6339=EDGE_CURVE('',#7514,#7512,#7515,.T.);
#6340=EDGE_CURVE('',#7413,#7514,#7516,.T.);
#6341=EDGE_CURVE('',#7377,#7517,#7518,.F.);
#6342=EDGE_CURVE('',#7517,#7519,#7520,.F.);
#6343=EDGE_CURVE('',#7519,#7387,#7521,.F.);
#6344=EDGE_CURVE('',#7407,#7392,#7522,.F.);
#6345=EDGE_CURVE('',#7404,#7523,#7524,.F.);
#6346=EDGE_CURVE('',#7523,#7525,#7526,.F.);
#6347=EDGE_CURVE('',#7525,#7396,#7527,.F.);
#6348=EDGE_CURVE('',#7380,#7401,#7528,.F.);
#6349=EDGE_CURVE('',#7529,#7529,#7530,.F.);
#6350=EDGE_CURVE('',#7531,#7532,#7533,.F.);
#6351=EDGE_CURVE('',#7531,#7534,#7535,.F.);
#6352=EDGE_CURVE('',#7536,#7534,#7537,.F.);
#6353=EDGE_CURVE('',#7538,#7536,#7539,.F.);
#6354=EDGE_CURVE('',#7538,#7540,#7541,.F.);
#6355=EDGE_CURVE('',#7542,#7540,#7543,.T.);
#6356=EDGE_CURVE('',#7542,#7544,#7545,.F.);
#6357=EDGE_CURVE('',#7546,#7544,#7547,.T.);
#6358=EDGE_CURVE('',#7546,#7548,#7549,.F.);
#6359=EDGE_CURVE('',#7548,#7550,#7551,.T.);
#6360=EDGE_CURVE('',#7552,#7550,#7553,.F.);
#6361=EDGE_CURVE('',#7552,#7554,#7555,.T.);
#6362=EDGE_CURVE('',#7556,#7554,#7557,.F.);
#6363=EDGE_CURVE('',#7556,#7532,#7558,.T.);
#6364=EDGE_CURVE('',#7559,#7560,#7561,.F.);
#6365=EDGE_CURVE('',#7559,#7562,#7563,.F.);
#6366=EDGE_CURVE('',#7564,#7562,#7565,.F.);
#6367=EDGE_CURVE('',#7564,#7566,#7567,.T.);
#6368=EDGE_CURVE('',#7568,#7566,#7569,.F.);
#6369=EDGE_CURVE('',#7568,#7570,#7571,.T.);
#6370=EDGE_CURVE('',#7570,#7572,#7573,.F.);
#6371=EDGE_CURVE('',#7574,#7572,#7575,.F.);
#6372=EDGE_CURVE('',#7574,#7560,#7576,.T.);
#6373=EDGE_CURVE('',#7577,#7578,#7579,.T.);
#6374=EDGE_CURVE('',#7577,#7580,#7581,.F.);
#6375=EDGE_CURVE('',#7582,#7580,#7583,.F.);
#6376=EDGE_CURVE('',#7584,#7582,#7585,.T.);
#6377=EDGE_CURVE('',#7584,#7586,#7587,.F.);
#6378=EDGE_CURVE('',#7588,#7586,#7589,.T.);
#6379=EDGE_CURVE('',#7588,#7590,#7591,.F.);
#6380=EDGE_CURVE('',#7592,#7590,#7593,.F.);
#6381=EDGE_CURVE('',#7592,#7578,#7594,.F.);
#6382=EDGE_CURVE('',#7595,#7596,#7597,.T.);
#6383=EDGE_CURVE('',#7595,#7598,#7599,.F.);
#6384=EDGE_CURVE('',#7600,#7598,#7601,.T.);
#6385=EDGE_CURVE('',#7600,#7602,#7603,.F.);
#6386=EDGE_CURVE('',#7604,#7602,#7605,.T.);
#6387=EDGE_CURVE('',#7606,#7604,#7607,.F.);
#6388=EDGE_CURVE('',#7606,#7608,#7609,.T.);
#6389=EDGE_CURVE('',#7610,#7608,#7611,.F.);
#6390=EDGE_CURVE('',#7610,#7612,#7613,.T.);
#6391=EDGE_CURVE('',#7614,#7612,#7615,.F.);
#6392=EDGE_CURVE('',#7614,#7616,#7617,.F.);
#6393=EDGE_CURVE('',#7616,#7618,#7619,.F.);
#6394=EDGE_CURVE('',#7620,#7618,#7621,.F.);
#6395=EDGE_CURVE('',#7620,#7596,#7622,.F.);
#6396=EDGE_CURVE('',#7623,#7624,#7625,.T.);
#6397=EDGE_CURVE('',#7623,#7626,#7627,.F.);
#6398=EDGE_CURVE('',#7628,#7626,#7629,.F.);
#6399=EDGE_CURVE('',#7630,#7628,#7631,.T.);
#6400=EDGE_CURVE('',#7630,#7632,#7633,.F.);
#6401=EDGE_CURVE('',#7634,#7632,#7635,.T.);
#6402=EDGE_CURVE('',#7634,#7636,#7637,.F.);
#6403=EDGE_CURVE('',#7638,#7636,#7639,.F.);
#6404=EDGE_CURVE('',#7638,#7624,#7640,.F.);
#6405=EDGE_CURVE('',#7641,#7642,#7643,.F.);
#6406=EDGE_CURVE('',#7641,#7644,#7645,.F.);
#6407=EDGE_CURVE('',#7646,#7644,#7647,.F.);
#6408=EDGE_CURVE('',#7646,#7648,#7649,.T.);
#6409=EDGE_CURVE('',#7650,#7648,#7651,.F.);
#6410=EDGE_CURVE('',#7650,#7652,#7653,.T.);
#6411=EDGE_CURVE('',#7652,#7654,#7655,.F.);
#6412=EDGE_CURVE('',#7656,#7654,#7657,.F.);
#6413=EDGE_CURVE('',#7656,#7642,#7658,.T.);
#6414=EDGE_CURVE('',#7659,#7659,#7660,.F.);
#6415=EDGE_CURVE('',#7405,#7661,#7662,.F.);
#6416=EDGE_CURVE('',#7370,#7661,#7663,.T.);
#6417=EDGE_CURVE('',#7664,#7386,#7665,.F.);
#6418=EDGE_CURVE('',#7356,#7664,#7666,.T.);
#6419=EDGE_CURVE('',#7667,#7664,#7668,.F.);
#6420=EDGE_CURVE('',#7358,#7667,#7669,.T.);
#6421=EDGE_CURVE('',#7378,#7667,#7670,.F.);
#6422=EDGE_CURVE('',#7671,#7395,#7672,.F.);
#6423=EDGE_CURVE('',#7368,#7671,#7673,.T.);
#6424=EDGE_CURVE('',#7661,#7671,#7674,.F.);
#6425=EDGE_CURVE('',#7675,#7362,#7676,.F.);
#6426=EDGE_CURVE('',#7677,#7675,#7678,.T.);
#6427=EDGE_CURVE('',#7677,#7364,#7679,.F.);
#6428=EDGE_CURVE('',#7680,#7353,#7681,.F.);
#6429=EDGE_CURVE('',#7682,#7374,#7683,.F.);
#6430=EDGE_CURVE('',#7682,#7680,#7684,.T.);
#6431=EDGE_CURVE('',#7382,#7685,#7686,.T.);
#6432=EDGE_CURVE('',#7399,#7687,#7688,.T.);
#6433=EDGE_CURVE('',#7689,#7687,#7690,.F.);
#6434=EDGE_CURVE('',#7689,#7691,#7692,.F.);
#6435=EDGE_CURVE('',#7693,#7691,#7694,.T.);
#6436=EDGE_CURVE('',#7695,#7693,#7696,.F.);
#6437=EDGE_CURVE('',#7695,#7697,#7698,.T.);
#6438=EDGE_CURVE('',#7699,#7697,#7700,.F.);
#6439=EDGE_CURVE('',#7699,#7685,#7701,.F.);
#6440=EDGE_CURVE('',#7675,#7702,#7703,.T.);
#6441=EDGE_CURVE('',#7685,#7702,#7704,.T.);
#6442=EDGE_CURVE('',#7705,#7706,#7707,.T.);
#6443=EDGE_CURVE('',#7390,#7705,#7708,.T.);
#6444=EDGE_CURVE('',#7680,#7706,#7709,.T.);
#6445=EDGE_CURVE('',#7710,#7705,#7711,.F.);
#6446=EDGE_CURVE('',#7710,#7712,#7713,.F.);
#6447=EDGE_CURVE('',#7714,#7712,#7715,.T.);
#6448=EDGE_CURVE('',#7716,#7714,#7717,.F.);
#6449=EDGE_CURVE('',#7716,#7718,#7719,.T.);
#6450=EDGE_CURVE('',#7720,#7718,#7721,.F.);
#6451=EDGE_CURVE('',#7720,#7722,#7723,.F.);
#6452=EDGE_CURVE('',#7409,#7722,#7724,.T.);
#6453=EDGE_CURVE('',#7687,#7725,#7726,.T.);
#6454=EDGE_CURVE('',#7677,#7725,#7727,.T.);
#6455=EDGE_CURVE('',#7682,#7728,#7729,.T.);
#6456=EDGE_CURVE('',#7722,#7728,#7730,.T.);
#6457=EDGE_CURVE('',#7731,#7732,#7733,.T.);
#6458=EDGE_CURVE('',#7732,#7414,#7734,.T.);
#6459=EDGE_CURVE('',#7731,#7413,#7735,.T.);
#6460=EDGE_CURVE('',#7732,#7736,#7737,.T.);
#6461=EDGE_CURVE('',#7736,#7416,#7738,.T.);
#6462=EDGE_CURVE('',#7736,#7739,#7740,.T.);
#6463=EDGE_CURVE('',#7739,#7418,#7741,.T.);
#6464=EDGE_CURVE('',#7418,#7742,#7743,.F.);
#6465=EDGE_CURVE('',#7742,#7744,#7745,.F.);
#6466=EDGE_CURVE('',#7744,#7420,#7746,.F.);
#6467=EDGE_CURVE('',#7747,#7748,#7749,.T.);
#6468=EDGE_CURVE('',#7748,#7750,#7751,.T.);
#6469=EDGE_CURVE('',#7430,#7750,#7752,.F.);
#6470=EDGE_CURVE('',#7753,#7428,#7754,.F.);
#6471=EDGE_CURVE('',#7753,#7755,#7756,.F.);
#6472=EDGE_CURVE('',#7757,#7755,#7758,.T.);
#6473=EDGE_CURVE('',#7757,#7759,#7760,.T.);
#6474=EDGE_CURVE('',#7422,#7759,#7761,.F.);
#6475=EDGE_CURVE('',#7744,#7747,#7762,.F.);
#6476=EDGE_CURVE('',#7424,#7763,#7764,.F.);
#6477=EDGE_CURVE('',#7759,#7765,#7766,.F.);
#6478=EDGE_CURVE('',#7765,#7763,#7767,.F.);
#6479=EDGE_CURVE('',#7763,#7768,#7769,.F.);
#6480=EDGE_CURVE('',#7768,#7426,#7770,.T.);
#6481=EDGE_CURVE('',#7768,#7771,#7772,.F.);
#6482=EDGE_CURVE('',#7771,#7753,#7773,.F.);
#6483=EDGE_CURVE('',#7774,#7432,#7775,.F.);
#6484=EDGE_CURVE('',#7750,#7774,#7776,.F.);
#6485=EDGE_CURVE('',#7777,#7778,#7779,.T.);
#6486=EDGE_CURVE('',#7778,#7434,#7780,.T.);
#6487=EDGE_CURVE('',#7777,#7432,#7781,.T.);
#6488=EDGE_CURVE('',#7778,#7782,#7783,.T.);
#6489=EDGE_CURVE('',#7782,#7436,#7784,.T.);
#6490=EDGE_CURVE('',#7785,#7782,#7786,.T.);
#6491=EDGE_CURVE('',#7785,#7438,#7787,.T.);
#6492=EDGE_CURVE('',#7788,#7440,#7789,.T.);
#6493=EDGE_CURVE('',#7788,#7785,#7790,.T.);
#6494=EDGE_CURVE('',#7791,#7442,#7792,.T.);
#6495=EDGE_CURVE('',#7791,#7788,#7793,.T.);
#6496=EDGE_CURVE('',#7794,#7795,#7796,.F.);
#6497=EDGE_CURVE('',#7444,#7794,#7797,.F.);
#6498=EDGE_CURVE('',#7795,#7442,#7798,.F.);
#6499=EDGE_CURVE('',#7799,#7800,#7801,.F.);
#6500=EDGE_CURVE('',#7799,#7454,#7802,.F.);
#6501=EDGE_CURVE('',#7452,#7803,#7804,.F.);
#6502=EDGE_CURVE('',#7805,#7803,#7806,.T.);
#6503=EDGE_CURVE('',#7805,#7807,#7808,.T.);
#6504=EDGE_CURVE('',#7809,#7807,#7810,.F.);
#6505=EDGE_CURVE('',#7809,#7446,#7811,.F.);
#6506=EDGE_CURVE('',#7812,#7794,#7813,.T.);
#6507=EDGE_CURVE('',#7800,#7812,#7814,.T.);
#6508=EDGE_CURVE('',#7815,#7809,#7816,.F.);
#6509=EDGE_CURVE('',#7817,#7815,#7818,.F.);
#6510=EDGE_CURVE('',#7817,#7448,#7819,.T.);
#6511=EDGE_CURVE('',#7820,#7817,#7821,.F.);
#6512=EDGE_CURVE('',#7450,#7820,#7822,.F.);
#6513=EDGE_CURVE('',#7823,#7820,#7824,.F.);
#6514=EDGE_CURVE('',#7803,#7823,#7825,.F.);
#6515=EDGE_CURVE('',#7826,#7799,#7827,.F.);
#6516=EDGE_CURVE('',#7456,#7826,#7828,.F.);
#6517=EDGE_CURVE('',#7829,#7458,#7830,.T.);
#6518=EDGE_CURVE('',#7831,#7456,#7832,.T.);
#6519=EDGE_CURVE('',#7829,#7831,#7833,.T.);
#6520=EDGE_CURVE('',#7834,#7460,#7835,.T.);
#6521=EDGE_CURVE('',#7834,#7829,#7836,.T.);
#6522=EDGE_CURVE('',#7837,#7462,#7838,.T.);
#6523=EDGE_CURVE('',#7837,#7834,#7839,.T.);
#6524=EDGE_CURVE('',#7837,#7840,#7841,.T.);
#6525=EDGE_CURVE('',#7840,#7464,#7842,.T.);
#6526=EDGE_CURVE('',#7840,#7843,#7844,.T.);
#6527=EDGE_CURVE('',#7843,#7466,#7845,.T.);
#6528=EDGE_CURVE('',#7843,#7846,#7847,.T.);
#6529=EDGE_CURVE('',#7846,#7468,#7848,.T.);
#6530=EDGE_CURVE('',#7846,#7849,#7850,.T.);
#6531=EDGE_CURVE('',#7849,#7470,#7851,.T.);
#6532=EDGE_CURVE('',#7470,#7852,#7853,.F.);
#6533=EDGE_CURVE('',#7852,#7854,#7855,.F.);
#6534=EDGE_CURVE('',#7854,#7472,#7856,.F.);
#6535=EDGE_CURVE('',#7857,#7858,#7859,.T.);
#6536=EDGE_CURVE('',#7858,#7860,#7861,.T.);
#6537=EDGE_CURVE('',#7482,#7860,#7862,.F.);
#6538=EDGE_CURVE('',#7863,#7480,#7864,.F.);
#6539=EDGE_CURVE('',#7863,#7865,#7866,.F.);
#6540=EDGE_CURVE('',#7867,#7865,#7868,.T.);
#6541=EDGE_CURVE('',#7867,#7869,#7870,.T.);
#6542=EDGE_CURVE('',#7474,#7869,#7871,.F.);
#6543=EDGE_CURVE('',#7854,#7857,#7872,.F.);
#6544=EDGE_CURVE('',#7476,#7873,#7874,.F.);
#6545=EDGE_CURVE('',#7869,#7875,#7876,.F.);
#6546=EDGE_CURVE('',#7875,#7873,#7877,.F.);
#6547=EDGE_CURVE('',#7873,#7878,#7879,.F.);
#6548=EDGE_CURVE('',#7878,#7478,#7880,.T.);
#6549=EDGE_CURVE('',#7878,#7881,#7882,.F.);
#6550=EDGE_CURVE('',#7881,#7863,#7883,.F.);
#6551=EDGE_CURVE('',#7884,#7484,#7885,.F.);
#6552=EDGE_CURVE('',#7860,#7884,#7886,.F.);
#6553=EDGE_CURVE('',#7887,#7888,#7889,.T.);
#6554=EDGE_CURVE('',#7888,#7486,#7890,.T.);
#6555=EDGE_CURVE('',#7887,#7484,#7891,.T.);
#6556=EDGE_CURVE('',#7888,#7892,#7893,.T.);
#6557=EDGE_CURVE('',#7892,#7488,#7894,.T.);
#6558=EDGE_CURVE('',#7895,#7490,#7896,.T.);
#6559=EDGE_CURVE('',#7892,#7895,#7897,.T.);
#6560=EDGE_CURVE('',#7898,#7492,#7899,.T.);
#6561=EDGE_CURVE('',#7898,#7895,#7900,.T.);
#6562=EDGE_CURVE('',#7901,#7494,#7902,.T.);
#6563=EDGE_CURVE('',#7901,#7898,#7903,.T.);
#6564=EDGE_CURVE('',#7904,#7905,#7906,.F.);
#6565=EDGE_CURVE('',#7496,#7904,#7907,.F.);
#6566=EDGE_CURVE('',#7905,#7494,#7908,.F.);
#6567=EDGE_CURVE('',#7909,#7910,#7911,.F.);
#6568=EDGE_CURVE('',#7909,#7506,#7912,.F.);
#6569=EDGE_CURVE('',#7504,#7913,#7914,.F.);
#6570=EDGE_CURVE('',#7915,#7913,#7916,.T.);
#6571=EDGE_CURVE('',#7915,#7917,#7918,.T.);
#6572=EDGE_CURVE('',#7919,#7917,#7920,.F.);
#6573=EDGE_CURVE('',#7919,#7498,#7921,.F.);
#6574=EDGE_CURVE('',#7922,#7904,#7923,.T.);
#6575=EDGE_CURVE('',#7910,#7922,#7924,.T.);
#6576=EDGE_CURVE('',#7925,#7919,#7926,.F.);
#6577=EDGE_CURVE('',#7927,#7925,#7928,.F.);
#6578=EDGE_CURVE('',#7927,#7500,#7929,.T.);
#6579=EDGE_CURVE('',#7930,#7927,#7931,.F.);
#6580=EDGE_CURVE('',#7502,#7930,#7932,.F.);
#6581=EDGE_CURVE('',#7933,#7930,#7934,.F.);
#6582=EDGE_CURVE('',#7913,#7933,#7935,.F.);
#6583=EDGE_CURVE('',#7936,#7909,#7937,.F.);
#6584=EDGE_CURVE('',#7508,#7936,#7938,.F.);
#6585=EDGE_CURVE('',#7939,#7510,#7940,.T.);
#6586=EDGE_CURVE('',#7941,#7508,#7942,.T.);
#6587=EDGE_CURVE('',#7939,#7941,#7943,.T.);
#6588=EDGE_CURVE('',#7944,#7512,#7945,.T.);
#6589=EDGE_CURVE('',#7944,#7939,#7946,.T.);
#6590=EDGE_CURVE('',#7947,#7514,#7948,.T.);
#6591=EDGE_CURVE('',#7947,#7944,#7949,.T.);
#6592=EDGE_CURVE('',#7731,#7947,#7950,.T.);
#6593=EDGE_CURVE('',#7951,#7952,#7953,.F.);
#6594=EDGE_CURVE('',#7951,#7531,#7954,.F.);
#6595=EDGE_CURVE('',#7955,#7532,#7956,.F.);
#6596=EDGE_CURVE('',#7955,#7952,#7957,.F.);
#6597=EDGE_CURVE('',#7958,#7951,#7959,.T.);
#6598=EDGE_CURVE('',#7960,#7958,#7961,.F.);
#6599=EDGE_CURVE('',#7962,#7960,#7963,.T.);
#6600=EDGE_CURVE('',#7964,#7962,#7965,.F.);
#6601=EDGE_CURVE('',#7966,#7964,#7967,.T.);
#6602=EDGE_CURVE('',#7534,#7966,#7968,.F.);
#6603=EDGE_CURVE('',#7966,#7969,#7970,.F.);
#6604=EDGE_CURVE('',#7536,#7969,#7971,.F.);
#6605=EDGE_CURVE('',#7972,#7973,#7974,.T.);
#6606=EDGE_CURVE('',#7973,#7538,#7975,.F.);
#6607=EDGE_CURVE('',#7969,#7976,#7977,.T.);
#6608=EDGE_CURVE('',#7976,#7978,#7979,.F.);
#6609=EDGE_CURVE('',#7978,#7980,#7981,.T.);
#6610=EDGE_CURVE('',#7980,#7972,#7982,.F.);
#6611=EDGE_CURVE('',#7983,#7973,#7984,.F.);
#6612=EDGE_CURVE('',#7985,#7983,#7986,.F.);
#6613=EDGE_CURVE('',#7985,#7540,#7987,.F.);
#6614=EDGE_CURVE('',#7988,#7985,#7989,.T.);
#6615=EDGE_CURVE('',#7988,#7542,#7990,.T.);
#6616=EDGE_CURVE('',#7991,#7988,#7992,.F.);
#6617=EDGE_CURVE('',#7991,#7544,#7993,.T.);
#6618=EDGE_CURVE('',#7994,#7991,#7995,.T.);
#6619=EDGE_CURVE('',#7994,#7546,#7996,.T.);
#6620=EDGE_CURVE('',#7997,#7994,#7998,.F.);
#6621=EDGE_CURVE('',#7997,#7548,#7999,.T.);
#6622=EDGE_CURVE('',#8000,#7550,#8001,.T.);
#6623=EDGE_CURVE('',#7997,#8000,#8002,.F.);
#6624=EDGE_CURVE('',#8003,#7552,#8004,.T.);
#6625=EDGE_CURVE('',#8000,#8003,#8005,.F.);
#6626=EDGE_CURVE('',#8006,#7554,#8007,.T.);
#6627=EDGE_CURVE('',#8003,#8006,#8008,.T.);
#6628=EDGE_CURVE('',#8006,#8009,#8010,.F.);
#6629=EDGE_CURVE('',#8009,#7556,#8011,.T.);
#6630=EDGE_CURVE('',#8009,#7955,#8012,.T.);
#6631=EDGE_CURVE('',#8013,#7559,#8014,.F.);
#6632=EDGE_CURVE('',#8015,#7560,#8016,.F.);
#6633=EDGE_CURVE('',#8015,#8013,#8017,.F.);
#6634=EDGE_CURVE('',#8018,#8013,#8019,.T.);
#6635=EDGE_CURVE('',#8018,#7562,#8020,.T.);
#6636=EDGE_CURVE('',#8021,#7564,#8022,.T.);
#6637=EDGE_CURVE('',#8018,#8021,#8023,.F.);
#6638=EDGE_CURVE('',#7566,#8024,#8025,.F.);
#6639=EDGE_CURVE('',#8021,#8024,#8026,.T.);
#6640=EDGE_CURVE('',#8024,#8027,#8028,.F.);
#6641=EDGE_CURVE('',#7568,#8027,#8029,.F.);
#6642=EDGE_CURVE('',#8030,#8027,#8031,.F.);
#6643=EDGE_CURVE('',#8030,#7570,#8032,.T.);
#6644=EDGE_CURVE('',#7572,#8033,#8034,.F.);
#6645=EDGE_CURVE('',#8035,#7570,#8036,.T.);
#6646=EDGE_CURVE('',#8033,#8035,#8037,.T.);
#6647=EDGE_CURVE('',#8033,#8038,#8039,.F.);
#6648=EDGE_CURVE('',#7574,#8038,#8040,.F.);
#6649=EDGE_CURVE('',#8041,#8042,#8043,.T.);
#6650=EDGE_CURVE('',#8042,#8044,#8045,.T.);
#6651=EDGE_CURVE('',#8044,#8015,#8046,.F.);
#6652=EDGE_CURVE('',#8038,#8047,#8048,.F.);
#6653=EDGE_CURVE('',#8047,#8041,#8049,.T.);
#6654=EDGE_CURVE('',#8050,#8051,#8052,.T.);
#6655=EDGE_CURVE('',#8053,#8050,#8054,.F.);
#6656=EDGE_CURVE('',#7577,#8053,#8055,.F.);
#6657=EDGE_CURVE('',#8056,#7578,#8057,.F.);
#6658=EDGE_CURVE('',#8058,#8056,#8059,.F.);
#6659=EDGE_CURVE('',#8060,#8058,#8061,.T.);
#6660=EDGE_CURVE('',#8051,#8060,#8062,.T.);
#6661=EDGE_CURVE('',#8063,#8053,#8064,.F.);
#6662=EDGE_CURVE('',#7580,#8063,#8065,.F.);
#6663=EDGE_CURVE('',#8063,#8066,#8067,.T.);
#6664=EDGE_CURVE('',#8066,#7582,#8068,.T.);
#6665=EDGE_CURVE('',#8069,#7582,#8070,.T.);
#6666=EDGE_CURVE('',#8069,#8071,#8072,.F.);
#6667=EDGE_CURVE('',#7584,#8071,#8073,.F.);
#6668=EDGE_CURVE('',#8074,#8071,#8075,.F.);
#6669=EDGE_CURVE('',#7586,#8074,#8076,.F.);
#6670=EDGE_CURVE('',#8077,#8074,#8078,.T.);
#6671=EDGE_CURVE('',#8077,#7588,#8079,.T.);
#6672=EDGE_CURVE('',#8080,#8077,#8081,.F.);
#6673=EDGE_CURVE('',#8080,#7590,#8082,.T.);
#6674=EDGE_CURVE('',#8080,#8083,#8084,.T.);
#6675=EDGE_CURVE('',#8083,#7592,#8085,.F.);
#6676=EDGE_CURVE('',#8056,#8083,#8086,.F.);
#6677=EDGE_CURVE('',#8087,#8088,#8089,.T.);
#6678=EDGE_CURVE('',#8087,#7595,#8090,.T.);
#6679=EDGE_CURVE('',#8088,#7596,#8091,.F.);
#6680=EDGE_CURVE('',#8092,#8087,#8093,.F.);
#6681=EDGE_CURVE('',#8092,#7598,#8094,.T.);
#6682=EDGE_CURVE('',#8095,#8092,#8096,.T.);
#6683=EDGE_CURVE('',#8095,#7600,#8097,.T.);
#6684=EDGE_CURVE('',#8098,#8095,#8099,.F.);
#6685=EDGE_CURVE('',#8098,#7602,#8100,.T.);
#6686=EDGE_CURVE('',#8101,#8098,#8102,.F.);
#6687=EDGE_CURVE('',#8101,#7604,#8103,.T.);
#6688=EDGE_CURVE('',#8104,#7606,#8105,.T.);
#6689=EDGE_CURVE('',#8101,#8104,#8106,.F.);
#6690=EDGE_CURVE('',#8107,#7608,#8108,.T.);
#6691=EDGE_CURVE('',#8104,#8107,#8109,.T.);
#6692=EDGE_CURVE('',#8107,#8110,#8111,.F.);
#6693=EDGE_CURVE('',#8110,#7610,#8112,.T.);
#6694=EDGE_CURVE('',#8113,#7612,#8114,.F.);
#6695=EDGE_CURVE('',#8110,#8113,#8115,.T.);
#6696=EDGE_CURVE('',#8116,#8117,#8118,.F.);
#6697=EDGE_CURVE('',#8116,#7614,#8119,.F.);
#6698=EDGE_CURVE('',#8113,#8117,#8120,.F.);
#6699=EDGE_CURVE('',#8121,#8116,#8122,.T.);
#6700=EDGE_CURVE('',#8123,#8121,#8124,.F.);
#6701=EDGE_CURVE('',#8125,#8123,#8126,.T.);
#6702=EDGE_CURVE('',#8127,#8125,#8128,.F.);
#6703=EDGE_CURVE('',#8129,#8127,#8130,.T.);
#6704=EDGE_CURVE('',#7616,#8129,#8131,.F.);
#6705=EDGE_CURVE('',#8132,#8129,#8133,.F.);
#6706=EDGE_CURVE('',#7618,#8132,#8134,.F.);
#6707=EDGE_CURVE('',#8135,#8136,#8137,.T.);
#6708=EDGE_CURVE('',#8136,#7620,#8138,.F.);
#6709=EDGE_CURVE('',#8132,#8139,#8140,.T.);
#6710=EDGE_CURVE('',#8139,#8141,#8142,.F.);
#6711=EDGE_CURVE('',#8141,#8143,#8144,.T.);
#6712=EDGE_CURVE('',#8143,#8135,#8145,.F.);
#6713=EDGE_CURVE('',#8146,#8136,#8147,.F.);
#6714=EDGE_CURVE('',#8088,#8146,#8148,.F.);
#6715=EDGE_CURVE('',#8149,#8150,#8151,.T.);
#6716=EDGE_CURVE('',#8152,#8149,#8153,.F.);
#6717=EDGE_CURVE('',#7623,#8152,#8154,.F.);
#6718=EDGE_CURVE('',#8155,#7624,#8156,.F.);
#6719=EDGE_CURVE('',#8157,#8155,#8158,.F.);
#6720=EDGE_CURVE('',#8159,#8157,#8160,.T.);
#6721=EDGE_CURVE('',#8150,#8159,#8161,.T.);
#6722=EDGE_CURVE('',#8162,#8152,#8163,.F.);
#6723=EDGE_CURVE('',#7626,#8162,#8164,.F.);
#6724=EDGE_CURVE('',#8162,#8165,#8166,.T.);
#6725=EDGE_CURVE('',#8165,#7628,#8167,.T.);
#6726=EDGE_CURVE('',#8168,#7628,#8169,.T.);
#6727=EDGE_CURVE('',#8168,#8170,#8171,.F.);
#6728=EDGE_CURVE('',#7630,#8170,#8172,.F.);
#6729=EDGE_CURVE('',#8173,#8170,#8174,.F.);
#6730=EDGE_CURVE('',#7632,#8173,#8175,.F.);
#6731=EDGE_CURVE('',#8176,#8173,#8177,.T.);
#6732=EDGE_CURVE('',#8176,#7634,#8178,.T.);
#6733=EDGE_CURVE('',#8179,#8176,#8180,.F.);
#6734=EDGE_CURVE('',#8179,#7636,#8181,.T.);
#6735=EDGE_CURVE('',#8179,#8182,#8183,.T.);
#6736=EDGE_CURVE('',#8182,#7638,#8184,.F.);
#6737=EDGE_CURVE('',#8155,#8182,#8185,.F.);
#6738=EDGE_CURVE('',#8186,#7641,#8187,.F.);
#6739=EDGE_CURVE('',#8188,#7642,#8189,.F.);
#6740=EDGE_CURVE('',#8188,#8186,#8190,.F.);
#6741=EDGE_CURVE('',#8191,#8186,#8192,.T.);
#6742=EDGE_CURVE('',#8191,#7644,#8193,.T.);
#6743=EDGE_CURVE('',#8194,#7646,#8195,.T.);
#6744=EDGE_CURVE('',#8191,#8194,#8196,.F.);
#6745=EDGE_CURVE('',#7648,#8197,#8198,.F.);
#6746=EDGE_CURVE('',#8194,#8197,#8199,.T.);
#6747=EDGE_CURVE('',#8197,#8200,#8201,.F.);
#6748=EDGE_CURVE('',#7650,#8200,#8202,.F.);
#6749=EDGE_CURVE('',#8203,#8200,#8204,.F.);
#6750=EDGE_CURVE('',#8203,#7652,#8205,.T.);
#6751=EDGE_CURVE('',#7654,#8206,#8207,.F.);
#6752=EDGE_CURVE('',#8208,#7652,#8209,.T.);
#6753=EDGE_CURVE('',#8206,#8208,#8210,.T.);
#6754=EDGE_CURVE('',#8206,#8211,#8212,.F.);
#6755=EDGE_CURVE('',#7656,#8211,#8213,.F.);
#6756=EDGE_CURVE('',#8214,#8215,#8216,.T.);
#6757=EDGE_CURVE('',#8215,#8217,#8218,.T.);
#6758=EDGE_CURVE('',#8217,#8188,#8219,.F.);
#6759=EDGE_CURVE('',#8211,#8220,#8221,.F.);
#6760=EDGE_CURVE('',#8220,#8214,#8222,.T.);
#6761=EDGE_CURVE('',#8223,#8223,#8224,.F.);
#6762=EDGE_CURVE('',#8225,#8225,#8226,.T.);
#6763=EDGE_CURVE('',#8227,#8227,#8228,.F.);
#6764=EDGE_CURVE('',#8229,#8229,#8230,.T.);
#6765=EDGE_CURVE('',#8231,#8232,#8233,.T.);
#6766=EDGE_CURVE('',#7725,#8232,#8234,.F.);
#6767=EDGE_CURVE('',#7702,#8231,#8235,.F.);
#6768=EDGE_CURVE('',#7706,#8236,#8237,.F.);
#6769=EDGE_CURVE('',#7728,#8238,#8239,.F.);
#6770=EDGE_CURVE('',#8238,#8236,#8240,.T.);
#6771=EDGE_CURVE('',#7689,#8232,#8241,.T.);
#6772=EDGE_CURVE('',#7710,#8236,#8242,.T.);
#6773=EDGE_CURVE('',#7720,#8238,#8243,.T.);
#6774=EDGE_CURVE('',#7718,#8244,#8245,.F.);
#6775=EDGE_CURVE('',#8246,#8244,#8247,.F.);
#6776=EDGE_CURVE('',#8246,#8157,#8248,.F.);
#6777=EDGE_CURVE('',#8249,#8168,#8250,.F.);
#6778=EDGE_CURVE('',#8251,#8249,#8252,.T.);
#6779=EDGE_CURVE('',#8251,#8203,#8253,.F.);
#6780=EDGE_CURVE('',#8254,#8217,#8255,.F.);
#6781=EDGE_CURVE('',#8254,#8256,#8257,.F.);
#6782=EDGE_CURVE('',#7691,#8256,#8258,.F.);
#6783=EDGE_CURVE('',#7699,#8231,#8259,.T.);
#6784=EDGE_CURVE('',#7697,#8260,#8261,.F.);
#6785=EDGE_CURVE('',#8262,#8260,#8263,.F.);
#6786=EDGE_CURVE('',#8262,#8058,#8264,.F.);
#6787=EDGE_CURVE('',#8265,#8069,#8266,.F.);
#6788=EDGE_CURVE('',#8265,#8267,#8268,.T.);
#6789=EDGE_CURVE('',#8267,#8030,#8269,.F.);
#6790=EDGE_CURVE('',#8270,#8044,#8271,.F.);
#6791=EDGE_CURVE('',#8270,#8272,#8273,.F.);
#6792=EDGE_CURVE('',#7712,#8272,#8274,.F.);
#6793=EDGE_CURVE('',#8275,#8146,#8276,.T.);
#6794=EDGE_CURVE('',#8275,#8277,#8278,.T.);
#6795=EDGE_CURVE('',#8277,#8117,#8279,.T.);
#6796=EDGE_CURVE('',#8280,#7983,#8281,.T.);
#6797=EDGE_CURVE('',#8282,#8280,#8283,.T.);
#6798=EDGE_CURVE('',#8282,#7952,#8284,.T.);
#6799=EDGE_CURVE('',#8285,#8285,#8286,.T.);
#6800=EDGE_CURVE('',#8287,#8287,#8288,.T.);
#6801=EDGE_CURVE('',#8289,#8290,#8291,.F.);
#6802=EDGE_CURVE('',#8289,#7693,#8292,.T.);
#6803=EDGE_CURVE('',#8290,#8256,#8293,.T.);
#6804=EDGE_CURVE('',#8294,#7695,#8295,.F.);
#6805=EDGE_CURVE('',#8296,#7693,#8297,.F.);
#6806=EDGE_CURVE('',#8296,#8294,#8298,.F.);
#6807=EDGE_CURVE('',#8299,#8260,#8300,.T.);
#6808=EDGE_CURVE('',#8301,#7695,#8302,.T.);
#6809=EDGE_CURVE('',#8301,#8299,#8303,.F.);
#6810=EDGE_CURVE('',#8304,#8305,#8306,.F.);
#6811=EDGE_CURVE('',#8304,#7714,#8307,.T.);
#6812=EDGE_CURVE('',#8305,#8272,#8308,.T.);
#6813=EDGE_CURVE('',#8309,#7714,#8310,.F.);
#6814=EDGE_CURVE('',#8311,#8309,#8312,.F.);
#6815=EDGE_CURVE('',#8311,#7716,#8313,.F.);
#6816=EDGE_CURVE('',#8314,#8244,#8315,.T.);
#6817=EDGE_CURVE('',#8316,#7716,#8317,.T.);
#6818=EDGE_CURVE('',#8316,#8314,#8318,.F.);
#6819=EDGE_CURVE('',#8319,#8320,#8321,.F.);
#6820=EDGE_CURVE('',#8319,#7732,#8322,.T.);
#6821=EDGE_CURVE('',#8323,#7731,#8324,.T.);
#6822=EDGE_CURVE('',#8323,#8320,#8325,.T.);
#6823=EDGE_CURVE('',#8326,#8327,#8328,.T.);
#6824=EDGE_CURVE('',#8327,#7736,#8329,.T.);
#6825=EDGE_CURVE('',#8330,#8319,#8331,.F.);
#6826=EDGE_CURVE('',#8332,#8330,#8333,.F.);
#6827=EDGE_CURVE('',#8326,#8332,#8334,.F.);
#6828=EDGE_CURVE('',#8335,#7777,#8336,.F.);
#6829=EDGE_CURVE('',#8335,#8337,#8338,.F.);
#6830=EDGE_CURVE('',#8337,#8339,#8340,.F.);
#6831=EDGE_CURVE('',#8339,#8341,#8342,.T.);
#6832=EDGE_CURVE('',#7739,#8341,#8343,.F.);
#6833=EDGE_CURVE('',#8344,#8327,#8345,.T.);
#6834=EDGE_CURVE('',#8344,#8346,#8347,.F.);
#6835=EDGE_CURVE('',#8346,#8348,#8349,.F.);
#6836=EDGE_CURVE('',#8348,#8350,#8351,.F.);
#6837=EDGE_CURVE('',#8352,#8350,#8353,.F.);
#6838=EDGE_CURVE('',#8352,#7778,#8354,.T.);
#6839=EDGE_CURVE('',#8355,#8355,#8356,.T.);
#6840=EDGE_CURVE('',#8341,#7742,#8357,.T.);
#6841=EDGE_CURVE('',#7747,#8358,#8359,.F.);
#6842=EDGE_CURVE('',#8358,#8360,#8361,.T.);
#6843=EDGE_CURVE('',#8360,#7748,#8362,.F.);
#6844=EDGE_CURVE('',#8363,#8360,#8364,.T.);
#6845=EDGE_CURVE('',#7774,#8363,#8365,.F.);
#6846=EDGE_CURVE('',#8348,#7771,#8366,.T.);
#6847=EDGE_CURVE('',#8348,#7755,#8367,.F.);
#6848=EDGE_CURVE('',#7757,#8346,#8368,.F.);
#6849=EDGE_CURVE('',#8369,#8369,#8370,.T.);
#6850=EDGE_CURVE('',#8346,#7765,#8371,.T.);
#6851=EDGE_CURVE('',#8372,#7742,#8373,.T.);
#6852=EDGE_CURVE('',#8358,#8372,#8374,.T.);
#6853=EDGE_CURVE('',#8348,#8346,#8375,.T.);
#6854=EDGE_CURVE('',#8335,#7774,#8376,.T.);
#6855=EDGE_CURVE('',#8352,#8377,#8378,.T.);
#6856=EDGE_CURVE('',#8379,#8377,#8380,.F.);
#6857=EDGE_CURVE('',#8381,#8379,#8382,.F.);
#6858=EDGE_CURVE('',#8381,#7782,#8383,.T.);
#6859=EDGE_CURVE('',#8384,#8381,#8385,.T.);
#6860=EDGE_CURVE('',#8386,#8384,#8387,.F.);
#6861=EDGE_CURVE('',#8388,#8386,#8389,.T.);
#6862=EDGE_CURVE('',#8388,#8390,#8391,.F.);
#6863=EDGE_CURVE('',#8390,#8392,#8393,.T.);
#6864=EDGE_CURVE('',#8392,#7785,#8394,.T.);
#6865=EDGE_CURVE('',#8392,#8395,#8396,.F.);
#6866=EDGE_CURVE('',#8395,#8397,#8398,.F.);
#6867=EDGE_CURVE('',#8399,#8397,#8400,.T.);
#6868=EDGE_CURVE('',#8399,#7788,#8401,.T.);
#6869=EDGE_CURVE('',#8402,#7795,#8403,.T.);
#6870=EDGE_CURVE('',#8402,#7791,#8404,.F.);
#6871=EDGE_CURVE('',#8405,#8399,#8406,.T.);
#6872=EDGE_CURVE('',#8407,#8405,#8408,.F.);
#6873=EDGE_CURVE('',#8409,#8407,#8410,.F.);
#6874=EDGE_CURVE('',#8411,#8409,#8412,.F.);
#6875=EDGE_CURVE('',#8413,#8411,#8414,.F.);
#6876=EDGE_CURVE('',#8413,#7829,#8415,.T.);
#6877=EDGE_CURVE('',#7831,#8416,#8417,.F.);
#6878=EDGE_CURVE('',#8418,#8416,#8419,.T.);
#6879=EDGE_CURVE('',#8420,#8418,#8421,.F.);
#6880=EDGE_CURVE('',#8402,#8420,#8422,.F.);
#6881=EDGE_CURVE('',#8423,#8423,#8424,.T.);
#6882=EDGE_CURVE('',#8425,#8426,#8427,.T.);
#6883=EDGE_CURVE('',#8426,#7826,#8428,.T.);
#6884=EDGE_CURVE('',#7800,#8425,#8429,.F.);
#6885=EDGE_CURVE('',#8409,#7823,#8430,.T.);
#6886=EDGE_CURVE('',#7805,#8409,#8431,.F.);
#6887=EDGE_CURVE('',#8407,#7807,#8432,.F.);
#6888=EDGE_CURVE('',#8433,#8433,#8434,.T.);
#6889=EDGE_CURVE('',#8407,#7815,#8435,.T.);
#6890=EDGE_CURVE('',#7795,#8436,#8437,.F.);
#6891=EDGE_CURVE('',#8436,#8438,#8439,.T.);
#6892=EDGE_CURVE('',#8438,#7812,#8440,.F.);
#6893=EDGE_CURVE('',#8425,#8438,#8441,.T.);
#6894=EDGE_CURVE('',#8407,#8409,#8442,.T.);
#6895=EDGE_CURVE('',#8416,#7826,#8443,.T.);
#6896=EDGE_CURVE('',#8444,#8413,#8445,.T.);
#6897=EDGE_CURVE('',#8444,#8446,#8447,.F.);
#6898=EDGE_CURVE('',#8446,#8448,#8449,.F.);
#6899=EDGE_CURVE('',#8448,#8450,#8451,.F.);
#6900=EDGE_CURVE('',#8450,#7834,#8452,.T.);
#6901=EDGE_CURVE('',#8450,#8453,#8454,.F.);
#6902=EDGE_CURVE('',#8455,#8453,#8456,.T.);
#6903=EDGE_CURVE('',#8455,#7837,#8457,.T.);
#6904=EDGE_CURVE('',#8455,#8458,#8459,.F.);
#6905=EDGE_CURVE('',#8458,#7840,#8460,.T.);
#6906=EDGE_CURVE('',#8458,#8461,#8462,.T.);
#6907=EDGE_CURVE('',#8463,#8461,#8464,.F.);
#6908=EDGE_CURVE('',#8463,#7843,#8465,.T.);
#6909=EDGE_CURVE('',#8466,#8463,#8467,.F.);
#6910=EDGE_CURVE('',#8468,#8466,#8469,.F.);
#6911=EDGE_CURVE('',#8470,#8468,#8471,.F.);
#6912=EDGE_CURVE('',#8470,#8472,#8473,.T.);
#6913=EDGE_CURVE('',#8472,#7846,#8474,.T.);
#6914=EDGE_CURVE('',#8475,#8476,#8477,.F.);
#6915=EDGE_CURVE('',#8476,#8478,#8479,.F.);
#6916=EDGE_CURVE('',#8478,#8480,#8481,.F.);
#6917=EDGE_CURVE('',#8482,#8480,#8483,.F.);
#6918=EDGE_CURVE('',#8482,#7888,#8484,.T.);
#6919=EDGE_CURVE('',#8485,#7887,#8486,.F.);
#6920=EDGE_CURVE('',#8485,#8487,#8488,.F.);
#6921=EDGE_CURVE('',#8487,#8489,#8490,.F.);
#6922=EDGE_CURVE('',#8489,#8491,#8492,.T.);
#6923=EDGE_CURVE('',#7849,#8491,#8493,.F.);
#6924=EDGE_CURVE('',#8475,#8472,#8494,.T.);
#6925=EDGE_CURVE('',#8495,#8495,#8496,.T.);
#6926=EDGE_CURVE('',#8491,#7852,#8497,.T.);
#6927=EDGE_CURVE('',#7857,#8498,#8499,.F.);
#6928=EDGE_CURVE('',#8498,#8500,#8501,.T.);
#6929=EDGE_CURVE('',#8500,#7858,#8502,.F.);
#6930=EDGE_CURVE('',#8503,#8500,#8504,.T.);
#6931=EDGE_CURVE('',#7884,#8503,#8505,.F.);
#6932=EDGE_CURVE('',#8478,#7881,#8506,.T.);
#6933=EDGE_CURVE('',#8478,#7865,#8507,.F.);
#6934=EDGE_CURVE('',#7867,#8476,#8508,.F.);
#6935=EDGE_CURVE('',#8509,#8509,#8510,.T.);
#6936=EDGE_CURVE('',#8476,#7875,#8511,.T.);
#6937=EDGE_CURVE('',#8512,#7852,#8513,.T.);
#6938=EDGE_CURVE('',#8498,#8512,#8514,.T.);
#6939=EDGE_CURVE('',#8478,#8476,#8515,.T.);
#6940=EDGE_CURVE('',#8485,#7884,#8516,.T.);
#6941=EDGE_CURVE('',#8482,#8517,#8518,.T.);
#6942=EDGE_CURVE('',#8519,#8517,#8520,.F.);
#6943=EDGE_CURVE('',#8521,#8519,#8522,.F.);
#6944=EDGE_CURVE('',#8521,#7892,#8523,.T.);
#6945=EDGE_CURVE('',#8524,#8521,#8525,.T.);
#6946=EDGE_CURVE('',#8526,#8524,#8527,.F.);
#6947=EDGE_CURVE('',#8526,#8528,#8529,.T.);
#6948=EDGE_CURVE('',#8528,#8530,#8531,.F.);
#6949=EDGE_CURVE('',#8530,#8532,#8533,.T.);
#6950=EDGE_CURVE('',#8532,#7895,#8534,.T.);
#6951=EDGE_CURVE('',#8532,#8535,#8536,.F.);
#6952=EDGE_CURVE('',#8535,#8537,#8538,.F.);
#6953=EDGE_CURVE('',#8539,#8537,#8540,.T.);
#6954=EDGE_CURVE('',#8539,#7898,#8541,.T.);
#6955=EDGE_CURVE('',#8542,#7905,#8543,.T.);
#6956=EDGE_CURVE('',#8542,#7901,#8544,.F.);
#6957=EDGE_CURVE('',#8545,#8546,#8547,.F.);
#6958=EDGE_CURVE('',#8545,#7939,#8548,.T.);
#6959=EDGE_CURVE('',#7941,#8549,#8550,.F.);
#6960=EDGE_CURVE('',#8551,#8549,#8552,.T.);
#6961=EDGE_CURVE('',#8553,#8551,#8554,.F.);
#6962=EDGE_CURVE('',#8542,#8553,#8555,.F.);
#6963=EDGE_CURVE('',#8556,#8539,#8557,.T.);
#6964=EDGE_CURVE('',#8558,#8556,#8559,.F.);
#6965=EDGE_CURVE('',#8560,#8558,#8561,.F.);
#6966=EDGE_CURVE('',#8546,#8560,#8562,.F.);
#6967=EDGE_CURVE('',#8563,#8563,#8564,.T.);
#6968=EDGE_CURVE('',#8565,#8566,#8567,.T.);
#6969=EDGE_CURVE('',#8566,#7936,#8568,.T.);
#6970=EDGE_CURVE('',#7910,#8565,#8569,.F.);
#6971=EDGE_CURVE('',#8560,#7933,#8570,.T.);
#6972=EDGE_CURVE('',#7915,#8560,#8571,.F.);
#6973=EDGE_CURVE('',#8558,#7917,#8572,.F.);
#6974=EDGE_CURVE('',#8573,#8573,#8574,.T.);
#6975=EDGE_CURVE('',#8558,#7925,#8575,.T.);
#6976=EDGE_CURVE('',#7905,#8576,#8577,.F.);
#6977=EDGE_CURVE('',#8576,#8578,#8579,.T.);
#6978=EDGE_CURVE('',#8578,#7922,#8580,.F.);
#6979=EDGE_CURVE('',#8565,#8578,#8581,.T.);
#6980=EDGE_CURVE('',#8558,#8560,#8582,.T.);
#6981=EDGE_CURVE('',#8549,#7936,#8583,.T.);
#6982=EDGE_CURVE('',#8584,#8585,#8586,.F.);
#6983=EDGE_CURVE('',#8585,#7944,#8587,.T.);
#6984=EDGE_CURVE('',#8588,#8545,#8589,.T.);
#6985=EDGE_CURVE('',#8588,#8590,#8591,.F.);
#6986=EDGE_CURVE('',#8590,#8584,#8592,.F.);
#6987=EDGE_CURVE('',#8593,#8594,#8595,.T.);
#6988=EDGE_CURVE('',#8593,#7947,#8596,.T.);
#6989=EDGE_CURVE('',#8585,#8594,#8597,.F.);
#6990=EDGE_CURVE('',#8323,#8593,#8598,.F.);
#6991=EDGE_CURVE('',#7972,#8280,#8599,.F.);
#6992=EDGE_CURVE('',#7980,#7960,#8600,.T.);
#6993=EDGE_CURVE('',#8282,#7958,#8601,.F.);
#6994=EDGE_CURVE('',#7978,#7962,#8602,.F.);
#6995=EDGE_CURVE('',#7976,#7964,#8603,.F.);
#6996=EDGE_CURVE('',#8604,#8267,#8605,.F.);
#6997=EDGE_CURVE('',#7570,#8604,#8606,.T.);
#6998=EDGE_CURVE('',#8035,#8267,#8607,.F.);
#6999=EDGE_CURVE('',#8267,#8608,#8609,.F.);
#7000=EDGE_CURVE('',#8047,#8608,#8610,.F.);
#7001=EDGE_CURVE('',#8611,#8041,#8612,.T.);
#7002=EDGE_CURVE('',#8611,#8613,#8614,.T.);
#7003=EDGE_CURVE('',#8613,#8042,#8615,.F.);
#7004=EDGE_CURVE('',#8042,#8616,#8617,.F.);
#7005=EDGE_CURVE('',#8616,#8270,#8618,.T.);
#7006=EDGE_CURVE('',#8619,#8041,#8620,.F.);
#7007=EDGE_CURVE('',#8608,#8619,#8621,.T.);
#7008=EDGE_CURVE('',#8622,#8623,#8624,.T.);
#7009=EDGE_CURVE('',#8050,#8622,#8625,.F.);
#7010=EDGE_CURVE('',#8623,#8051,#8626,.F.);
#7011=EDGE_CURVE('',#8265,#8622,#8627,.F.);
#7012=EDGE_CURVE('',#8066,#8265,#8628,.F.);
#7013=EDGE_CURVE('',#8629,#8262,#8630,.T.);
#7014=EDGE_CURVE('',#8060,#8629,#8631,.F.);
#7015=EDGE_CURVE('',#8632,#8060,#8633,.F.);
#7016=EDGE_CURVE('',#8634,#8632,#8635,.T.);
#7017=EDGE_CURVE('',#8634,#8051,#8636,.T.);
#7018=EDGE_CURVE('',#7582,#8637,#8638,.T.);
#7019=EDGE_CURVE('',#8637,#8265,#8639,.F.);
#7020=EDGE_CURVE('',#8135,#8275,#8640,.F.);
#7021=EDGE_CURVE('',#8123,#8143,#8641,.T.);
#7022=EDGE_CURVE('',#8277,#8121,#8642,.F.);
#7023=EDGE_CURVE('',#8125,#8141,#8643,.F.);
#7024=EDGE_CURVE('',#8127,#8139,#8644,.F.);
#7025=EDGE_CURVE('',#8645,#8646,#8647,.T.);
#7026=EDGE_CURVE('',#8149,#8645,#8648,.F.);
#7027=EDGE_CURVE('',#8646,#8150,#8649,.F.);
#7028=EDGE_CURVE('',#8249,#8645,#8650,.F.);
#7029=EDGE_CURVE('',#8165,#8249,#8651,.F.);
#7030=EDGE_CURVE('',#8652,#8246,#8653,.T.);
#7031=EDGE_CURVE('',#8159,#8652,#8654,.F.);
#7032=EDGE_CURVE('',#8655,#8159,#8656,.F.);
#7033=EDGE_CURVE('',#8657,#8655,#8658,.T.);
#7034=EDGE_CURVE('',#8657,#8150,#8659,.T.);
#7035=EDGE_CURVE('',#7628,#8660,#8661,.T.);
#7036=EDGE_CURVE('',#8660,#8249,#8662,.F.);
#7037=EDGE_CURVE('',#8663,#8251,#8664,.F.);
#7038=EDGE_CURVE('',#7652,#8663,#8665,.T.);
#7039=EDGE_CURVE('',#8208,#8251,#8666,.F.);
#7040=EDGE_CURVE('',#8251,#8667,#8668,.F.);
#7041=EDGE_CURVE('',#8220,#8667,#8669,.F.);
#7042=EDGE_CURVE('',#8670,#8214,#8671,.T.);
#7043=EDGE_CURVE('',#8670,#8672,#8673,.T.);
#7044=EDGE_CURVE('',#8672,#8215,#8674,.F.);
#7045=EDGE_CURVE('',#8215,#8675,#8676,.F.);
#7046=EDGE_CURVE('',#8675,#8254,#8677,.T.);
#7047=EDGE_CURVE('',#8678,#8214,#8679,.F.);
#7048=EDGE_CURVE('',#8667,#8678,#8680,.T.);
#7049=EDGE_CURVE('',#8314,#8681,#8682,.F.);
#7050=EDGE_CURVE('',#8681,#8683,#8684,.F.);
#7051=EDGE_CURVE('',#8683,#8685,#8686,.F.);
#7052=EDGE_CURVE('',#8652,#8685,#8687,.T.);
#7053=EDGE_CURVE('',#8688,#8689,#8690,.T.);
#7054=EDGE_CURVE('',#8691,#8689,#8692,.T.);
#7055=EDGE_CURVE('',#8693,#8691,#8694,.F.);
#7056=EDGE_CURVE('',#8693,#8251,#8695,.T.);
#7057=EDGE_CURVE('',#8696,#8249,#8697,.T.);
#7058=EDGE_CURVE('',#8696,#8698,#8699,.F.);
#7059=EDGE_CURVE('',#8698,#8688,#8700,.T.);
#7060=EDGE_CURVE('',#8675,#8701,#8702,.T.);
#7061=EDGE_CURVE('',#8703,#8701,#8704,.F.);
#7062=EDGE_CURVE('',#8705,#8703,#8706,.F.);
#7063=EDGE_CURVE('',#8290,#8705,#8707,.F.);
#7064=EDGE_CURVE('',#8299,#8708,#8709,.F.);
#7065=EDGE_CURVE('',#8708,#8710,#8711,.F.);
#7066=EDGE_CURVE('',#8710,#8712,#8713,.F.);
#7067=EDGE_CURVE('',#8629,#8712,#8714,.T.);
#7068=EDGE_CURVE('',#8715,#8716,#8717,.T.);
#7069=EDGE_CURVE('',#8718,#8715,#8719,.F.);
#7070=EDGE_CURVE('',#8718,#8267,#8720,.T.);
#7071=EDGE_CURVE('',#8721,#8265,#8722,.T.);
#7072=EDGE_CURVE('',#8721,#8723,#8724,.F.);
#7073=EDGE_CURVE('',#8723,#8725,#8726,.T.);
#7074=EDGE_CURVE('',#8716,#8725,#8727,.T.);
#7075=EDGE_CURVE('',#8616,#8728,#8729,.T.);
#7076=EDGE_CURVE('',#8730,#8728,#8731,.F.);
#7077=EDGE_CURVE('',#8732,#8730,#8733,.F.);
#7078=EDGE_CURVE('',#8305,#8732,#8734,.F.);
#7079=EDGE_CURVE('',#8735,#8290,#8736,.F.);
#7080=EDGE_CURVE('',#8737,#8735,#8738,.F.);
#7081=EDGE_CURVE('',#8737,#8289,#8739,.F.);
#7082=EDGE_CURVE('',#8737,#8296,#8740,.T.);
#7083=EDGE_CURVE('',#8741,#8294,#8742,.T.);
#7084=EDGE_CURVE('',#8741,#8301,#8743,.F.);
#7085=EDGE_CURVE('',#8744,#8745,#8746,.T.);
#7086=EDGE_CURVE('',#8741,#8745,#8747,.T.);
#7087=EDGE_CURVE('',#8737,#8748,#8749,.T.);
#7088=EDGE_CURVE('',#8750,#8748,#8751,.T.);
#7089=EDGE_CURVE('',#8744,#8750,#8752,.F.);
#7090=EDGE_CURVE('',#8741,#8753,#8754,.F.);
#7091=EDGE_CURVE('',#8753,#8299,#8755,.F.);
#7092=EDGE_CURVE('',#8756,#8305,#8757,.F.);
#7093=EDGE_CURVE('',#8758,#8756,#8759,.F.);
#7094=EDGE_CURVE('',#8758,#8304,#8760,.F.);
#7095=EDGE_CURVE('',#8758,#8309,#8761,.T.);
#7096=EDGE_CURVE('',#8762,#8763,#8764,.T.);
#7097=EDGE_CURVE('',#8762,#8765,#8766,.F.);
#7098=EDGE_CURVE('',#8765,#8767,#8768,.T.);
#7099=EDGE_CURVE('',#8769,#8767,#8770,.T.);
#7100=EDGE_CURVE('',#8769,#8311,#8771,.T.);
#7101=EDGE_CURVE('',#8758,#8763,#8772,.T.);
#7102=EDGE_CURVE('',#8769,#8316,#8773,.F.);
#7103=EDGE_CURVE('',#8769,#8774,#8775,.F.);
#7104=EDGE_CURVE('',#8774,#8314,#8776,.F.);
#7105=EDGE_CURVE('',#8777,#8778,#8779,.F.);
#7106=EDGE_CURVE('',#8778,#8763,#8780,.F.);
#7107=EDGE_CURVE('',#8756,#8781,#8782,.F.);
#7108=EDGE_CURVE('',#8781,#8777,#8783,.T.);
#7109=EDGE_CURVE('',#8784,#8777,#8785,.F.);
#7110=EDGE_CURVE('',#8781,#8786,#8787,.F.);
#7111=EDGE_CURVE('',#8784,#8786,#8788,.T.);
#7112=EDGE_CURVE('',#8789,#8784,#8790,.F.);
#7113=EDGE_CURVE('',#8786,#8791,#8792,.F.);
#7114=EDGE_CURVE('',#8789,#8791,#8793,.T.);
#7115=EDGE_CURVE('',#8350,#8794,#8795,.T.);
#7116=EDGE_CURVE('',#8789,#8344,#8796,.T.);
#7117=EDGE_CURVE('',#8797,#8791,#8798,.T.);
#7118=EDGE_CURVE('',#8613,#8797,#8799,.F.);
#7119=EDGE_CURVE('',#8800,#8611,#8801,.F.);
#7120=EDGE_CURVE('',#8802,#8800,#8803,.T.);
#7121=EDGE_CURVE('',#8802,#8794,#8804,.T.);
#7122=EDGE_CURVE('',#8337,#8805,#8806,.T.);
#7123=EDGE_CURVE('',#8805,#8807,#8808,.F.);
#7124=EDGE_CURVE('',#8807,#8339,#8809,.F.);
#7125=EDGE_CURVE('',#8807,#8372,#8810,.F.);
#7126=EDGE_CURVE('',#8811,#8811,#8812,.T.);
#7127=EDGE_CURVE('',#8363,#8805,#8813,.F.);
#7128=EDGE_CURVE('',#8814,#8814,#8815,.T.);
#7129=EDGE_CURVE('',#8816,#8794,#8817,.F.);
#7130=EDGE_CURVE('',#8802,#8818,#8819,.T.);
#7131=EDGE_CURVE('',#8818,#8816,#8820,.T.);
#7132=EDGE_CURVE('',#8821,#8816,#8822,.F.);
#7133=EDGE_CURVE('',#8818,#8823,#8824,.F.);
#7134=EDGE_CURVE('',#8823,#8825,#8826,.F.);
#7135=EDGE_CURVE('',#8827,#8825,#8828,.T.);
#7136=EDGE_CURVE('',#8827,#8821,#8829,.T.);
#7137=EDGE_CURVE('',#8830,#8827,#8831,.F.);
#7138=EDGE_CURVE('',#8825,#8832,#8833,.T.);
#7139=EDGE_CURVE('',#8830,#8832,#8834,.T.);
#7140=EDGE_CURVE('',#8835,#8830,#8836,.T.);
#7141=EDGE_CURVE('',#8832,#8837,#8838,.T.);
#7142=EDGE_CURVE('',#8835,#8837,#8839,.T.);
#7143=EDGE_CURVE('',#8835,#8840,#8841,.F.);
#7144=EDGE_CURVE('',#8842,#8837,#8843,.T.);
#7145=EDGE_CURVE('',#8840,#8842,#8844,.T.);
#7146=EDGE_CURVE('',#8840,#8845,#8846,.T.);
#7147=EDGE_CURVE('',#8847,#8842,#8848,.F.);
#7148=EDGE_CURVE('',#8849,#8847,#8850,.F.);
#7149=EDGE_CURVE('',#8849,#8851,#8852,.T.);
#7150=EDGE_CURVE('',#8845,#8851,#8853,.F.);
#7151=EDGE_CURVE('',#8851,#8854,#8855,.F.);
#7152=EDGE_CURVE('',#8856,#8849,#8857,.T.);
#7153=EDGE_CURVE('',#8856,#8854,#8858,.T.);
#7154=EDGE_CURVE('',#8405,#8854,#8859,.T.);
#7155=EDGE_CURVE('',#8856,#8860,#8861,.T.);
#7156=EDGE_CURVE('',#8860,#8634,#8862,.F.);
#7157=EDGE_CURVE('',#8632,#8863,#8864,.F.);
#7158=EDGE_CURVE('',#8863,#8865,#8866,.T.);
#7159=EDGE_CURVE('',#8867,#8865,#8868,.T.);
#7160=EDGE_CURVE('',#8867,#8411,#8869,.T.);
#7161=EDGE_CURVE('',#8436,#8870,#8871,.F.);
#7162=EDGE_CURVE('',#8420,#8870,#8872,.T.);
#7163=EDGE_CURVE('',#8873,#8873,#8874,.T.);
#7164=EDGE_CURVE('',#8875,#8426,#8876,.F.);
#7165=EDGE_CURVE('',#8875,#8418,#8877,.F.);
#7166=EDGE_CURVE('',#8870,#8875,#8878,.F.);
#7167=EDGE_CURVE('',#8879,#8879,#8880,.T.);
#7168=EDGE_CURVE('',#8867,#8881,#8882,.F.);
#7169=EDGE_CURVE('',#8883,#8865,#8884,.F.);
#7170=EDGE_CURVE('',#8881,#8883,#8885,.T.);
#7171=EDGE_CURVE('',#8881,#8886,#8887,.F.);
#7172=EDGE_CURVE('',#8888,#8883,#8889,.F.);
#7173=EDGE_CURVE('',#8888,#8886,#8890,.T.);
#7174=EDGE_CURVE('',#8886,#8891,#8892,.F.);
#7175=EDGE_CURVE('',#8753,#8888,#8893,.F.);
#7176=EDGE_CURVE('',#8891,#8745,#8894,.F.);
#7177=EDGE_CURVE('',#8895,#8748,#8896,.F.);
#7178=EDGE_CURVE('',#8735,#8897,#8898,.F.);
#7179=EDGE_CURVE('',#8897,#8899,#8900,.T.);
#7180=EDGE_CURVE('',#8899,#8895,#8901,.F.);
#7181=EDGE_CURVE('',#8902,#8899,#8903,.F.);
#7182=EDGE_CURVE('',#8897,#8904,#8905,.F.);
#7183=EDGE_CURVE('',#8902,#8904,#8906,.T.);
#7184=EDGE_CURVE('',#8907,#8902,#8908,.F.);
#7185=EDGE_CURVE('',#8904,#8909,#8910,.F.);
#7186=EDGE_CURVE('',#8907,#8909,#8911,.T.);
#7187=EDGE_CURVE('',#8907,#8475,#8912,.T.);
#7188=EDGE_CURVE('',#8913,#8909,#8914,.T.);
#7189=EDGE_CURVE('',#8672,#8913,#8915,.F.);
#7190=EDGE_CURVE('',#8916,#8670,#8917,.F.);
#7191=EDGE_CURVE('',#8918,#8916,#8919,.T.);
#7192=EDGE_CURVE('',#8918,#8920,#8921,.T.);
#7193=EDGE_CURVE('',#8480,#8920,#8922,.T.);
#7194=EDGE_CURVE('',#8487,#8923,#8924,.T.);
#7195=EDGE_CURVE('',#8923,#8925,#8926,.F.);
#7196=EDGE_CURVE('',#8925,#8489,#8927,.F.);
#7197=EDGE_CURVE('',#8925,#8512,#8928,.F.);
#7198=EDGE_CURVE('',#8929,#8929,#8930,.T.);
#7199=EDGE_CURVE('',#8503,#8923,#8931,.F.);
#7200=EDGE_CURVE('',#8932,#8932,#8933,.T.);
#7201=EDGE_CURVE('',#8934,#8920,#8935,.F.);
#7202=EDGE_CURVE('',#8918,#8936,#8937,.T.);
#7203=EDGE_CURVE('',#8936,#8934,#8938,.T.);
#7204=EDGE_CURVE('',#8939,#8934,#8940,.F.);
#7205=EDGE_CURVE('',#8936,#8941,#8942,.F.);
#7206=EDGE_CURVE('',#8941,#8943,#8944,.F.);
#7207=EDGE_CURVE('',#8945,#8943,#8946,.T.);
#7208=EDGE_CURVE('',#8945,#8939,#8947,.T.);
#7209=EDGE_CURVE('',#8948,#8945,#8949,.F.);
#7210=EDGE_CURVE('',#8943,#8950,#8951,.T.);
#7211=EDGE_CURVE('',#8948,#8950,#8952,.T.);
#7212=EDGE_CURVE('',#8948,#8953,#8954,.T.);
#7213=EDGE_CURVE('',#8955,#8950,#8956,.T.);
#7214=EDGE_CURVE('',#8953,#8955,#8957,.T.);
#7215=EDGE_CURVE('',#8953,#8958,#8959,.F.);
#7216=EDGE_CURVE('',#8960,#8955,#8961,.T.);
#7217=EDGE_CURVE('',#8958,#8960,#8962,.T.);
#7218=EDGE_CURVE('',#8958,#8963,#8964,.T.);
#7219=EDGE_CURVE('',#8965,#8960,#8966,.F.);
#7220=EDGE_CURVE('',#8967,#8965,#8968,.F.);
#7221=EDGE_CURVE('',#8967,#8969,#8970,.T.);
#7222=EDGE_CURVE('',#8963,#8969,#8971,.F.);
#7223=EDGE_CURVE('',#8969,#8972,#8973,.F.);
#7224=EDGE_CURVE('',#8974,#8967,#8975,.T.);
#7225=EDGE_CURVE('',#8974,#8972,#8976,.T.);
#7226=EDGE_CURVE('',#8977,#8546,#8978,.T.);
#7227=EDGE_CURVE('',#8556,#8972,#8979,.T.);
#7228=EDGE_CURVE('',#8974,#8980,#8981,.T.);
#7229=EDGE_CURVE('',#8980,#8657,#8982,.F.);
#7230=EDGE_CURVE('',#8655,#8983,#8984,.F.);
#7231=EDGE_CURVE('',#8983,#8985,#8986,.T.);
#7232=EDGE_CURVE('',#8977,#8985,#8987,.T.);
#7233=EDGE_CURVE('',#8576,#8988,#8989,.F.);
#7234=EDGE_CURVE('',#8553,#8988,#8990,.T.);
#7235=EDGE_CURVE('',#8991,#8991,#8992,.T.);
#7236=EDGE_CURVE('',#8993,#8566,#8994,.F.);
#7237=EDGE_CURVE('',#8993,#8551,#8995,.F.);
#7238=EDGE_CURVE('',#8988,#8993,#8996,.F.);
#7239=EDGE_CURVE('',#8997,#8997,#8998,.T.);
#7240=EDGE_CURVE('',#8977,#8999,#9000,.F.);
#7241=EDGE_CURVE('',#9001,#8985,#9002,.F.);
#7242=EDGE_CURVE('',#8999,#9001,#9003,.T.);
#7243=EDGE_CURVE('',#8999,#9004,#9005,.F.);
#7244=EDGE_CURVE('',#9006,#9001,#9007,.F.);
#7245=EDGE_CURVE('',#9006,#9004,#9008,.T.);
#7246=EDGE_CURVE('',#9009,#8767,#9010,.F.);
#7247=EDGE_CURVE('',#9004,#9009,#9011,.F.);
#7248=EDGE_CURVE('',#8774,#9006,#9012,.F.);
#7249=EDGE_CURVE('',#9013,#8718,#9014,.F.);
#7250=EDGE_CURVE('',#9015,#9013,#9016,.T.);
#7251=EDGE_CURVE('',#9015,#8619,#9017,.T.);
#7252=EDGE_CURVE('',#8800,#8619,#9018,.F.);
#7253=EDGE_CURVE('',#8797,#8616,#9019,.T.);
#7254=EDGE_CURVE('',#9020,#8623,#9021,.T.);
#7255=EDGE_CURVE('',#9020,#9022,#9023,.T.);
#7256=EDGE_CURVE('',#9022,#8721,#9024,.F.);
#7257=EDGE_CURVE('',#8860,#8623,#9025,.F.);
#7258=EDGE_CURVE('',#8863,#8629,#9026,.T.);
#7259=EDGE_CURVE('',#9027,#8646,#9028,.T.);
#7260=EDGE_CURVE('',#9027,#9029,#9030,.T.);
#7261=EDGE_CURVE('',#9029,#8696,#9031,.F.);
#7262=EDGE_CURVE('',#8980,#8646,#9032,.F.);
#7263=EDGE_CURVE('',#8983,#8652,#9033,.T.);
#7264=EDGE_CURVE('',#9034,#8693,#9035,.F.);
#7265=EDGE_CURVE('',#9036,#9034,#9037,.T.);
#7266=EDGE_CURVE('',#9036,#8678,#9038,.T.);
#7267=EDGE_CURVE('',#8916,#8678,#9039,.F.);
#7268=EDGE_CURVE('',#8913,#8675,#9040,.T.);
#7269=EDGE_CURVE('',#9006,#8681,#9041,.F.);
#7270=EDGE_CURVE('',#9001,#8683,#9042,.F.);
#7271=EDGE_CURVE('',#8985,#8685,#9043,.F.);
#7272=EDGE_CURVE('',#8955,#8688,#9044,.F.);
#7273=EDGE_CURVE('',#8950,#8689,#9045,.F.);
#7274=EDGE_CURVE('',#8943,#8691,#9046,.F.);
#7275=EDGE_CURVE('',#8941,#8693,#9047,.F.);
#7276=EDGE_CURVE('',#8965,#8696,#9048,.F.);
#7277=EDGE_CURVE('',#8960,#8698,#9049,.F.);
#7278=EDGE_CURVE('',#8909,#8701,#9050,.F.);
#7279=EDGE_CURVE('',#8904,#8703,#9051,.F.);
#7280=EDGE_CURVE('',#8897,#8705,#9052,.F.);
#7281=EDGE_CURVE('',#8888,#8708,#9053,.F.);
#7282=EDGE_CURVE('',#8883,#8710,#9054,.F.);
#7283=EDGE_CURVE('',#8865,#8712,#9055,.F.);
#7284=EDGE_CURVE('',#8832,#8716,#9056,.F.);
#7285=EDGE_CURVE('',#8825,#8715,#9057,.F.);
#7286=EDGE_CURVE('',#8823,#8718,#9058,.F.);
#7287=EDGE_CURVE('',#8847,#8721,#9059,.F.);
#7288=EDGE_CURVE('',#8842,#8723,#9060,.F.);
#7289=EDGE_CURVE('',#8837,#8725,#9061,.F.);
#7290=EDGE_CURVE('',#8791,#8728,#9062,.F.);
#7291=EDGE_CURVE('',#8786,#8730,#9063,.F.);
#7292=EDGE_CURVE('',#8781,#8732,#9064,.F.);
#7293=EDGE_CURVE('',#8802,#9015,#9065,.F.);
#7294=EDGE_CURVE('',#9066,#9066,#9067,.T.);
#7295=EDGE_CURVE('',#8818,#9013,#9068,.F.);
#7296=EDGE_CURVE('',#8849,#9022,#9069,.F.);
#7297=EDGE_CURVE('',#8856,#9020,#9070,.F.);
#7298=EDGE_CURVE('',#9071,#9071,#9072,.T.);
#7299=EDGE_CURVE('',#8918,#9036,#9073,.F.);
#7300=EDGE_CURVE('',#9074,#9074,#9075,.T.);
#7301=EDGE_CURVE('',#8936,#9034,#9076,.F.);
#7302=EDGE_CURVE('',#8967,#9029,#9077,.F.);
#7303=EDGE_CURVE('',#8974,#9027,#9078,.F.);
#7304=EDGE_CURVE('',#9079,#9079,#9080,.T.);
#7305=EDGE_CURVE('',#8920,#8517,#9081,.F.);
#7306=EDGE_CURVE('',#8934,#8519,#9082,.F.);
#7307=EDGE_CURVE('',#8939,#8521,#9083,.F.);
#7308=EDGE_CURVE('',#8945,#8524,#9084,.F.);
#7309=EDGE_CURVE('',#8948,#8526,#9085,.F.);
#7310=EDGE_CURVE('',#8953,#8528,#9086,.F.);
#7311=EDGE_CURVE('',#8958,#8530,#9087,.F.);
#7312=EDGE_CURVE('',#8963,#8532,#9088,.F.);
#7313=EDGE_CURVE('',#8969,#8535,#9089,.F.);
#7314=EDGE_CURVE('',#8972,#8537,#9090,.F.);
#7315=EDGE_CURVE('',#8867,#8444,#9091,.F.);
#7316=EDGE_CURVE('',#8881,#8446,#9092,.F.);
#7317=EDGE_CURVE('',#8886,#8448,#9093,.F.);
#7318=EDGE_CURVE('',#8891,#8450,#9094,.F.);
#7319=EDGE_CURVE('',#8745,#8453,#9095,.F.);
#7320=EDGE_CURVE('',#8744,#8455,#9096,.F.);
#7321=EDGE_CURVE('',#8750,#8458,#9097,.F.);
#7322=EDGE_CURVE('',#8748,#8461,#9098,.F.);
#7323=EDGE_CURVE('',#8895,#8463,#9099,.F.);
#7324=EDGE_CURVE('',#8899,#8466,#9100,.F.);
#7325=EDGE_CURVE('',#8902,#8468,#9101,.F.);
#7326=EDGE_CURVE('',#8907,#8470,#9102,.F.);
#7327=EDGE_CURVE('',#8326,#8789,#9103,.T.);
#7328=EDGE_CURVE('',#8332,#8784,#9104,.T.);
#7329=EDGE_CURVE('',#8330,#8777,#9105,.T.);
#7330=EDGE_CURVE('',#8319,#8778,#9106,.T.);
#7331=EDGE_CURVE('',#8320,#8763,#9107,.T.);
#7332=EDGE_CURVE('',#8323,#8762,#9108,.T.);
#7333=EDGE_CURVE('',#8593,#8765,#9109,.T.);
#7334=EDGE_CURVE('',#8594,#8767,#9110,.T.);
#7335=EDGE_CURVE('',#8585,#9009,#9111,.T.);
#7336=EDGE_CURVE('',#8584,#9004,#9112,.T.);
#7337=EDGE_CURVE('',#8590,#8999,#9113,.T.);
#7338=EDGE_CURVE('',#8588,#8977,#9114,.T.);
#7339=EDGE_CURVE('',#7661,#7523,#9115,.F.);
#7340=EDGE_CURVE('',#7671,#7525,#9116,.F.);
#7341=EDGE_CURVE('',#7667,#7517,#9117,.F.);
#7342=EDGE_CURVE('',#7664,#7519,#9118,.F.);
#7343=EDGE_CURVE('',#8794,#8377,#9119,.F.);
#7344=EDGE_CURVE('',#8816,#8379,#9120,.F.);
#7345=EDGE_CURVE('',#8821,#8381,#9121,.F.);
#7346=EDGE_CURVE('',#8827,#8384,#9122,.F.);
#7347=EDGE_CURVE('',#8830,#8386,#9123,.F.);
#7348=EDGE_CURVE('',#8835,#8388,#9124,.F.);
#7349=EDGE_CURVE('',#8840,#8390,#9125,.F.);
#7350=EDGE_CURVE('',#8845,#8392,#9126,.F.);
#7351=EDGE_CURVE('',#8851,#8395,#9127,.F.);
#7352=EDGE_CURVE('',#8854,#8397,#9128,.F.);
#7353=VERTEX_POINT('',#9129);
#7354=VERTEX_POINT('',#9130);
#7355=LINE('',#9131,#9132);
#7356=VERTEX_POINT('',#9134);
#7357=LINE('',#9135,#9136);
#7358=VERTEX_POINT('',#9138);
#7359=LINE('',#9139,#9140);
#7360=VERTEX_POINT('',#9142);
#7361=LINE('',#9143,#9144);
#7362=VERTEX_POINT('',#9146);
#7363=LINE('',#9147,#9148);
#7364=VERTEX_POINT('',#9150);
#7365=LINE('',#9151,#9152);
#7366=VERTEX_POINT('',#9154);
#7367=LINE('',#9155,#9156);
#7368=VERTEX_POINT('',#9158);
#7369=LINE('',#9159,#9160);
#7370=VERTEX_POINT('',#9162);
#7371=LINE('',#9163,#9164);
#7372=VERTEX_POINT('',#9166);
#7373=LINE('',#9167,#9168);
#7374=VERTEX_POINT('',#9170);
#7375=LINE('',#9171,#9172);
#7376=LINE('',#9174,#9175);
#7377=VERTEX_POINT('',#9177);
#7378=VERTEX_POINT('',#9178);
#7379=LINE('',#9179,#9180);
#7380=VERTEX_POINT('',#9182);
#7381=LINE('',#9183,#9184);
#7382=VERTEX_POINT('',#9186);
#7383=LINE('',#9187,#9188);
#7384=LINE('',#9190,#9191);
#7385=LINE('',#9193,#9194);
#7386=VERTEX_POINT('',#9196);
#7387=VERTEX_POINT('',#9197);
#7388=LINE('',#9198,#9199);
#7389=LINE('',#9201,#9202);
#7390=VERTEX_POINT('',#9204);
#7391=LINE('',#9205,#9206);
#7392=VERTEX_POINT('',#9208);
#7393=LINE('',#9209,#9210);
#7394=LINE('',#9212,#9213);
#7395=VERTEX_POINT('',#9215);
#7396=VERTEX_POINT('',#9216);
#7397=LINE('',#9217,#9218);
#7398=LINE('',#9220,#9221);
#7399=VERTEX_POINT('',#9223);
#7400=LINE('',#9224,#9225);
#7401=VERTEX_POINT('',#9227);
#7402=LINE('',#9228,#9229);
#7403=LINE('',#9231,#9232);
#7404=VERTEX_POINT('',#9234);
#7405=VERTEX_POINT('',#9235);
#7406=LINE('',#9236,#9237);
#7407=VERTEX_POINT('',#9239);
#7408=LINE('',#9240,#9241);
#7409=VERTEX_POINT('',#9243);
#7410=LINE('',#9244,#9245);
#7411=LINE('',#9247,#9248);
#7412=LINE('',#9250,#9251);
#7413=VERTEX_POINT('',#9253);
#7414=VERTEX_POINT('',#9254);
#7415=CIRCLE('',#9255,15.3972095242992);
#7416=VERTEX_POINT('',#9259);
#7417=LINE('',#9260,#9261);
#7418=VERTEX_POINT('',#9263);
#7419=CIRCLE('',#9264,4.9);
#7420=VERTEX_POINT('',#9268);
#7421=LINE('',#9269,#9270);
#7422=VERTEX_POINT('',#9272);
#7423=CIRCLE('',#9273,4.35);
#7424=VERTEX_POINT('',#9277);
#7425=LINE('',#9278,#9279);
#7426=VERTEX_POINT('',#9281);
#7427=CIRCLE('',#9282,6.7);
#7428=VERTEX_POINT('',#9286);
#7429=LINE('',#9287,#9288);
#7430=VERTEX_POINT('',#9290);
#7431=CIRCLE('',#9291,4.35);
#7432=VERTEX_POINT('',#9295);
#7433=LINE('',#9296,#9297);
#7434=VERTEX_POINT('',#9299);
#7435=CIRCLE('',#9300,4.9);
#7436=VERTEX_POINT('',#9304);
#7437=LINE('',#9305,#9306);
#7438=VERTEX_POINT('',#9308);
#7439=CIRCLE('',#9309,35.753297811363);
#7440=VERTEX_POINT('',#9313);
#7441=LINE('',#9314,#9315);
#7442=VERTEX_POINT('',#9317);
#7443=CIRCLE('',#9318,4.9);
#7444=VERTEX_POINT('',#9322);
#7445=LINE('',#9323,#9324);
#7446=VERTEX_POINT('',#9326);
#7447=CIRCLE('',#9327,4.35);
#7448=VERTEX_POINT('',#9331);
#7449=LINE('',#9332,#9333);
#7450=VERTEX_POINT('',#9335);
#7451=CIRCLE('',#9336,6.7);
#7452=VERTEX_POINT('',#9340);
#7453=LINE('',#9341,#9342);
#7454=VERTEX_POINT('',#9344);
#7455=CIRCLE('',#9345,4.35);
#7456=VERTEX_POINT('',#9349);
#7457=LINE('',#9350,#9351);
#7458=VERTEX_POINT('',#9353);
#7459=CIRCLE('',#9354,4.9);
#7460=VERTEX_POINT('',#9358);
#7461=LINE('',#9359,#9360);
#7462=VERTEX_POINT('',#9362);
#7463=CIRCLE('',#9363,15.3972095242992);
#7464=VERTEX_POINT('',#9367);
#7465=LINE('',#9368,#9369);
#7466=VERTEX_POINT('',#9371);
#7467=CIRCLE('',#9372,15.3972095242992);
#7468=VERTEX_POINT('',#9376);
#7469=LINE('',#9377,#9378);
#7470=VERTEX_POINT('',#9380);
#7471=CIRCLE('',#9381,4.9);
#7472=VERTEX_POINT('',#9385);
#7473=LINE('',#9386,#9387);
#7474=VERTEX_POINT('',#9389);
#7475=CIRCLE('',#9390,4.35);
#7476=VERTEX_POINT('',#9394);
#7477=LINE('',#9395,#9396);
#7478=VERTEX_POINT('',#9398);
#7479=CIRCLE('',#9399,6.7);
#7480=VERTEX_POINT('',#9403);
#7481=LINE('',#9404,#9405);
#7482=VERTEX_POINT('',#9407);
#7483=CIRCLE('',#9408,4.35);
#7484=VERTEX_POINT('',#9412);
#7485=LINE('',#9413,#9414);
#7486=VERTEX_POINT('',#9416);
#7487=CIRCLE('',#9417,4.9);
#7488=VERTEX_POINT('',#9421);
#7489=LINE('',#9422,#9423);
#7490=VERTEX_POINT('',#9425);
#7491=CIRCLE('',#9426,35.753297811363);
#7492=VERTEX_POINT('',#9430);
#7493=LINE('',#9431,#9432);
#7494=VERTEX_POINT('',#9434);
#7495=CIRCLE('',#9435,4.9);
#7496=VERTEX_POINT('',#9439);
#7497=LINE('',#9440,#9441);
#7498=VERTEX_POINT('',#9443);
#7499=CIRCLE('',#9444,4.35);
#7500=VERTEX_POINT('',#9448);
#7501=LINE('',#9449,#9450);
#7502=VERTEX_POINT('',#9452);
#7503=CIRCLE('',#9453,6.7);
#7504=VERTEX_POINT('',#9457);
#7505=LINE('',#9458,#9459);
#7506=VERTEX_POINT('',#9461);
#7507=CIRCLE('',#9462,4.35);
#7508=VERTEX_POINT('',#9466);
#7509=LINE('',#9467,#9468);
#7510=VERTEX_POINT('',#9470);
#7511=CIRCLE('',#9471,4.9);
#7512=VERTEX_POINT('',#9475);
#7513=LINE('',#9476,#9477);
#7514=VERTEX_POINT('',#9479);
#7515=CIRCLE('',#9480,15.3972095242992);
#7516=LINE('',#9484,#9485);
#7517=VERTEX_POINT('',#9487);
#7518=LINE('',#9488,#9489);
#7519=VERTEX_POINT('',#9491);
#7520=LINE('',#9492,#9493);
#7521=LINE('',#9495,#9496);
#7522=LINE('',#9498,#9499);
#7523=VERTEX_POINT('',#9501);
#7524=LINE('',#9502,#9503);
#7525=VERTEX_POINT('',#9505);
#7526=LINE('',#9506,#9507);
#7527=LINE('',#9509,#9510);
#7528=LINE('',#9512,#9513);
#7529=VERTEX_POINT('',#9515);
#7530=CIRCLE('',#9516,1.85);
#7531=VERTEX_POINT('',#9520);
#7532=VERTEX_POINT('',#9521);
#7533=LINE('',#9522,#9523);
#7534=VERTEX_POINT('',#9525);
#7535=LINE('',#9526,#9527);
#7536=VERTEX_POINT('',#9529);
#7537=LINE('',#9530,#9531);
#7538=VERTEX_POINT('',#9533);
#7539=LINE('',#9534,#9535);
#7540=VERTEX_POINT('',#9537);
#7541=LINE('',#9538,#9539);
#7542=VERTEX_POINT('',#9541);
#7543=LINE('',#9542,#9543);
#7544=VERTEX_POINT('',#9545);
#7545=CIRCLE('',#9546,1.73205080757921);
#7546=VERTEX_POINT('',#9550);
#7547=LINE('',#9551,#9552);
#7548=VERTEX_POINT('',#9554);
#7549=CIRCLE('',#9555,2.5966922417044);
#7550=VERTEX_POINT('',#9559);
#7551=CIRCLE('',#9560,38.5532978113629);
#7552=VERTEX_POINT('',#9564);
#7553=CIRCLE('',#9565,2.5966922417044);
#7554=VERTEX_POINT('',#9569);
#7555=LINE('',#9570,#9571);
#7556=VERTEX_POINT('',#9573);
#7557=CIRCLE('',#9574,1.73205080757921);
#7558=LINE('',#9578,#9579);
#7559=VERTEX_POINT('',#9581);
#7560=VERTEX_POINT('',#9582);
#7561=CIRCLE('',#9583,2.33358574029008);
#7562=VERTEX_POINT('',#9587);
#7563=LINE('',#9588,#9589);
#7564=VERTEX_POINT('',#9591);
#7565=(BOUNDED_CURVE()B_SPLINE_CURVE(2,
(#9592,#9593,#9594),
.UNSPECIFIED.,.F.,.F.)B_SPLINE_CURVE_WITH_KNOTS((3,3),
(0.,1.),
.UNSPECIFIED.)CURVE()GEOMETRIC_REPRESENTATION_ITEM()RATIONAL_B_SPLINE_CURVE((1.,
0.642787609686688,1.))REPRESENTATION_ITEM(''));
#7566=VERTEX_POINT('',#9595);
#7567=LINE('',#9596,#9597);
#7568=VERTEX_POINT('',#9599);
#7569=CIRCLE('',#9600,1.95604878944503);
#7570=VERTEX_POINT('',#9604);
#7571=CIRCLE('',#9605,38.5532978113629);
#7572=VERTEX_POINT('',#9609);
#7573=LINE('',#9610,#9611);
#7574=VERTEX_POINT('',#9613);
#7575=CIRCLE('',#9614,2.33358574029008);
#7576=LINE('',#9618,#9619);
#7577=VERTEX_POINT('',#9621);
#7578=VERTEX_POINT('',#9622);
#7579=LINE('',#9623,#9624);
#7580=VERTEX_POINT('',#9626);
#7581=CIRCLE('',#9627,2.33358574029008);
#7582=VERTEX_POINT('',#9631);
#7583=LINE('',#9632,#9633);
#7584=VERTEX_POINT('',#9635);
#7585=CIRCLE('',#9636,38.5532978113629);
#7586=VERTEX_POINT('',#9640);
#7587=CIRCLE('',#9641,1.95604878944503);
#7588=VERTEX_POINT('',#9645);
#7589=LINE('',#9646,#9647);
#7590=VERTEX_POINT('',#9649);
#7591=(BOUNDED_CURVE()B_SPLINE_CURVE(2,
(#9650,#9651,#9652),
.UNSPECIFIED.,.F.,.F.)B_SPLINE_CURVE_WITH_KNOTS((3,3),
(0.,1.),
.UNSPECIFIED.)CURVE()GEOMETRIC_REPRESENTATION_ITEM()RATIONAL_B_SPLINE_CURVE((1.,
0.642787609686688,1.))REPRESENTATION_ITEM(''));
#7592=VERTEX_POINT('',#9653);
#7593=LINE('',#9654,#9655);
#7594=CIRCLE('',#9657,2.33358574029008);
#7595=VERTEX_POINT('',#9661);
#7596=VERTEX_POINT('',#9662);
#7597=LINE('',#9663,#9664);
#7598=VERTEX_POINT('',#9666);
#7599=CIRCLE('',#9667,1.73205080757921);
#7600=VERTEX_POINT('',#9671);
#7601=LINE('',#9672,#9673);
#7602=VERTEX_POINT('',#9675);
#7603=CIRCLE('',#9676,2.5966922417044);
#7604=VERTEX_POINT('',#9680);
#7605=CIRCLE('',#9681,38.5532978113629);
#7606=VERTEX_POINT('',#9685);
#7607=CIRCLE('',#9686,2.5966922417044);
#7608=VERTEX_POINT('',#9690);
#7609=LINE('',#9691,#9692);
#7610=VERTEX_POINT('',#9694);
#7611=CIRCLE('',#9695,1.73205080757921);
#7612=VERTEX_POINT('',#9699);
#7613=LINE('',#9700,#9701);
#7614=VERTEX_POINT('',#9703);
#7615=LINE('',#9704,#9705);
#7616=VERTEX_POINT('',#9707);
#7617=LINE('',#9708,#9709);
#7618=VERTEX_POINT('',#9711);
#7619=LINE('',#9712,#9713);
#7620=VERTEX_POINT('',#9715);
#7621=LINE('',#9716,#9717);
#7622=LINE('',#9719,#9720);
#7623=VERTEX_POINT('',#9722);
#7624=VERTEX_POINT('',#9723);
#7625=LINE('',#9724,#9725);
#7626=VERTEX_POINT('',#9727);
#7627=CIRCLE('',#9728,2.33358574029008);
#7628=VERTEX_POINT('',#9732);
#7629=LINE('',#9733,#9734);
#7630=VERTEX_POINT('',#9736);
#7631=CIRCLE('',#9737,38.5532978113629);
#7632=VERTEX_POINT('',#9741);
#7633=CIRCLE('',#9742,1.95604878944503);
#7634=VERTEX_POINT('',#9746);
#7635=LINE('',#9747,#9748);
#7636=VERTEX_POINT('',#9750);
#7637=(BOUNDED_CURVE()B_SPLINE_CURVE(2,
(#9751,#9752,#9753),
.UNSPECIFIED.,.F.,.F.)B_SPLINE_CURVE_WITH_KNOTS((3,3),
(0.,1.),
.UNSPECIFIED.)CURVE()GEOMETRIC_REPRESENTATION_ITEM()RATIONAL_B_SPLINE_CURVE((1.,
0.642787609686688,1.))REPRESENTATION_ITEM(''));
#7638=VERTEX_POINT('',#9754);
#7639=LINE('',#9755,#9756);
#7640=CIRCLE('',#9758,2.33358574029008);
#7641=VERTEX_POINT('',#9762);
#7642=VERTEX_POINT('',#9763);
#7643=CIRCLE('',#9764,2.33358574029008);
#7644=VERTEX_POINT('',#9768);
#7645=LINE('',#9769,#9770);
#7646=VERTEX_POINT('',#9772);
#7647=(BOUNDED_CURVE()B_SPLINE_CURVE(2,
(#9773,#9774,#9775),
.UNSPECIFIED.,.F.,.F.)B_SPLINE_CURVE_WITH_KNOTS((3,3),
(0.,1.),
.UNSPECIFIED.)CURVE()GEOMETRIC_REPRESENTATION_ITEM()RATIONAL_B_SPLINE_CURVE((1.,
0.642787609686688,1.))REPRESENTATION_ITEM(''));
#7648=VERTEX_POINT('',#9776);
#7649=LINE('',#9777,#9778);
#7650=VERTEX_POINT('',#9780);
#7651=CIRCLE('',#9781,1.95604878944503);
#7652=VERTEX_POINT('',#9785);
#7653=CIRCLE('',#9786,38.5532978113629);
#7654=VERTEX_POINT('',#9790);
#7655=LINE('',#9791,#9792);
#7656=VERTEX_POINT('',#9794);
#7657=CIRCLE('',#9795,2.33358574029008);
#7658=LINE('',#9799,#9800);
#7659=VERTEX_POINT('',#9802);
#7660=CIRCLE('',#9803,1.85);
#7661=VERTEX_POINT('',#9807);
#7662=LINE('',#9808,#9809);
#7663=LINE('',#9811,#9812);
#7664=VERTEX_POINT('',#9814);
#7665=LINE('',#9815,#9816);
#7666=LINE('',#9818,#9819);
#7667=VERTEX_POINT('',#9821);
#7668=LINE('',#9822,#9823);
#7669=LINE('',#9825,#9826);
#7670=LINE('',#9828,#9829);
#7671=VERTEX_POINT('',#9831);
#7672=LINE('',#9832,#9833);
#7673=LINE('',#9835,#9836);
#7674=LINE('',#9838,#9839);
#7675=VERTEX_POINT('',#9841);
#7676=LINE('',#9842,#9843);
#7677=VERTEX_POINT('',#9845);
#7678=LINE('',#9846,#9847);
#7679=LINE('',#9849,#9850);
#7680=VERTEX_POINT('',#9852);
#7681=LINE('',#9853,#9854);
#7682=VERTEX_POINT('',#9856);
#7683=LINE('',#9857,#9858);
#7684=LINE('',#9860,#9861);
#7685=VERTEX_POINT('',#9863);
#7686=LINE('',#9864,#9865);
#7687=VERTEX_POINT('',#9867);
#7688=LINE('',#9868,#9869);
#7689=VERTEX_POINT('',#9871);
#7690=LINE('',#9872,#9873);
#7691=VERTEX_POINT('',#9875);
#7692=LINE('',#9876,#9877);
#7693=VERTEX_POINT('',#9879);
#7694=LINE('',#9880,#9881);
#7695=VERTEX_POINT('',#9883);
#7696=LINE('',#9884,#9885);
#7697=VERTEX_POINT('',#9887);
#7698=LINE('',#9888,#9889);
#7699=VERTEX_POINT('',#9891);
#7700=LINE('',#9892,#9893);
#7701=LINE('',#9895,#9896);
#7702=VERTEX_POINT('',#9898);
#7703=LINE('',#9899,#9900);
#7704=LINE('',#9902,#9903);
#7705=VERTEX_POINT('',#9905);
#7706=VERTEX_POINT('',#9906);
#7707=LINE('',#9907,#9908);
#7708=LINE('',#9910,#9911);
#7709=LINE('',#9913,#9914);
#7710=VERTEX_POINT('',#9916);
#7711=LINE('',#9917,#9918);
#7712=VERTEX_POINT('',#9920);
#7713=LINE('',#9921,#9922);
#7714=VERTEX_POINT('',#9924);
#7715=LINE('',#9925,#9926);
#7716=VERTEX_POINT('',#9928);
#7717=LINE('',#9929,#9930);
#7718=VERTEX_POINT('',#9932);
#7719=LINE('',#9933,#9934);
#7720=VERTEX_POINT('',#9936);
#7721=LINE('',#9937,#9938);
#7722=VERTEX_POINT('',#9940);
#7723=LINE('',#9941,#9942);
#7724=LINE('',#9944,#9945);
#7725=VERTEX_POINT('',#9947);
#7726=LINE('',#9948,#9949);
#7727=LINE('',#9951,#9952);
#7728=VERTEX_POINT('',#9954);
#7729=LINE('',#9955,#9956);
#7730=LINE('',#9958,#9959);
#7731=VERTEX_POINT('',#9961);
#7732=VERTEX_POINT('',#9962);
#7733=CIRCLE('',#9963,14.1972095242992);
#7734=LINE('',#9967,#9968);
#7735=LINE('',#9970,#9971);
#7736=VERTEX_POINT('',#9973);
#7737=LINE('',#9974,#9975);
#7738=LINE('',#9977,#9978);
#7739=VERTEX_POINT('',#9980);
#7740=CIRCLE('',#9981,6.1);
#7741=B_SPLINE_CURVE_WITH_KNOTS('',3,
(#9985,#9986,#9987,#9988,#9989,#9990,#9991),
.UNSPECIFIED.,.F.,.F.,
(4,1,1,1,4),
(0.,0.23529414863027,0.470588307589226,0.725490258045802,1.),
.UNSPECIFIED.);
#7742=VERTEX_POINT('',#9992);
#7743=B_SPLINE_CURVE_WITH_KNOTS('',3,
(#9993,#9994,#9995,#9996,#9997,#9998,#9999,#10000,#10001,#10002,#10003,#10004,#10005,
#10006,#10007,#10008,#10009),
.UNSPECIFIED.,.F.,.F.,
(4,1,1,1,1,1,1,1,1,1,1,1,1,1,4),
(0.,0.081831376337081,0.153384285364892,0.218014699060316,0.28497339895446,0.353795108141009,
0.422966997662832,0.492460586272157,0.56272014270236,0.631610883766858,0.700641496170178,
0.771372298344161,0.842461760598952,0.919184097903866,1.),
.UNSPECIFIED.);
#7744=VERTEX_POINT('',#10010);
#7745=LINE('',#10011,#10012);
#7746=B_SPLINE_CURVE_WITH_KNOTS('',3,
(#10014,#10015,#10016,#10017,#10018,#10019,#10020,#10021,#10022,#10023,#10024,#10025,
#10026,#10027,#10028,#10029,#10030,#10031,#10032,#10033,#10034,#10035,#10036,#10037,
#10038,#10039,#10040,#10041,#10042,#10043,#10044,#10045,#10046,#10047,#10048,#10049,
#10050,#10051,#10052,#10053,#10054,#10055,#10056,#10057,#10058,#10059,#10060,#10061,
#10062,#10063,#10064,#10065,#10066,#10067,#10068),
.UNSPECIFIED.,.F.,.F.,
(4,1,1,1,1,1,1,1,1,1,1,1,1,1,1,1,1,1,1,1,1,1,1,1,1,1,1,1,1,1,1,1,1,1,1,1,1,1,1,1,
1,1,1,1,1,1,1,1,1,1,1,1,4),
(0.,0.0172767073602058,0.034443539317187,0.0515135453613271,0.0684697954860672,0.0854007768401788,
0.102247579392977,0.119026318372615,0.135694285654035,0.152326526902422,0.168825659744511,
0.185226222046618,0.201459907926147,0.217628240308562,0.233628587162323,0.249527597549288,
0.270517196344486,0.293031855268333,0.307144652065479,0.317071411044279,0.344043729584747,
0.377419633763602,0.411324844644832,0.439151314548911,0.472764926026541,0.521964118234929,
0.57280103141683,0.613603184615273,0.644893706996787,0.677204607654644,0.705802918122798,
0.72629116086646,0.742350438003045,0.75863149670317,0.775050017389696,0.791393980125427,
0.807237406450515,0.822641822678774,0.841820597503074,0.859844437244794,0.876745898500679,
0.891379808865486,0.905229285455592,0.91828816894049,0.927457820674119,0.936605374434135,
0.94571310205282,0.954798990409652,0.96385435352135,0.972903886024579,0.981939663195358,
0.99097150919217,1.),
.UNSPECIFIED.);
#7747=VERTEX_POINT('',#10069);
#7748=VERTEX_POINT('',#10070);
#7749=CIRCLE('',#10071,4.35);
#7750=VERTEX_POINT('',#10075);
#7751=LINE('',#10076,#10077);
#7752=B_SPLINE_CURVE_WITH_KNOTS('',3,
(#10079,#10080,#10081,#10082,#10083,#10084,#10085,#10086,#10087,#10088,#10089,#10090,
#10091,#10092,#10093,#10094,#10095,#10096,#10097,#10098,#10099,#10100,#10101,#10102,
#10103,#10104,#10105,#10106,#10107,#10108,#10109,#10110,#10111,#10112,#10113,#10114,
#10115,#10116,#10117,#10118,#10119,#10120,#10121,#10122,#10123,#10124,#10125,#10126,
#10127,#10128,#10129,#10130,#10131,#10132,#10133,#10134,#10135,#10136,#10137,#10138,
#10139),
.UNSPECIFIED.,.F.,.F.,
(4,1,1,1,1,1,1,1,1,1,1,1,1,1,1,1,1,1,1,1,1,1,1,1,1,1,1,1,1,1,1,1,1,1,1,1,1,1,1,1,
1,1,1,1,1,1,1,1,1,1,1,1,1,1,1,1,1,1,4),
(0.,0.0112453647082707,0.0225295904431905,0.0338537208738358,0.0452671157492698,
0.0567239140289892,0.0696828412112227,0.0840978818870467,0.105538211640438,0.127233090491809,
0.149156284845634,0.164483419371462,0.178552040352248,0.191369417595403,0.204201199794637,
0.217008028137481,0.22977144931361,0.242456349808848,0.255114871108922,0.267648644043551,
0.280089845535133,0.292373894417278,0.304590772736407,0.316518949044703,0.328235330971437,
0.343246404397853,0.357812068428113,0.371923713459312,0.381955187598228,0.391860298207015,
0.402337936284279,0.413511041412114,0.430883040344447,0.45049491928964,0.472329801191145,
0.498801376504367,0.535278033286921,0.581614650998646,0.629655017648245,0.674310149806507,
0.708228782428061,0.731686754025049,0.750745558440284,0.772966751791008,0.794270602087418,
0.811590184718901,0.824955150752037,0.838441654871439,0.852244367106024,0.866237510145411,
0.880499900130396,0.894839731630296,0.909408547181544,0.924124063954581,0.939046781813268,
0.954046543693244,0.969236167226138,0.984550594039399,1.),
.UNSPECIFIED.);
#7753=VERTEX_POINT('',#10140);
#7754=B_SPLINE_CURVE_WITH_KNOTS('',3,
(#10141,#10142,#10143,#10144,#10145,#10146,#10147,#10148,#10149,#10150,#10151,#10152,
#10153,#10154,#10155,#10156,#10157,#10158,#10159,#10160,#10161,#10162,#10163,#10164,
#10165,#10166,#10167,#10168,#10169,#10170,#10171,#10172,#10173,#10174,#10175,#10176,
#10177,#10178,#10179,#10180,#10181,#10182,#10183,#10184,#10185,#10186,#10187,#10188,
#10189,#10190,#10191,#10192,#10193,#10194,#10195,#10196,#10197,#10198),
.UNSPECIFIED.,.F.,.F.,
(4,1,1,1,1,1,1,1,1,1,1,1,1,1,1,1,1,1,1,1,1,1,1,1,1,1,1,1,1,1,1,1,1,1,1,1,1,1,1,1,
1,1,1,1,1,1,1,1,1,1,1,1,1,1,1,4),
(0.,0.0172766892643874,0.0344435032345766,0.0515134913856276,0.0684697237209177,
0.0854006873001843,0.10224747212844,0.119026193418287,0.135694143063256,0.152326366667535,
0.168825481980772,0.185226026867344,0.201459695565446,0.217628010898862,0.233628341063906,
0.249527335041874,0.270516912657493,0.293031549045253,0.307144330308334,0.31707108076987,
0.344043370997159,0.377419237002723,0.411324406754281,0.439150842696343,0.472764424571557,
0.521963585002922,0.572800460844245,0.613602516473556,0.644892953999984,0.672221765306868,
0.695535374975514,0.710691053563959,0.726156399861135,0.742137398168554,0.758329114230629,
0.774646954108504,0.790888610448346,0.806629613665175,0.821932462271183,0.83640837636169,
0.850493748277513,0.863455021627809,0.87568847481296,0.886821120487624,0.897587518020801,
0.907605170169926,0.917239348892909,0.926478179023799,0.935703180155361,0.94490703665306,
0.954100521058053,0.963280660649919,0.972460653447381,0.981638342507677,0.990817919038323,
1.),
.UNSPECIFIED.);
#7755=VERTEX_POINT('',#10199);
#7756=LINE('',#10200,#10201);
#7757=VERTEX_POINT('',#10203);
#7758=CIRCLE('',#10204,4.35);
#7759=VERTEX_POINT('',#10208);
#7760=LINE('',#10209,#10210);
#7761=B_SPLINE_CURVE_WITH_KNOTS('',3,
(#10212,#10213,#10214,#10215,#10216,#10217,#10218,#10219,#10220,#10221,#10222,#10223,
#10224,#10225,#10226,#10227,#10228,#10229,#10230,#10231,#10232,#10233,#10234,#10235,
#10236,#10237,#10238,#10239,#10240,#10241,#10242,#10243,#10244,#10245,#10246,#10247,
#10248,#10249,#10250,#10251,#10252,#10253,#10254,#10255,#10256,#10257,#10258,#10259,
#10260,#10261,#10262,#10263,#10264,#10265,#10266,#10267,#10268,#10269,#10270,#10271,
#10272),
.UNSPECIFIED.,.F.,.F.,
(4,1,1,1,1,1,1,1,1,1,1,1,1,1,1,1,1,1,1,1,1,1,1,1,1,1,1,1,1,1,1,1,1,1,1,1,1,1,1,1,
1,1,1,1,1,1,1,1,1,1,1,1,1,1,1,1,1,1,4),
(0.,0.0112453647082706,0.0225295904431907,0.0338537208738357,0.0452671157492703,
0.0567239140289901,0.0696828412112232,0.0840978818870485,0.105538211640439,0.12723309049181,
0.149156284845635,0.164483419371462,0.178552040352248,0.191369417595404,0.204201199794639,
0.217008028137483,0.229771449313616,0.242456349808854,0.255114871108929,0.267648644043555,
0.280089845535137,0.292373894417284,0.304590772736409,0.3165189490447,0.328235330971435,
0.343246404397851,0.357812068428113,0.371923713459315,0.381955187598228,0.391860298207012,
0.402337936284281,0.413511041412111,0.430883040344446,0.450494919289639,0.472329801191145,
0.498801376504373,0.535278033286929,0.581614650998651,0.629655017648248,0.674310149806503,
0.708228782428058,0.731686754025048,0.750745558440284,0.772966751791004,0.794270602087419,
0.811590184718912,0.824955150752044,0.838441654871451,0.852244367106037,0.866237510145424,
0.880499900130405,0.894839731630306,0.909408547181558,0.924124063954594,0.939046781813282,
0.954046543693258,0.969236167226149,0.984550594039405,1.),
.UNSPECIFIED.);
#7762=LINE('',#10273,#10274);
#7763=VERTEX_POINT('',#10276);
#7764=B_SPLINE_CURVE_WITH_KNOTS('',3,
(#10277,#10278,#10279,#10280,#10281,#10282,#10283,#10284,#10285,#10286,#10287,#10288,
#10289,#10290,#10291,#10292,#10293,#10294,#10295,#10296,#10297,#10298,#10299,#10300,
#10301,#10302,#10303,#10304,#10305,#10306,#10307,#10308,#10309,#10310,#10311,#10312,
#10313,#10314,#10315,#10316),
.UNSPECIFIED.,.F.,.F.,
(4,1,1,1,1,1,1,1,1,1,1,1,1,1,1,1,1,1,1,1,1,1,1,1,1,1,1,1,1,1,1,1,1,1,1,1,1,4),
(0.,0.0233128455368614,0.04650769845376,0.0695960496739531,0.092481112219935,0.115251256642288,
0.137771741784221,0.160135771351061,0.18228779395362,0.204386952052717,0.22625086367366,
0.247951473940399,0.269392232304727,0.290745139595222,0.314180003667173,0.339784999731035,
0.381022212923101,0.435401901275591,0.489302073236644,0.529236228609172,0.553270681499285,
0.575051256855217,0.594575116899379,0.61410163956055,0.635910300136447,0.660029371653761,
0.695427734198161,0.730976225586061,0.766777181330191,0.798550486037326,0.828149149335999,
0.85557248647586,0.883045261430201,0.91052538969016,0.93794758099169,0.958494868818663,
0.979149376615285,1.),
.UNSPECIFIED.);
#7765=VERTEX_POINT('',#10317);
#7766=LINE('',#10318,#10319);
#7767=B_SPLINE_CURVE_WITH_KNOTS('',3,
(#10321,#10322,#10323,#10324,#10325,#10326,#10327,#10328,#10329,#10330,#10331,#10332,
#10333),
.UNSPECIFIED.,.F.,.F.,
(4,1,1,1,1,1,1,1,1,1,4),
(0.,0.10777519901605,0.211945099736888,0.312438691411833,0.434386073914256,0.57631099850562,
0.709192842235615,0.807942480998454,0.874862020320026,0.938842041992378,1.),
.UNSPECIFIED.);
#7768=VERTEX_POINT('',#10334);
#7769=CIRCLE('',#10335,6.1);
#7770=B_SPLINE_CURVE_WITH_KNOTS('',3,
(#10339,#10340,#10341,#10342,#10343,#10344,#10345,#10346,#10347,#10348,#10349,#10350,
#10351,#10352,#10353,#10354,#10355,#10356,#10357,#10358,#10359,#10360,#10361,#10362,
#10363,#10364,#10365,#10366,#10367,#10368,#10369,#10370,#10371,#10372,#10373,#10374,
#10375,#10376,#10377,#10378,#10379),
.UNSPECIFIED.,.F.,.F.,
(4,1,1,1,1,1,1,1,1,1,1,1,1,1,1,1,1,1,1,1,1,1,1,1,1,1,1,1,1,1,1,1,1,1,1,1,1,1,4),
(0.,0.0233130561677638,0.0465081118098844,0.0695966580266898,0.0924819013779313,
0.115252219395178,0.137772858066985,0.160137027925911,0.182289171622226,0.204388444146175,
0.226252444055419,0.247953123478683,0.26939391873322,0.290746850154346,0.31418169571824,
0.339786643787368,0.381023716453894,0.435403195327589,0.489303149634053,0.52923714312035,
0.553271516214248,0.575052032565237,0.594575858601657,0.614102351611635,0.635910987754734,
0.660030035669864,0.695428362297676,0.730976812126488,0.766777719577126,0.798550969048152,
0.828149576182082,0.855572855207595,0.883045565474679,0.910525626439679,0.93794774910914,
0.953141572055633,0.958494983179081,0.97914943513974,1.),
.UNSPECIFIED.);
#7771=VERTEX_POINT('',#10380);
#7772=B_SPLINE_CURVE_WITH_KNOTS('',3,
(#10381,#10382,#10383,#10384,#10385,#10386,#10387,#10388,#10389,#10390,#10391,#10392,
#10393),
.UNSPECIFIED.,.F.,.F.,
(4,1,1,1,1,1,1,1,1,1,4),
(0.,0.0787234437047067,0.183498367995931,0.314491428311967,0.471583511803377,0.628602762568725,
0.753928186464709,0.84748579828979,0.903884613134501,0.954684967783477,1.),
.UNSPECIFIED.);
#7773=LINE('',#10394,#10395);
#7774=VERTEX_POINT('',#10397);
#7775=B_SPLINE_CURVE_WITH_KNOTS('',3,
(#10398,#10399,#10400,#10401,#10402,#10403,#10404,#10405,#10406,#10407,#10408,#10409,
#10410,#10411,#10412,#10413,#10414,#10415),
.UNSPECIFIED.,.F.,.F.,
(4,1,1,1,1,1,1,1,1,1,1,1,1,1,1,4),
(0.,0.0898023145646665,0.1679101078391,0.238124753085477,0.308685186577782,0.380226349404828,
0.448019965303704,0.517630252418975,0.586412786965816,0.656487219519178,0.724621183353149,
0.793204300882638,0.858172132127074,0.920648410684056,0.96696713583958,1.),
.UNSPECIFIED.);
#7776=LINE('',#10416,#10417);
#7777=VERTEX_POINT('',#10419);
#7778=VERTEX_POINT('',#10420);
#7779=CIRCLE('',#10421,6.1);
#7780=LINE('',#10425,#10426);
#7781=LINE('',#10428,#10429);
#7782=VERTEX_POINT('',#10431);
#7783=LINE('',#10432,#10433);
#7784=LINE('',#10435,#10436);
#7785=VERTEX_POINT('',#10438);
#7786=CIRCLE('',#10439,34.553297811363);
#7787=LINE('',#10443,#10444);
#7788=VERTEX_POINT('',#10446);
#7789=LINE('',#10447,#10448);
#7790=LINE('',#10450,#10451);
#7791=VERTEX_POINT('',#10453);
#7792=LINE('',#10454,#10455);
#7793=CIRCLE('',#10457,6.1);
#7794=VERTEX_POINT('',#10461);
#7795=VERTEX_POINT('',#10462);
#7796=LINE('',#10463,#10464);
#7797=B_SPLINE_CURVE_WITH_KNOTS('',3,
(#10466,#10467,#10468,#10469,#10470,#10471,#10472,#10473,#10474,#10475,#10476,#10477,
#10478,#10479,#10480,#10481,#10482,#10483,#10484,#10485,#10486,#10487,#10488,#10489,
#10490,#10491,#10492,#10493,#10494,#10495,#10496,#10497,#10498,#10499,#10500,#10501,
#10502,#10503,#10504,#10505,#10506,#10507,#10508,#10509,#10510,#10511,#10512,#10513,
#10514,#10515,#10516,#10517,#10518,#10519,#10520,#10521,#10522,#10523,#10524,#10525,
#10526),
.UNSPECIFIED.,.F.,.F.,
(4,1,1,1,1,1,1,1,1,1,1,1,1,1,1,1,1,1,1,1,1,1,1,1,1,1,1,1,1,1,1,1,1,1,1,1,1,1,1,1,
1,1,1,1,1,1,1,1,1,1,1,1,1,1,1,1,1,1,4),
(0.,0.0112453647082707,0.0225295904431904,0.0338537208738351,0.0452671157492698,
0.0567239140289891,0.0696828412112223,0.0840978818870474,0.105538211640439,0.127233090491809,
0.149156284845636,0.164483419371464,0.178552040352249,0.191369417595405,0.204201199794639,
0.217008028137482,0.229771449313613,0.242456349808851,0.255114871108925,0.267648644043553,
0.280089845535133,0.29237389441728,0.304590772736405,0.316518949044701,0.328235330971435,
0.343246404397853,0.357812068428116,0.371923713459315,0.381955187598232,0.391860298207018,
0.402337936284285,0.413511041412116,0.430883040344448,0.450494919289645,0.47232980119115,
0.498801376504371,0.53527803328692,0.58161465099864,0.62965501764824,0.674310149806495,
0.708228782428047,0.73168675402503,0.750745558440276,0.772966751790998,0.794270602087408,
0.811590184718896,0.824955150752032,0.838441654871436,0.852244367106028,0.866237510145415,
0.880499900130406,0.894839731630305,0.909408547181551,0.924124063954589,0.939046781813274,
0.954046543693249,0.969236167226147,0.984550594039401,1.),
.UNSPECIFIED.);
#7798=B_SPLINE_CURVE_WITH_KNOTS('',3,
(#10527,#10528,#10529,#10530,#10531,#10532,#10533,#10534,#10535,#10536,#10537,#10538,
#10539,#10540,#10541,#10542,#10543,#10544),
.UNSPECIFIED.,.F.,.F.,
(4,1,1,1,1,1,1,1,1,1,1,1,1,1,1,4),
(0.,0.0898023145613796,0.167910107832989,0.238124753078547,0.308685186570196,0.380226349397524,
0.448019965295711,0.517630252410792,0.586412786957175,0.656487219509285,0.724621183342796,
0.793204300871619,0.858172132116003,0.920648410671864,0.966967135831054,1.),
.UNSPECIFIED.);
#7799=VERTEX_POINT('',#10545);
#7800=VERTEX_POINT('',#10546);
#7801=LINE('',#10547,#10548);
#7802=B_SPLINE_CURVE_WITH_KNOTS('',3,
(#10550,#10551,#10552,#10553,#10554,#10555,#10556,#10557,#10558,#10559,#10560,#10561,
#10562,#10563,#10564,#10565,#10566,#10567,#10568,#10569,#10570,#10571,#10572,#10573,
#10574,#10575,#10576,#10577,#10578,#10579,#10580,#10581,#10582,#10583,#10584,#10585,
#10586,#10587,#10588,#10589,#10590,#10591,#10592,#10593,#10594,#10595,#10596,#10597,
#10598,#10599,#10600,#10601,#10602,#10603,#10604),
.UNSPECIFIED.,.F.,.F.,
(4,1,1,1,1,1,1,1,1,1,1,1,1,1,1,1,1,1,1,1,1,1,1,1,1,1,1,1,1,1,1,1,1,1,1,1,1,1,1,1,
1,1,1,1,1,1,1,1,1,1,1,1,4),
(0.,0.0172767073602034,0.0344435393171875,0.0515135453613289,0.0684697954860729,
0.0854007768401828,0.102247579392977,0.119026318372615,0.135694285654035,0.152326526902424,
0.168825659744513,0.185226222046614,0.20145990792614,0.217628240308554,0.233628587162318,
0.249527597549278,0.270517196344478,0.29303185526833,0.307144652065481,0.317071411044272,
0.344043729584746,0.377419633763601,0.411324844644834,0.439151314548915,0.472764926026545,
0.52196411823493,0.572801031416828,0.61360318461527,0.644893706996787,0.677204607654644,
0.705802918122798,0.72629116086646,0.742350438003045,0.75863149670317,0.775050017389698,
0.79139398012543,0.807237406450517,0.822641822678776,0.841820597503075,0.859844437244795,
0.876745898500681,0.891379808865486,0.905229285455591,0.91828816894049,0.927457820674119,
0.936605374434136,0.94571310205282,0.954798990409651,0.963854353521349,0.972903886024578,
0.981939663195357,0.99097150919217,1.),
.UNSPECIFIED.);
#7803=VERTEX_POINT('',#10605);
#7804=B_SPLINE_CURVE_WITH_KNOTS('',3,
(#10606,#10607,#10608,#10609,#10610,#10611,#10612,#10613,#10614,#10615,#10616,#10617,
#10618,#10619,#10620,#10621,#10622,#10623,#10624,#10625,#10626,#10627,#10628,#10629,
#10630,#10631,#10632,#10633,#10634,#10635,#10636,#10637,#10638,#10639,#10640,#10641,
#10642,#10643,#10644,#10645,#10646,#10647,#10648,#10649,#10650,#10651,#10652,#10653,
#10654,#10655,#10656,#10657,#10658,#10659,#10660,#10661,#10662,#10663,#10664,#10665,
#10666),
.UNSPECIFIED.,.F.,.F.,
(4,1,1,1,1,1,1,1,1,1,1,1,1,1,1,1,1,1,1,1,1,1,1,1,1,1,1,1,1,1,1,1,1,1,1,1,1,1,1,1,
1,1,1,1,1,1,1,1,1,1,1,1,1,1,1,1,1,1,4),
(0.,0.0112453647082704,0.0225295904431895,0.033853720873834,0.0452671157492685,0.0567239140289878,
0.0696828412112203,0.0840978818870452,0.105538211640437,0.127233090491809,0.149156284845635,
0.164483419371462,0.178552040352248,0.191369417595406,0.204201199794641,0.217008028137485,
0.229771449313616,0.242456349808854,0.255114871108928,0.267648644043556,0.280089845535134,
0.292373894417279,0.304590772736405,0.3165189490447,0.328235330971435,0.343246404397852,
0.357812068428118,0.371923713459316,0.381955187598232,0.391860298207018,0.40233793628428,
0.413511041412113,0.430883040344445,0.450494919289632,0.472329801191138,0.498801376504364,
0.53527803328692,0.58161465099864,0.629655017648241,0.674310149806501,0.708228782428062,
0.731686754025048,0.750745558440289,0.772966751791008,0.794270602087417,0.811590184718913,
0.824955150752046,0.838441654871451,0.852244367106037,0.86623751014542,0.880499900130405,
0.894839731630304,0.909408547181553,0.924124063954584,0.939046781813273,0.954046543693247,
0.969236167226141,0.984550594039401,1.),
.UNSPECIFIED.);
#7805=VERTEX_POINT('',#10667);
#7806=LINE('',#10668,#10669);
#7807=VERTEX_POINT('',#10671);
#7808=CIRCLE('',#10672,4.35);
#7809=VERTEX_POINT('',#10676);
#7810=LINE('',#10677,#10678);
#7811=B_SPLINE_CURVE_WITH_KNOTS('',3,
(#10680,#10681,#10682,#10683,#10684,#10685,#10686,#10687,#10688,#10689,#10690,#10691,
#10692,#10693,#10694,#10695,#10696,#10697,#10698,#10699,#10700,#10701,#10702,#10703,
#10704,#10705,#10706,#10707,#10708,#10709,#10710,#10711,#10712,#10713,#10714,#10715,
#10716,#10717,#10718,#10719,#10720,#10721,#10722,#10723,#10724,#10725,#10726,#10727,
#10728,#10729,#10730,#10731,#10732,#10733,#10734,#10735,#10736,#10737),
.UNSPECIFIED.,.F.,.F.,
(4,1,1,1,1,1,1,1,1,1,1,1,1,1,1,1,1,1,1,1,1,1,1,1,1,1,1,1,1,1,1,1,1,1,1,1,1,1,1,1,
1,1,1,1,1,1,1,1,1,1,1,1,1,1,1,4),
(0.,0.0172766892643884,0.0344435032345734,0.0515134913856249,0.0684697237209112,
0.0854006873001736,0.102247472128428,0.119026193418281,0.135694143063246,0.15232636666753,
0.168825481980776,0.18522602686734,0.201459695565447,0.21762801089886,0.233628341063906,
0.24952733504187,0.270516912657489,0.29303154904525,0.307144330308335,0.317071080769876,
0.344043370997166,0.377419237002736,0.411324406754293,0.439150842696354,0.472764424571566,
0.52196358500293,0.572800460844249,0.613602516473561,0.644892953999986,0.672221765306871,
0.695535374975515,0.710691053563962,0.726156399861137,0.742137398168556,0.758329114230628,
0.774646954108505,0.790888610448345,0.806629613665173,0.821932462271183,0.83640837636169,
0.850493748277515,0.863455021627809,0.875688474812962,0.886821120487625,0.897587518020803,
0.907605170169926,0.917239348892907,0.926478179023798,0.93570318015536,0.944907036653058,
0.954100521058051,0.963280660649917,0.972460653447379,0.981638342507677,0.990817919038323,
1.),
.UNSPECIFIED.);
#7812=VERTEX_POINT('',#10738);
#7813=LINE('',#10739,#10740);
#7814=CIRCLE('',#10742,4.35);
#7815=VERTEX_POINT('',#10746);
#7816=LINE('',#10747,#10748);
#7817=VERTEX_POINT('',#10750);
#7818=B_SPLINE_CURVE_WITH_KNOTS('',3,
(#10751,#10752,#10753,#10754,#10755,#10756,#10757,#10758,#10759,#10760,#10761,#10762,
#10763),
.UNSPECIFIED.,.F.,.F.,
(4,1,1,1,1,1,1,1,1,1,4),
(0.,0.0787234437047084,0.183498367995931,0.314491428311968,0.471583511803374,0.628602762568727,
0.753928186464707,0.847485798289789,0.903884613134505,0.954684967783478,1.),
.UNSPECIFIED.);
#7819=B_SPLINE_CURVE_WITH_KNOTS('',3,
(#10764,#10765,#10766,#10767,#10768,#10769,#10770,#10771,#10772,#10773,#10774,#10775,
#10776,#10777,#10778,#10779,#10780,#10781,#10782,#10783,#10784,#10785,#10786,#10787,
#10788,#10789,#10790,#10791,#10792,#10793,#10794,#10795,#10796,#10797,#10798,#10799,
#10800,#10801,#10802,#10803,#10804),
.UNSPECIFIED.,.F.,.F.,
(4,1,1,1,1,1,1,1,1,1,1,1,1,1,1,1,1,1,1,1,1,1,1,1,1,1,1,1,1,1,1,1,1,1,1,1,1,1,4),
(0.,0.0233130561677667,0.046508111809896,0.0695966580267086,0.0924819013779467,0.115252219395193,
0.137772858067009,0.160137027925934,0.182289171622255,0.204388444146194,0.226252444055432,
0.247953123478695,0.269393918733215,0.290746850154339,0.314181695718231,0.339786643787353,
0.381023716453877,0.435403195327579,0.489303149634029,0.529237143120327,0.553271516214226,
0.575052032565233,0.594575858601664,0.614102351611647,0.635910987754746,0.660030035669872,
0.695428362297686,0.7309768121265,0.766777719577134,0.79855096904816,0.828149576182098,
0.855572855207601,0.883045565474685,0.910525626439672,0.937947749109116,0.95314157205563,
0.958494983179064,0.979149435139732,1.),
.UNSPECIFIED.);
#7820=VERTEX_POINT('',#10805);
#7821=CIRCLE('',#10806,6.1);
#7822=B_SPLINE_CURVE_WITH_KNOTS('',3,
(#10810,#10811,#10812,#10813,#10814,#10815,#10816,#10817,#10818,#10819,#10820,#10821,
#10822,#10823,#10824,#10825,#10826,#10827,#10828,#10829,#10830,#10831,#10832,#10833,
#10834,#10835,#10836,#10837,#10838,#10839,#10840,#10841,#10842,#10843,#10844,#10845,
#10846,#10847,#10848,#10849),
.UNSPECIFIED.,.F.,.F.,
(4,1,1,1,1,1,1,1,1,1,1,1,1,1,1,1,1,1,1,1,1,1,1,1,1,1,1,1,1,1,1,1,1,1,1,1,1,4),
(0.,0.0233128455368588,0.046507698453757,0.0695960496739477,0.0924811122199117,0.115251256642264,
0.1377717417842,0.160135771351036,0.182287793953599,0.204386952052699,0.226250863673647,
0.247951473940403,0.269392232304736,0.290745139595228,0.31418000366719,0.339784999731036,
0.381022212923102,0.435401901275591,0.489302073236634,0.529236228609159,0.553270681499268,
0.575051256855202,0.594575116899366,0.614101639560542,0.63591030013646,0.660029371653764,
0.695427734198169,0.730976225586059,0.766777181330169,0.798550486037318,0.828149149335997,
0.855572486475862,0.883045261430208,0.910525389690161,0.937947580991688,0.958494868818668,
0.979149376615284,1.),
.UNSPECIFIED.);
#7823=VERTEX_POINT('',#10850);
#7824=B_SPLINE_CURVE_WITH_KNOTS('',3,
(#10851,#10852,#10853,#10854,#10855,#10856,#10857,#10858,#10859,#10860,#10861,#10862,
#10863),
.UNSPECIFIED.,.F.,.F.,
(4,1,1,1,1,1,1,1,1,1,4),
(0.,0.107775199016044,0.211945099736887,0.312438691411826,0.43438607391425,0.576310998505621,
0.709192842235615,0.807942480998455,0.874862020320027,0.938842041992378,1.),
.UNSPECIFIED.);
#7825=LINE('',#10864,#10865);
#7826=VERTEX_POINT('',#10867);
#7827=LINE('',#10868,#10869);
#7828=B_SPLINE_CURVE_WITH_KNOTS('',3,
(#10871,#10872,#10873,#10874,#10875,#10876,#10877,#10878,#10879,#10880,#10881,#10882,
#10883,#10884,#10885,#10886,#10887),
.UNSPECIFIED.,.F.,.F.,
(4,1,1,1,1,1,1,1,1,1,1,1,1,1,4),
(0.,0.0818313763362517,0.15338428536366,0.218014699059299,0.284973398953498,0.353795108139799,
0.422966997660976,0.492460586270383,0.56272014270047,0.631610883765136,0.700641496168384,
0.771372298342141,0.842461760596975,0.919184097902235,1.),
.UNSPECIFIED.);
#7829=VERTEX_POINT('',#10888);
#7830=LINE('',#10889,#10890);
#7831=VERTEX_POINT('',#10892);
#7832=B_SPLINE_CURVE_WITH_KNOTS('',3,
(#10893,#10894,#10895,#10896,#10897,#10898,#10899),
.UNSPECIFIED.,.F.,.F.,
(4,1,1,1,4),
(0.,0.23529414863027,0.470588307589226,0.725490258045802,1.),
.UNSPECIFIED.);
#7833=CIRCLE('',#10900,6.1);
#7834=VERTEX_POINT('',#10904);
#7835=LINE('',#10905,#10906);
#7836=LINE('',#10908,#10909);
#7837=VERTEX_POINT('',#10911);
#7838=LINE('',#10912,#10913);
#7839=CIRCLE('',#10915,14.1972095242992);
#7840=VERTEX_POINT('',#10919);
#7841=LINE('',#10920,#10921);
#7842=LINE('',#10923,#10924);
#7843=VERTEX_POINT('',#10926);
#7844=CIRCLE('',#10927,14.1972095242992);
#7845=LINE('',#10931,#10932);
#7846=VERTEX_POINT('',#10934);
#7847=LINE('',#10935,#10936);
#7848=LINE('',#10938,#10939);
#7849=VERTEX_POINT('',#10941);
#7850=CIRCLE('',#10942,6.1);
#7851=B_SPLINE_CURVE_WITH_KNOTS('',3,
(#10946,#10947,#10948,#10949,#10950,#10951,#10952),
.UNSPECIFIED.,.F.,.F.,
(4,1,1,1,4),
(0.,0.23529414863027,0.470588307589226,0.725490258045802,1.),
.UNSPECIFIED.);
#7852=VERTEX_POINT('',#10953);
#7853=B_SPLINE_CURVE_WITH_KNOTS('',3,
(#10954,#10955,#10956,#10957,#10958,#10959,#10960,#10961,#10962,#10963,#10964,#10965,
#10966,#10967,#10968,#10969,#10970),
.UNSPECIFIED.,.F.,.F.,
(4,1,1,1,1,1,1,1,1,1,1,1,1,1,4),
(0.,0.0818313763361465,0.153384285363454,0.218014699059134,0.284973398953456,0.353795108140134,
0.422966997661243,0.492460586270676,0.562720142700553,0.631610883765583,0.700641496168559,
0.771372298342501,0.842461760597331,0.919184097902781,1.),
.UNSPECIFIED.);
#7854=VERTEX_POINT('',#10971);
#7855=LINE('',#10972,#10973);
#7856=B_SPLINE_CURVE_WITH_KNOTS('',3,
(#10975,#10976,#10977,#10978,#10979,#10980,#10981,#10982,#10983,#10984,#10985,#10986,
#10987,#10988,#10989,#10990,#10991,#10992,#10993,#10994,#10995,#10996,#10997,#10998,
#10999,#11000,#11001,#11002,#11003,#11004,#11005,#11006,#11007,#11008,#11009,#11010,
#11011,#11012,#11013,#11014,#11015,#11016,#11017,#11018,#11019,#11020,#11021,#11022,
#11023,#11024,#11025,#11026,#11027,#11028,#11029),
.UNSPECIFIED.,.F.,.F.,
(4,1,1,1,1,1,1,1,1,1,1,1,1,1,1,1,1,1,1,1,1,1,1,1,1,1,1,1,1,1,1,1,1,1,1,1,1,1,1,1,
1,1,1,1,1,1,1,1,1,1,1,1,4),
(0.,0.0172767073602082,0.0344435393171924,0.0515135453613298,0.0684697954860737,
0.0854007768401816,0.10224757939298,0.119026318372616,0.135694285654037,0.152326526902423,
0.168825659744508,0.185226222046614,0.201459907926142,0.217628240308552,0.233628587162316,
0.249527597549282,0.270517196344482,0.293031855268335,0.307144652065483,0.31707141104428,
0.344043729584751,0.377419633763605,0.411324844644837,0.439151314548917,0.472764926026548,
0.521964118234929,0.572801031416824,0.61360318461527,0.644893706996787,0.677204607654646,
0.705802918122797,0.726291160866461,0.742350438003045,0.75863149670317,0.775050017389696,
0.79139398012543,0.807237406450517,0.822641822678776,0.841820597503076,0.859844437244797,
0.876745898500681,0.891379808865485,0.90522928545559,0.918288168940488,0.927457820674118,
0.936605374434135,0.94571310205282,0.954798990409652,0.96385435352135,0.972903886024579,
0.981939663195358,0.99097150919217,1.),
.UNSPECIFIED.);
#7857=VERTEX_POINT('',#11030);
#7858=VERTEX_POINT('',#11031);
#7859=CIRCLE('',#11032,4.35);
#7860=VERTEX_POINT('',#11036);
#7861=LINE('',#11037,#11038);
#7862=B_SPLINE_CURVE_WITH_KNOTS('',3,
(#11040,#11041,#11042,#11043,#11044,#11045,#11046,#11047,#11048,#11049,#11050,#11051,
#11052,#11053,#11054,#11055,#11056,#11057,#11058,#11059,#11060,#11061,#11062,#11063,
#11064,#11065,#11066,#11067,#11068,#11069,#11070,#11071,#11072,#11073,#11074,#11075,
#11076,#11077,#11078,#11079,#11080,#11081,#11082,#11083,#11084,#11085,#11086,#11087,
#11088,#11089,#11090,#11091,#11092,#11093,#11094,#11095,#11096,#11097,#11098,#11099,
#11100),
.UNSPECIFIED.,.F.,.F.,
(4,1,1,1,1,1,1,1,1,1,1,1,1,1,1,1,1,1,1,1,1,1,1,1,1,1,1,1,1,1,1,1,1,1,1,1,1,1,1,1,
1,1,1,1,1,1,1,1,1,1,1,1,1,1,1,1,1,1,4),
(0.,0.0112453647082703,0.0225295904431905,0.0338537208738358,0.0452671157492699,
0.0567239140289898,0.0696828412112228,0.0840978818870481,0.10553821164044,0.127233090491811,
0.149156284845637,0.164483419371464,0.178552040352251,0.191369417595407,0.204201199794639,
0.217008028137483,0.229771449313613,0.242456349808851,0.255114871108924,0.267648644043553,
0.280089845535133,0.292373894417279,0.304590772736407,0.316518949044702,0.328235330971438,
0.343246404397856,0.357812068428117,0.371923713459316,0.381955187598229,0.391860298207019,
0.402337936284284,0.413511041412117,0.43088304034445,0.450494919289639,0.472329801191145,
0.498801376504372,0.535278033286923,0.581614650998644,0.629655017648244,0.674310149806498,
0.708228782428055,0.731686754025044,0.750745558440282,0.772966751791006,0.794270602087412,
0.8115901847189,0.824955150752034,0.838441654871437,0.852244367106024,0.866237510145412,
0.880499900130391,0.894839731630296,0.909408547181545,0.924124063954581,0.939046781813267,
0.95404654369324,0.969236167226138,0.984550594039401,1.),
.UNSPECIFIED.);
#7863=VERTEX_POINT('',#11101);
#7864=B_SPLINE_CURVE_WITH_KNOTS('',3,
(#11102,#11103,#11104,#11105,#11106,#11107,#11108,#11109,#11110,#11111,#11112,#11113,
#11114,#11115,#11116,#11117,#11118,#11119,#11120,#11121,#11122,#11123,#11124,#11125,
#11126,#11127,#11128,#11129,#11130,#11131,#11132,#11133,#11134,#11135,#11136,#11137,
#11138,#11139,#11140,#11141,#11142,#11143,#11144,#11145,#11146,#11147,#11148,#11149,
#11150,#11151,#11152,#11153,#11154,#11155,#11156,#11157,#11158,#11159),
.UNSPECIFIED.,.F.,.F.,
(4,1,1,1,1,1,1,1,1,1,1,1,1,1,1,1,1,1,1,1,1,1,1,1,1,1,1,1,1,1,1,1,1,1,1,1,1,1,1,1,
1,1,1,1,1,1,1,1,1,1,1,1,1,1,1,4),
(0.,0.0172766892643847,0.0344435032345724,0.0515134913856278,0.0684697237209181,
0.0854006873001894,0.102247472128439,0.119026193418287,0.135694143063254,0.152326366667536,
0.168825481980775,0.185226026867341,0.201459695565446,0.217628010898861,0.233628341063904,
0.249527335041868,0.270516912657484,0.293031549045241,0.307144330308327,0.317071080769866,
0.344043370997156,0.377419237002719,0.411324406754278,0.439150842696341,0.47276442457156,
0.521963585002925,0.572800460844246,0.613602516473558,0.644892953999989,0.672221765306872,
0.695535374975516,0.710691053563959,0.726156399861138,0.742137398168556,0.75832911423063,
0.774646954108503,0.790888610448345,0.806629613665171,0.821932462271181,0.836408376361689,
0.850493748277512,0.863455021627806,0.875688474812959,0.886821120487622,0.897587518020801,
0.907605170169926,0.917239348892908,0.9264781790238,0.935703180155361,0.94490703665306,
0.954100521058053,0.963280660649919,0.972460653447382,0.981638342507678,0.990817919038324,
1.),
.UNSPECIFIED.);
#7865=VERTEX_POINT('',#11160);
#7866=LINE('',#11161,#11162);
#7867=VERTEX_POINT('',#11164);
#7868=CIRCLE('',#11165,4.35);
#7869=VERTEX_POINT('',#11169);
#7870=LINE('',#11170,#11171);
#7871=B_SPLINE_CURVE_WITH_KNOTS('',3,
(#11173,#11174,#11175,#11176,#11177,#11178,#11179,#11180,#11181,#11182,#11183,#11184,
#11185,#11186,#11187,#11188,#11189,#11190,#11191,#11192,#11193,#11194,#11195,#11196,
#11197,#11198,#11199,#11200,#11201,#11202,#11203,#11204,#11205,#11206,#11207,#11208,
#11209,#11210,#11211,#11212,#11213,#11214,#11215,#11216,#11217,#11218,#11219,#11220,
#11221,#11222,#11223,#11224,#11225,#11226,#11227,#11228,#11229,#11230,#11231,#11232,
#11233),
.UNSPECIFIED.,.F.,.F.,
(4,1,1,1,1,1,1,1,1,1,1,1,1,1,1,1,1,1,1,1,1,1,1,1,1,1,1,1,1,1,1,1,1,1,1,1,1,1,1,1,
1,1,1,1,1,1,1,1,1,1,1,1,1,1,1,1,1,1,4),
(0.,0.0112453647082706,0.0225295904431899,0.0338537208738356,0.0452671157492691,
0.0567239140289885,0.0696828412112224,0.0840978818870462,0.105538211640438,0.12723309049181,
0.149156284845636,0.164483419371463,0.178552040352248,0.191369417595404,0.204201199794639,
0.217008028137485,0.229771449313614,0.242456349808853,0.255114871108926,0.267648644043555,
0.280089845535135,0.29237389441728,0.304590772736408,0.316518949044701,0.328235330971435,
0.343246404397853,0.357812068428114,0.371923713459315,0.381955187598227,0.391860298207015,
0.402337936284279,0.413511041412113,0.430883040344447,0.450494919289638,0.47232980119114,
0.498801376504371,0.535278033286931,0.581614650998654,0.629655017648252,0.674310149806502,
0.70822878242806,0.731686754025049,0.750745558440286,0.772966751791,0.794270602087409,
0.811590184718902,0.824955150752034,0.838441654871439,0.852244367106027,0.866237510145412,
0.880499900130401,0.894839731630297,0.909408547181546,0.924124063954582,0.939046781813271,
0.954046543693249,0.969236167226143,0.984550594039403,1.),
.UNSPECIFIED.);
#7872=LINE('',#11234,#11235);
#7873=VERTEX_POINT('',#11237);
#7874=B_SPLINE_CURVE_WITH_KNOTS('',3,
(#11238,#11239,#11240,#11241,#11242,#11243,#11244,#11245,#11246,#11247,#11248,#11249,
#11250,#11251,#11252,#11253,#11254,#11255,#11256,#11257,#11258,#11259,#11260,#11261,
#11262,#11263,#11264,#11265,#11266,#11267,#11268,#11269,#11270,#11271,#11272,#11273,
#11274,#11275,#11276,#11277),
.UNSPECIFIED.,.F.,.F.,
(4,1,1,1,1,1,1,1,1,1,1,1,1,1,1,1,1,1,1,1,1,1,1,1,1,1,1,1,1,1,1,1,1,1,1,1,1,4),
(0.,0.0233128455368661,0.046507698453765,0.0695960496739521,0.0924811122199261,0.115251256642283,
0.137771741784218,0.160135771351054,0.182287793953616,0.204386952052704,0.226250863673653,
0.247951473940403,0.269392232304738,0.290745139595235,0.31418000366719,0.339784999731042,
0.381022212923103,0.435401901275595,0.489302073236647,0.529236228609175,0.553270681499283,
0.575051256855219,0.594575116899381,0.614101639560551,0.635910300136443,0.66002937165375,
0.695427734198144,0.730976225586037,0.766777181330168,0.79855048603732,0.828149149336013,
0.855572486475878,0.883045261430207,0.910525389690174,0.937947580991706,0.958494868818667,
0.979149376615295,1.),
.UNSPECIFIED.);
#7875=VERTEX_POINT('',#11278);
#7876=LINE('',#11279,#11280);
#7877=B_SPLINE_CURVE_WITH_KNOTS('',3,
(#11282,#11283,#11284,#11285,#11286,#11287,#11288,#11289,#11290,#11291,#11292,#11293,
#11294),
.UNSPECIFIED.,.F.,.F.,
(4,1,1,1,1,1,1,1,1,1,4),
(0.,0.10777519901605,0.211945099736884,0.31243869141183,0.434386073914259,0.57631099850562,
0.709192842235616,0.807942480998456,0.874862020320026,0.938842041992379,1.),
.UNSPECIFIED.);
#7878=VERTEX_POINT('',#11295);
#7879=CIRCLE('',#11296,6.1);
#7880=B_SPLINE_CURVE_WITH_KNOTS('',3,
(#11300,#11301,#11302,#11303,#11304,#11305,#11306,#11307,#11308,#11309,#11310,#11311,
#11312,#11313,#11314,#11315,#11316,#11317,#11318,#11319,#11320,#11321,#11322,#11323,
#11324,#11325,#11326,#11327,#11328,#11329,#11330,#11331,#11332,#11333,#11334,#11335,
#11336,#11337,#11338,#11339,#11340),
.UNSPECIFIED.,.F.,.F.,
(4,1,1,1,1,1,1,1,1,1,1,1,1,1,1,1,1,1,1,1,1,1,1,1,1,1,1,1,1,1,1,1,1,1,1,1,1,1,4),
(0.,0.0233130561677664,0.046508111809889,0.0695966580266966,0.0924819013779433,0.115252219395192,
0.137772858067007,0.160137027925928,0.182289171622248,0.204388444146194,0.226252444055423,
0.247953123478691,0.269393918733211,0.290746850154335,0.314181695718232,0.339786643787355,
0.381023716453887,0.435403195327585,0.489303149634041,0.529237143120344,0.553271516214247,
0.575052032565242,0.594575858601661,0.614102351611645,0.635910987754741,0.660030035669867,
0.695428362297676,0.730976812126494,0.766777719577135,0.798550969048165,0.828149576182096,
0.855572855207609,0.8830455654747,0.910525626439676,0.937947749109119,0.953141572055625,
0.958494983179077,0.979149435139735,1.),
.UNSPECIFIED.);
#7881=VERTEX_POINT('',#11341);
#7882=B_SPLINE_CURVE_WITH_KNOTS('',3,
(#11342,#11343,#11344,#11345,#11346,#11347,#11348,#11349,#11350,#11351,#11352,#11353,
#11354),
.UNSPECIFIED.,.F.,.F.,
(4,1,1,1,1,1,1,1,1,1,4),
(0.,0.0787234437047082,0.183498367995931,0.314491428311967,0.471583511803376,0.628602762568728,
0.753928186464704,0.84748579828978,0.903884613134489,0.954684967783469,1.),
.UNSPECIFIED.);
#7883=LINE('',#11355,#11356);
#7884=VERTEX_POINT('',#11358);
#7885=B_SPLINE_CURVE_WITH_KNOTS('',3,
(#11359,#11360,#11361,#11362,#11363,#11364,#11365,#11366,#11367,#11368,#11369,#11370,
#11371,#11372,#11373,#11374,#11375,#11376),
.UNSPECIFIED.,.F.,.F.,
(4,1,1,1,1,1,1,1,1,1,1,1,1,1,1,4),
(0.,0.0898023145608455,0.167910107831892,0.238124753077966,0.308685186569833,0.380226349397674,
0.448019965295651,0.51763025241085,0.58641278695728,0.656487219509832,0.724621183343873,
0.793204300872965,0.858172132115909,0.920648410669288,0.966967135828213,1.),
.UNSPECIFIED.);
#7886=LINE('',#11377,#11378);
#7887=VERTEX_POINT('',#11380);
#7888=VERTEX_POINT('',#11381);
#7889=CIRCLE('',#11382,6.1);
#7890=LINE('',#11386,#11387);
#7891=LINE('',#11389,#11390);
#7892=VERTEX_POINT('',#11392);
#7893=LINE('',#11393,#11394);
#7894=LINE('',#11396,#11397);
#7895=VERTEX_POINT('',#11399);
#7896=LINE('',#11400,#11401);
#7897=CIRCLE('',#11403,34.553297811363);
#7898=VERTEX_POINT('',#11407);
#7899=LINE('',#11408,#11409);
#7900=LINE('',#11411,#11412);
#7901=VERTEX_POINT('',#11414);
#7902=LINE('',#11415,#11416);
#7903=CIRCLE('',#11418,6.1);
#7904=VERTEX_POINT('',#11422);
#7905=VERTEX_POINT('',#11423);
#7906=LINE('',#11424,#11425);
#7907=B_SPLINE_CURVE_WITH_KNOTS('',3,
(#11427,#11428,#11429,#11430,#11431,#11432,#11433,#11434,#11435,#11436,#11437,#11438,
#11439,#11440,#11441,#11442,#11443,#11444,#11445,#11446,#11447,#11448,#11449,#11450,
#11451,#11452,#11453,#11454,#11455,#11456,#11457,#11458,#11459,#11460,#11461,#11462,
#11463,#11464,#11465,#11466,#11467,#11468,#11469,#11470,#11471,#11472,#11473,#11474,
#11475,#11476,#11477,#11478,#11479,#11480,#11481,#11482,#11483,#11484,#11485,#11486,
#11487),
.UNSPECIFIED.,.F.,.F.,
(4,1,1,1,1,1,1,1,1,1,1,1,1,1,1,1,1,1,1,1,1,1,1,1,1,1,1,1,1,1,1,1,1,1,1,1,1,1,1,1,
1,1,1,1,1,1,1,1,1,1,1,1,1,1,1,1,1,1,4),
(0.,0.0112453647082707,0.0225295904431903,0.0338537208738351,0.0452671157492692,
0.0567239140289885,0.0696828412112217,0.0840978818870459,0.105538211640439,0.127233090491811,
0.149156284845637,0.164483419371465,0.178552040352251,0.191369417595406,0.204201199794642,
0.217008028137486,0.229771449313615,0.242456349808856,0.255114871108929,0.267648644043557,
0.280089845535137,0.292373894417283,0.304590772736409,0.316518949044702,0.328235330971436,
0.343246404397854,0.357812068428118,0.371923713459317,0.381955187598231,0.391860298207016,
0.402337936284284,0.41351104141212,0.430883040344453,0.450494919289645,0.47232980119115,
0.498801376504373,0.535278033286927,0.581614650998647,0.629655017648245,0.674310149806499,
0.708228782428054,0.73168675402504,0.750745558440282,0.772966751791005,0.794270602087415,
0.811590184718901,0.824955150752035,0.838441654871442,0.852244367106022,0.866237510145405,
0.880499900130386,0.894839731630286,0.909408547181534,0.924124063954573,0.939046781813265,
0.95404654369324,0.969236167226135,0.984550594039396,1.),
.UNSPECIFIED.);
#7908=B_SPLINE_CURVE_WITH_KNOTS('',3,
(#11488,#11489,#11490,#11491,#11492,#11493,#11494,#11495,#11496,#11497,#11498,#11499,
#11500,#11501,#11502,#11503,#11504,#11505),
.UNSPECIFIED.,.F.,.F.,
(4,1,1,1,1,1,1,1,1,1,1,1,1,1,1,4),
(0.,0.0898023145598759,0.167910107830544,0.23812475307594,0.308685186567338,0.38022634939452,
0.448019965292683,0.517630252407696,0.586412786954079,0.656487219506491,0.724621183340283,
0.793204300869507,0.858172132111652,0.920648410663434,0.966967135823311,1.),
.UNSPECIFIED.);
#7909=VERTEX_POINT('',#11506);
#7910=VERTEX_POINT('',#11507);
#7911=LINE('',#11508,#11509);
#7912=B_SPLINE_CURVE_WITH_KNOTS('',3,
(#11511,#11512,#11513,#11514,#11515,#11516,#11517,#11518,#11519,#11520,#11521,#11522,
#11523,#11524,#11525,#11526,#11527,#11528,#11529,#11530,#11531,#11532,#11533,#11534,
#11535,#11536,#11537,#11538,#11539,#11540,#11541,#11542,#11543,#11544,#11545,#11546,
#11547,#11548,#11549,#11550,#11551,#11552,#11553,#11554,#11555,#11556,#11557,#11558,
#11559,#11560,#11561,#11562,#11563,#11564,#11565),
.UNSPECIFIED.,.F.,.F.,
(4,1,1,1,1,1,1,1,1,1,1,1,1,1,1,1,1,1,1,1,1,1,1,1,1,1,1,1,1,1,1,1,1,1,1,1,1,1,1,1,
1,1,1,1,1,1,1,1,1,1,1,1,4),
(0.,0.0172767073602019,0.0344435393171896,0.0515135453613255,0.0684697954860698,
0.0854007768401814,0.102247579392987,0.119026318372623,0.135694285654038,0.152326526902425,
0.168825659744511,0.185226222046614,0.201459907926139,0.217628240308552,0.23362858716232,
0.249527597549284,0.270517196344481,0.293031855268336,0.307144652065483,0.317071411044276,
0.34404372958475,0.377419633763603,0.411324844644838,0.439151314548919,0.472764926026548,
0.521964118234933,0.57280103141683,0.613603184615269,0.644893706996787,0.677204607654645,
0.705802918122796,0.726291160866459,0.742350438003044,0.758631496703168,0.775050017389695,
0.791393980125428,0.807237406450516,0.822641822678774,0.841820597503074,0.859844437244794,
0.87674589850068,0.891379808865485,0.90522928545559,0.918288168940489,0.927457820674118,
0.936605374434135,0.94571310205282,0.954798990409651,0.96385435352135,0.972903886024579,
0.981939663195358,0.990971509192171,1.),
.UNSPECIFIED.);
#7913=VERTEX_POINT('',#11566);
#7914=B_SPLINE_CURVE_WITH_KNOTS('',3,
(#11567,#11568,#11569,#11570,#11571,#11572,#11573,#11574,#11575,#11576,#11577,#11578,
#11579,#11580,#11581,#11582,#11583,#11584,#11585,#11586,#11587,#11588,#11589,#11590,
#11591,#11592,#11593,#11594,#11595,#11596,#11597,#11598,#11599,#11600,#11601,#11602,
#11603,#11604,#11605,#11606,#11607,#11608,#11609,#11610,#11611,#11612,#11613,#11614,
#11615,#11616,#11617,#11618,#11619,#11620,#11621,#11622,#11623,#11624,#11625,#11626,
#11627),
.UNSPECIFIED.,.F.,.F.,
(4,1,1,1,1,1,1,1,1,1,1,1,1,1,1,1,1,1,1,1,1,1,1,1,1,1,1,1,1,1,1,1,1,1,1,1,1,1,1,1,
1,1,1,1,1,1,1,1,1,1,1,1,1,1,1,1,1,1,4),
(0.,0.0112453647082704,0.0225295904431894,0.0338537208738351,0.0452671157492694,
0.056723914028989,0.0696828412112218,0.0840978818870461,0.105538211640438,0.127233090491809,
0.149156284845635,0.164483419371463,0.178552040352248,0.191369417595405,0.204201199794641,
0.217008028137484,0.229771449313616,0.242456349808855,0.255114871108929,0.267648644043556,
0.280089845535136,0.292373894417281,0.304590772736407,0.3165189490447,0.328235330971438,
0.343246404397853,0.357812068428118,0.371923713459315,0.381955187598231,0.391860298207018,
0.402337936284282,0.413511041412119,0.430883040344454,0.450494919289645,0.472329801191147,
0.498801376504369,0.535278033286921,0.581614650998642,0.629655017648243,0.6743101498065,
0.70822878242806,0.731686754025052,0.750745558440298,0.772966751791015,0.79427060208742,
0.811590184718909,0.824955150752042,0.838441654871449,0.852244367106028,0.866237510145419,
0.880499900130401,0.8948397316303,0.909408547181548,0.924124063954586,0.939046781813271,
0.954046543693245,0.969236167226139,0.984550594039397,1.),
.UNSPECIFIED.);
#7915=VERTEX_POINT('',#11628);
#7916=LINE('',#11629,#11630);
#7917=VERTEX_POINT('',#11632);
#7918=CIRCLE('',#11633,4.35);
#7919=VERTEX_POINT('',#11637);
#7920=LINE('',#11638,#11639);
#7921=B_SPLINE_CURVE_WITH_KNOTS('',3,
(#11641,#11642,#11643,#11644,#11645,#11646,#11647,#11648,#11649,#11650,#11651,#11652,
#11653,#11654,#11655,#11656,#11657,#11658,#11659,#11660,#11661,#11662,#11663,#11664,
#11665,#11666,#11667,#11668,#11669,#11670,#11671,#11672,#11673,#11674,#11675,#11676,
#11677,#11678,#11679,#11680,#11681,#11682,#11683,#11684,#11685,#11686,#11687,#11688,
#11689,#11690,#11691,#11692,#11693,#11694,#11695,#11696,#11697,#11698),
.UNSPECIFIED.,.F.,.F.,
(4,1,1,1,1,1,1,1,1,1,1,1,1,1,1,1,1,1,1,1,1,1,1,1,1,1,1,1,1,1,1,1,1,1,1,1,1,1,1,1,
1,1,1,1,1,1,1,1,1,1,1,1,1,1,1,4),
(0.,0.0172766892643843,0.0344435032345646,0.0515134913856196,0.0684697237209079,
0.0854006873001731,0.102247472128431,0.119026193418282,0.135694143063253,0.152326366667539,
0.16882548198078,0.185226026867348,0.201459695565455,0.217628010898866,0.233628341063908,
0.249527335041868,0.270516912657487,0.29303154904525,0.307144330308336,0.31707108076987,
0.344043370997163,0.377419237002729,0.411324406754285,0.439150842696349,0.472764424571561,
0.521963585002923,0.572800460844245,0.613602516473561,0.644892953999988,0.67222176530687,
0.695535374975514,0.710691053563959,0.726156399861137,0.742137398168556,0.758329114230627,
0.774646954108503,0.790888610448344,0.806629613665171,0.82193246227118,0.836408376361689,
0.850493748277512,0.863455021627807,0.875688474812961,0.886821120487624,0.897587518020802,
0.907605170169927,0.917239348892908,0.926478179023799,0.93570318015536,0.944907036653059,
0.954100521058052,0.963280660649918,0.972460653447381,0.981638342507677,0.990817919038323,
1.),
.UNSPECIFIED.);
#7922=VERTEX_POINT('',#11699);
#7923=LINE('',#11700,#11701);
#7924=CIRCLE('',#11703,4.35);
#7925=VERTEX_POINT('',#11707);
#7926=LINE('',#11708,#11709);
#7927=VERTEX_POINT('',#11711);
#7928=B_SPLINE_CURVE_WITH_KNOTS('',3,
(#11712,#11713,#11714,#11715,#11716,#11717,#11718,#11719,#11720,#11721,#11722,#11723,
#11724),
.UNSPECIFIED.,.F.,.F.,
(4,1,1,1,1,1,1,1,1,1,4),
(0.,0.0787234437047072,0.183498367995931,0.314491428311967,0.471583511803377,0.628602762568727,
0.753928186464708,0.847485798289785,0.903884613134497,0.954684967783474,1.),
.UNSPECIFIED.);
#7929=B_SPLINE_CURVE_WITH_KNOTS('',3,
(#11725,#11726,#11727,#11728,#11729,#11730,#11731,#11732,#11733,#11734,#11735,#11736,
#11737,#11738,#11739,#11740,#11741,#11742,#11743,#11744,#11745,#11746,#11747,#11748,
#11749,#11750,#11751,#11752,#11753,#11754,#11755,#11756,#11757,#11758,#11759,#11760,
#11761,#11762,#11763,#11764,#11765),
.UNSPECIFIED.,.F.,.F.,
(4,1,1,1,1,1,1,1,1,1,1,1,1,1,1,1,1,1,1,1,1,1,1,1,1,1,1,1,1,1,1,1,1,1,1,1,1,1,4),
(0.,0.0233130561677627,0.0465081118098894,0.0695966580266961,0.0924819013779413,
0.115252219395191,0.137772858067015,0.160137027925931,0.182289171622258,0.204388444146193,
0.226252444055442,0.247953123478699,0.269393918733222,0.290746850154347,0.314181695718235,
0.339786643787366,0.381023716453896,0.435403195327587,0.489303149634039,0.529237143120353,
0.553271516214256,0.575052032565248,0.594575858601669,0.614102351611653,0.635910987754752,
0.660030035669868,0.695428362297678,0.730976812126488,0.766777719577122,0.798550969048156,
0.82814957618209,0.855572855207592,0.883045565474679,0.910525626439668,0.937947749109125,
0.953141572055628,0.958494983179074,0.979149435139745,1.),
.UNSPECIFIED.);
#7930=VERTEX_POINT('',#11766);
#7931=CIRCLE('',#11767,6.1);
#7932=B_SPLINE_CURVE_WITH_KNOTS('',3,
(#11771,#11772,#11773,#11774,#11775,#11776,#11777,#11778,#11779,#11780,#11781,#11782,
#11783,#11784,#11785,#11786,#11787,#11788,#11789,#11790,#11791,#11792,#11793,#11794,
#11795,#11796,#11797,#11798,#11799,#11800,#11801,#11802,#11803,#11804,#11805,#11806,
#11807,#11808,#11809,#11810),
.UNSPECIFIED.,.F.,.F.,
(4,1,1,1,1,1,1,1,1,1,1,1,1,1,1,1,1,1,1,1,1,1,1,1,1,1,1,1,1,1,1,1,1,1,1,1,1,4),
(0.,0.0233128455368608,0.0465076984537713,0.0695960496739604,0.0924811122199254,
0.115251256642276,0.137771741784212,0.160135771351049,0.182287793953598,0.204386952052687,
0.226250863673635,0.247951473940389,0.269392232304726,0.290745139595215,0.314180003667178,
0.339784999731027,0.381022212923098,0.435401901275576,0.489302073236629,0.529236228609149,
0.553270681499269,0.575051256855195,0.594575116899362,0.614101639560543,0.635910300136453,
0.660029371653772,0.695427734198157,0.730976225586049,0.76677718133016,0.798550486037306,
0.828149149335991,0.85557248647584,0.883045261430181,0.910525389690154,0.937947580991679,
0.958494868818659,0.979149376615281,1.),
.UNSPECIFIED.);
#7933=VERTEX_POINT('',#11811);
#7934=B_SPLINE_CURVE_WITH_KNOTS('',3,
(#11812,#11813,#11814,#11815,#11816,#11817,#11818,#11819,#11820,#11821,#11822,#11823,
#11824),
.UNSPECIFIED.,.F.,.F.,
(4,1,1,1,1,1,1,1,1,1,4),
(0.,0.107775199016052,0.211945099736889,0.312438691411829,0.434386073914253,0.576310998505622,
0.709192842235614,0.807942480998456,0.874862020320026,0.938842041992378,1.),
.UNSPECIFIED.);
#7935=LINE('',#11825,#11826);
#7936=VERTEX_POINT('',#11828);
#7937=LINE('',#11829,#11830);
#7938=B_SPLINE_CURVE_WITH_KNOTS('',3,
(#11832,#11833,#11834,#11835,#11836,#11837,#11838,#11839,#11840,#11841,#11842,#11843,
#11844,#11845,#11846,#11847,#11848),
.UNSPECIFIED.,.F.,.F.,
(4,1,1,1,1,1,1,1,1,1,1,1,1,1,4),
(0.,0.0818313763357271,0.153384285362949,0.218014699058619,0.284973398952973,0.353795108139465,
0.422966997661338,0.492460586270844,0.562720142701385,0.631610883765932,0.700641496169318,
0.77137229834308,0.842461760597856,0.919184097902961,1.),
.UNSPECIFIED.);
#7939=VERTEX_POINT('',#11849);
#7940=LINE('',#11850,#11851);
#7941=VERTEX_POINT('',#11853);
#7942=B_SPLINE_CURVE_WITH_KNOTS('',3,
(#11854,#11855,#11856,#11857,#11858,#11859,#11860),
.UNSPECIFIED.,.F.,.F.,
(4,1,1,1,4),
(0.,0.23529414863027,0.470588307589226,0.725490258045802,1.),
.UNSPECIFIED.);
#7943=CIRCLE('',#11861,6.1);
#7944=VERTEX_POINT('',#11865);
#7945=LINE('',#11866,#11867);
#7946=LINE('',#11869,#11870);
#7947=VERTEX_POINT('',#11872);
#7948=LINE('',#11873,#11874);
#7949=CIRCLE('',#11876,14.1972095242992);
#7950=LINE('',#11880,#11881);
#7951=VERTEX_POINT('',#11883);
#7952=VERTEX_POINT('',#11884);
#7953=LINE('',#11885,#11886);
#7954=LINE('',#11888,#11889);
#7955=VERTEX_POINT('',#11891);
#7956=LINE('',#11892,#11893);
#7957=LINE('',#11895,#11896);
#7958=VERTEX_POINT('',#11898);
#7959=LINE('',#11899,#11900);
#7960=VERTEX_POINT('',#11902);
#7961=LINE('',#11903,#11904);
#7962=VERTEX_POINT('',#11906);
#7963=LINE('',#11907,#11908);
#7964=VERTEX_POINT('',#11910);
#7965=LINE('',#11911,#11912);
#7966=VERTEX_POINT('',#11914);
#7967=LINE('',#11915,#11916);
#7968=LINE('',#11918,#11919);
#7969=VERTEX_POINT('',#11921);
#7970=LINE('',#11922,#11923);
#7971=LINE('',#11925,#11926);
#7972=VERTEX_POINT('',#11928);
#7973=VERTEX_POINT('',#11929);
#7974=LINE('',#11930,#11931);
#7975=LINE('',#11933,#11934);
#7976=VERTEX_POINT('',#11936);
#7977=LINE('',#11937,#11938);
#7978=VERTEX_POINT('',#11940);
#7979=LINE('',#11941,#11942);
#7980=VERTEX_POINT('',#11944);
#7981=LINE('',#11945,#11946);
#7982=LINE('',#11948,#11949);
#7983=VERTEX_POINT('',#11951);
#7984=LINE('',#11952,#11953);
#7985=VERTEX_POINT('',#11955);
#7986=LINE('',#11956,#11957);
#7987=LINE('',#11959,#11960);
#7988=VERTEX_POINT('',#11962);
#7989=LINE('',#11963,#11964);
#7990=LINE('',#11966,#11967);
#7991=VERTEX_POINT('',#11969);
#7992=CIRCLE('',#11970,1.7320508075792);
#7993=LINE('',#11974,#11975);
#7994=VERTEX_POINT('',#11977);
#7995=LINE('',#11978,#11979);
#7996=LINE('',#11981,#11982);
#7997=VERTEX_POINT('',#11984);
#7998=CIRCLE('',#11985,2.59669224170438);
#7999=LINE('',#11989,#11990);
#8000=VERTEX_POINT('',#11992);
#8001=LINE('',#11993,#11994);
#8002=CIRCLE('',#11996,38.5532978113629);
#8003=VERTEX_POINT('',#12000);
#8004=LINE('',#12001,#12002);
#8005=CIRCLE('',#12004,2.59669224170438);
#8006=VERTEX_POINT('',#12008);
#8007=LINE('',#12009,#12010);
#8008=LINE('',#12012,#12013);
#8009=VERTEX_POINT('',#12015);
#8010=CIRCLE('',#12016,1.7320508075792);
#8011=LINE('',#12020,#12021);
#8012=LINE('',#12023,#12024);
#8013=VERTEX_POINT('',#12026);
#8014=LINE('',#12027,#12028);
#8015=VERTEX_POINT('',#12030);
#8016=LINE('',#12031,#12032);
#8017=CIRCLE('',#12034,2.33358574029007);
#8018=VERTEX_POINT('',#12038);
#8019=LINE('',#12039,#12040);
#8020=B_SPLINE_CURVE_WITH_KNOTS('',3,
(#12042,#12043,#12044,#12045),
.UNSPECIFIED.,.F.,.F.,
(4,4),
(0.,1.),
.UNSPECIFIED.);
#8021=VERTEX_POINT('',#12046);
#8022=B_SPLINE_CURVE_WITH_KNOTS('',3,
(#12047,#12048,#12049,#12050),
.UNSPECIFIED.,.F.,.F.,
(4,4),
(0.,1.),
.UNSPECIFIED.);
#8023=(BOUNDED_CURVE()B_SPLINE_CURVE(2,
(#12051,#12052,#12053),
.UNSPECIFIED.,.F.,.F.)B_SPLINE_CURVE_WITH_KNOTS((3,3),
(0.,1.),
.UNSPECIFIED.)CURVE()GEOMETRIC_REPRESENTATION_ITEM()RATIONAL_B_SPLINE_CURVE((1.,
0.642787609686688,1.))REPRESENTATION_ITEM(''));
#8024=VERTEX_POINT('',#12054);
#8025=LINE('',#12055,#12056);
#8026=LINE('',#12058,#12059);
#8027=VERTEX_POINT('',#12061);
#8028=CIRCLE('',#12062,1.95604878944503);
#8029=LINE('',#12066,#12067);
#8030=VERTEX_POINT('',#12069);
#8031=CIRCLE('',#12070,38.5532978113629);
#8032=LINE('',#12074,#12075);
#8033=VERTEX_POINT('',#12077);
#8034=LINE('',#12078,#12079);
#8035=VERTEX_POINT('',#12081);
#8036=LINE('',#12082,#12083);
#8037=LINE('',#12085,#12086);
#8038=VERTEX_POINT('',#12088);
#8039=CIRCLE('',#12089,2.33358574029009);
#8040=LINE('',#12093,#12094);
#8041=VERTEX_POINT('',#12096);
#8042=VERTEX_POINT('',#12097);
#8043=LINE('',#12098,#12099);
#8044=VERTEX_POINT('',#12101);
#8045=LINE('',#12102,#12103);
#8046=LINE('',#12105,#12106);
#8047=VERTEX_POINT('',#12108);
#8048=LINE('',#12109,#12110);
#8049=LINE('',#12112,#12113);
#8050=VERTEX_POINT('',#12115);
#8051=VERTEX_POINT('',#12116);
#8052=LINE('',#12117,#12118);
#8053=VERTEX_POINT('',#12120);
#8054=LINE('',#12121,#12122);
#8055=LINE('',#12124,#12125);
#8056=VERTEX_POINT('',#12127);
#8057=LINE('',#12128,#12129);
#8058=VERTEX_POINT('',#12131);
#8059=LINE('',#12132,#12133);
#8060=VERTEX_POINT('',#12135);
#8061=LINE('',#12136,#12137);
#8062=LINE('',#12139,#12140);
#8063=VERTEX_POINT('',#12142);
#8064=CIRCLE('',#12143,2.33358574029009);
#8065=LINE('',#12147,#12148);
#8066=VERTEX_POINT('',#12150);
#8067=LINE('',#12151,#12152);
#8068=LINE('',#12154,#12155);
#8069=VERTEX_POINT('',#12157);
#8070=LINE('',#12158,#12159);
#8071=VERTEX_POINT('',#12161);
#8072=CIRCLE('',#12162,38.5532978113629);
#8073=LINE('',#12166,#12167);
#8074=VERTEX_POINT('',#12169);
#8075=CIRCLE('',#12170,1.95604878944503);
#8076=LINE('',#12174,#12175);
#8077=VERTEX_POINT('',#12177);
#8078=LINE('',#12178,#12179);
#8079=B_SPLINE_CURVE_WITH_KNOTS('',3,
(#12181,#12182,#12183,#12184),
.UNSPECIFIED.,.F.,.F.,
(4,4),
(0.,1.),
.UNSPECIFIED.);
#8080=VERTEX_POINT('',#12185);
#8081=(BOUNDED_CURVE()B_SPLINE_CURVE(2,
(#12186,#12187,#12188),
.UNSPECIFIED.,.F.,.F.)B_SPLINE_CURVE_WITH_KNOTS((3,3),
(0.,1.),
.UNSPECIFIED.)CURVE()GEOMETRIC_REPRESENTATION_ITEM()RATIONAL_B_SPLINE_CURVE((1.,
0.642787609686688,1.))REPRESENTATION_ITEM(''));
#8082=B_SPLINE_CURVE_WITH_KNOTS('',3,
(#12189,#12190,#12191,#12192),
.UNSPECIFIED.,.F.,.F.,
(4,4),
(0.,1.),
.UNSPECIFIED.);
#8083=VERTEX_POINT('',#12193);
#8084=LINE('',#12194,#12195);
#8085=LINE('',#12197,#12198);
#8086=CIRCLE('',#12200,2.33358574029007);
#8087=VERTEX_POINT('',#12204);
#8088=VERTEX_POINT('',#12205);
#8089=LINE('',#12206,#12207);
#8090=LINE('',#12209,#12210);
#8091=LINE('',#12212,#12213);
#8092=VERTEX_POINT('',#12215);
#8093=CIRCLE('',#12216,1.7320508075792);
#8094=LINE('',#12220,#12221);
#8095=VERTEX_POINT('',#12223);
#8096=LINE('',#12224,#12225);
#8097=LINE('',#12227,#12228);
#8098=VERTEX_POINT('',#12230);
#8099=CIRCLE('',#12231,2.59669224170438);
#8100=LINE('',#12235,#12236);
#8101=VERTEX_POINT('',#12238);
#8102=CIRCLE('',#12239,38.5532978113629);
#8103=LINE('',#12243,#12244);
#8104=VERTEX_POINT('',#12246);
#8105=LINE('',#12247,#12248);
#8106=CIRCLE('',#12250,2.59669224170438);
#8107=VERTEX_POINT('',#12254);
#8108=LINE('',#12255,#12256);
#8109=LINE('',#12258,#12259);
#8110=VERTEX_POINT('',#12261);
#8111=CIRCLE('',#12262,1.7320508075792);
#8112=LINE('',#12266,#12267);
#8113=VERTEX_POINT('',#12269);
#8114=LINE('',#12270,#12271);
#8115=LINE('',#12273,#12274);
#8116=VERTEX_POINT('',#12276);
#8117=VERTEX_POINT('',#12277);
#8118=LINE('',#12278,#12279);
#8119=LINE('',#12281,#12282);
#8120=LINE('',#12284,#12285);
#8121=VERTEX_POINT('',#12287);
#8122=LINE('',#12288,#12289);
#8123=VERTEX_POINT('',#12291);
#8124=LINE('',#12292,#12293);
#8125=VERTEX_POINT('',#12295);
#8126=LINE('',#12296,#12297);
#8127=VERTEX_POINT('',#12299);
#8128=LINE('',#12300,#12301);
#8129=VERTEX_POINT('',#12303);
#8130=LINE('',#12304,#12305);
#8131=LINE('',#12307,#12308);
#8132=VERTEX_POINT('',#12310);
#8133=LINE('',#12311,#12312);
#8134=LINE('',#12314,#12315);
#8135=VERTEX_POINT('',#12317);
#8136=VERTEX_POINT('',#12318);
#8137=LINE('',#12319,#12320);
#8138=LINE('',#12322,#12323);
#8139=VERTEX_POINT('',#12325);
#8140=LINE('',#12326,#12327);
#8141=VERTEX_POINT('',#12329);
#8142=LINE('',#12330,#12331);
#8143=VERTEX_POINT('',#12333);
#8144=LINE('',#12334,#12335);
#8145=LINE('',#12337,#12338);
#8146=VERTEX_POINT('',#12340);
#8147=LINE('',#12341,#12342);
#8148=LINE('',#12344,#12345);
#8149=VERTEX_POINT('',#12347);
#8150=VERTEX_POINT('',#12348);
#8151=LINE('',#12349,#12350);
#8152=VERTEX_POINT('',#12352);
#8153=LINE('',#12353,#12354);
#8154=LINE('',#12356,#12357);
#8155=VERTEX_POINT('',#12359);
#8156=LINE('',#12360,#12361);
#8157=VERTEX_POINT('',#12363);
#8158=LINE('',#12364,#12365);
#8159=VERTEX_POINT('',#12367);
#8160=LINE('',#12368,#12369);
#8161=LINE('',#12371,#12372);
#8162=VERTEX_POINT('',#12374);
#8163=CIRCLE('',#12375,2.33358574029009);
#8164=LINE('',#12379,#12380);
#8165=VERTEX_POINT('',#12382);
#8166=LINE('',#12383,#12384);
#8167=LINE('',#12386,#12387);
#8168=VERTEX_POINT('',#12389);
#8169=LINE('',#12390,#12391);
#8170=VERTEX_POINT('',#12393);
#8171=CIRCLE('',#12394,38.5532978113629);
#8172=LINE('',#12398,#12399);
#8173=VERTEX_POINT('',#12401);
#8174=CIRCLE('',#12402,1.95604878944503);
#8175=LINE('',#12406,#12407);
#8176=VERTEX_POINT('',#12409);
#8177=LINE('',#12410,#12411);
#8178=B_SPLINE_CURVE_WITH_KNOTS('',3,
(#12413,#12414,#12415,#12416),
.UNSPECIFIED.,.F.,.F.,
(4,4),
(0.,1.),
.UNSPECIFIED.);
#8179=VERTEX_POINT('',#12417);
#8180=(BOUNDED_CURVE()B_SPLINE_CURVE(2,
(#12418,#12419,#12420),
.UNSPECIFIED.,.F.,.F.)B_SPLINE_CURVE_WITH_KNOTS((3,3),
(0.,1.),
.UNSPECIFIED.)CURVE()GEOMETRIC_REPRESENTATION_ITEM()RATIONAL_B_SPLINE_CURVE((1.,
0.642787609686688,1.))REPRESENTATION_ITEM(''));
#8181=B_SPLINE_CURVE_WITH_KNOTS('',3,
(#12421,#12422,#12423,#12424),
.UNSPECIFIED.,.F.,.F.,
(4,4),
(0.,1.),
.UNSPECIFIED.);
#8182=VERTEX_POINT('',#12425);
#8183=LINE('',#12426,#12427);
#8184=LINE('',#12429,#12430);
#8185=CIRCLE('',#12432,2.33358574029007);
#8186=VERTEX_POINT('',#12436);
#8187=LINE('',#12437,#12438);
#8188=VERTEX_POINT('',#12440);
#8189=LINE('',#12441,#12442);
#8190=CIRCLE('',#12444,2.33358574029007);
#8191=VERTEX_POINT('',#12448);
#8192=LINE('',#12449,#12450);
#8193=B_SPLINE_CURVE_WITH_KNOTS('',3,
(#12452,#12453,#12454,#12455),
.UNSPECIFIED.,.F.,.F.,
(4,4),
(0.,1.),
.UNSPECIFIED.);
#8194=VERTEX_POINT('',#12456);
#8195=B_SPLINE_CURVE_WITH_KNOTS('',3,
(#12457,#12458,#12459,#12460),
.UNSPECIFIED.,.F.,.F.,
(4,4),
(0.,1.),
.UNSPECIFIED.);
#8196=(BOUNDED_CURVE()B_SPLINE_CURVE(2,
(#12461,#12462,#12463),
.UNSPECIFIED.,.F.,.F.)B_SPLINE_CURVE_WITH_KNOTS((3,3),
(0.,1.),
.UNSPECIFIED.)CURVE()GEOMETRIC_REPRESENTATION_ITEM()RATIONAL_B_SPLINE_CURVE((1.,
0.642787609686688,1.))REPRESENTATION_ITEM(''));
#8197=VERTEX_POINT('',#12464);
#8198=LINE('',#12465,#12466);
#8199=LINE('',#12468,#12469);
#8200=VERTEX_POINT('',#12471);
#8201=CIRCLE('',#12472,1.95604878944503);
#8202=LINE('',#12476,#12477);
#8203=VERTEX_POINT('',#12479);
#8204=CIRCLE('',#12480,38.5532978113629);
#8205=LINE('',#12484,#12485);
#8206=VERTEX_POINT('',#12487);
#8207=LINE('',#12488,#12489);
#8208=VERTEX_POINT('',#12491);
#8209=LINE('',#12492,#12493);
#8210=LINE('',#12495,#12496);
#8211=VERTEX_POINT('',#12498);
#8212=CIRCLE('',#12499,2.33358574029009);
#8213=LINE('',#12503,#12504);
#8214=VERTEX_POINT('',#12506);
#8215=VERTEX_POINT('',#12507);
#8216=LINE('',#12508,#12509);
#8217=VERTEX_POINT('',#12511);
#8218=LINE('',#12512,#12513);
#8219=LINE('',#12515,#12516);
#8220=VERTEX_POINT('',#12518);
#8221=LINE('',#12519,#12520);
#8222=LINE('',#12522,#12523);
#8223=VERTEX_POINT('',#12525);
#8224=CIRCLE('',#12526,1.45);
#8225=VERTEX_POINT('',#12530);
#8226=CIRCLE('',#12531,1.45);
#8227=VERTEX_POINT('',#12535);
#8228=CIRCLE('',#12536,1.45);
#8229=VERTEX_POINT('',#12540);
#8230=CIRCLE('',#12541,1.45);
#8231=VERTEX_POINT('',#12545);
#8232=VERTEX_POINT('',#12546);
#8233=LINE('',#12547,#12548);
#8234=LINE('',#12550,#12551);
#8235=LINE('',#12553,#12554);
#8236=VERTEX_POINT('',#12556);
#8237=LINE('',#12557,#12558);
#8238=VERTEX_POINT('',#12560);
#8239=LINE('',#12561,#12562);
#8240=LINE('',#12564,#12565);
#8241=LINE('',#12567,#12568);
#8242=LINE('',#12570,#12571);
#8243=LINE('',#12573,#12574);
#8244=VERTEX_POINT('',#12576);
#8245=CIRCLE('',#12577,15.7972095242992);
#8246=VERTEX_POINT('',#12581);
#8247=LINE('',#12582,#12583);
#8248=CIRCLE('',#12585,2.33358574029006);
#8249=VERTEX_POINT('',#12589);
#8250=LINE('',#12590,#12591);
#8251=VERTEX_POINT('',#12593);
#8252=CIRCLE('',#12594,36.153297811363);
#8253=LINE('',#12598,#12599);
#8254=VERTEX_POINT('',#12601);
#8255=CIRCLE('',#12602,2.33358574029006);
#8256=VERTEX_POINT('',#12606);
#8257=LINE('',#12607,#12608);
#8258=CIRCLE('',#12610,15.7972095242992);
#8259=LINE('',#12614,#12615);
#8260=VERTEX_POINT('',#12617);
#8261=CIRCLE('',#12618,15.7972095242992);
#8262=VERTEX_POINT('',#12622);
#8263=LINE('',#12623,#12624);
#8264=CIRCLE('',#12626,2.33358574029006);
#8265=VERTEX_POINT('',#12630);
#8266=LINE('',#12631,#12632);
#8267=VERTEX_POINT('',#12634);
#8268=CIRCLE('',#12635,36.153297811363);
#8269=LINE('',#12639,#12640);
#8270=VERTEX_POINT('',#12642);
#8271=CIRCLE('',#12643,2.33358574029006);
#8272=VERTEX_POINT('',#12647);
#8273=LINE('',#12648,#12649);
#8274=CIRCLE('',#12651,15.7972095242992);
#8275=VERTEX_POINT('',#12655);
#8276=LINE('',#12656,#12657);
#8277=VERTEX_POINT('',#12659);
#8278=LINE('',#12660,#12661);
#8279=LINE('',#12663,#12664);
#8280=VERTEX_POINT('',#12666);
#8281=LINE('',#12667,#12668);
#8282=VERTEX_POINT('',#12670);
#8283=LINE('',#12671,#12672);
#8284=LINE('',#12674,#12675);
#8285=VERTEX_POINT('',#12677);
#8286=CIRCLE('',#12678,1.85);
#8287=VERTEX_POINT('',#12682);
#8288=CIRCLE('',#12683,1.85);
#8289=VERTEX_POINT('',#12687);
#8290=VERTEX_POINT('',#12688);
#8291=B_SPLINE_CURVE_WITH_KNOTS('',3,
(#12689,#12690,#12691,#12692,#12693,#12694),
.UNSPECIFIED.,.F.,.F.,
(4,1,1,4),
(0.,0.333333333333333,0.666666666666667,1.),
.UNSPECIFIED.);
#8292=CIRCLE('',#12695,15.7972095242992);
#8293=LINE('',#12699,#12700);
#8294=VERTEX_POINT('',#12702);
#8295=LINE('',#12703,#12704);
#8296=VERTEX_POINT('',#12706);
#8297=LINE('',#12707,#12708);
#8298=LINE('',#12710,#12711);
#8299=VERTEX_POINT('',#12713);
#8300=LINE('',#12714,#12715);
#8301=VERTEX_POINT('',#12717);
#8302=CIRCLE('',#12718,15.7972095242992);
#8303=B_SPLINE_CURVE_WITH_KNOTS('',3,
(#12722,#12723,#12724,#12725,#12726,#12727),
.UNSPECIFIED.,.F.,.F.,
(4,1,1,4),
(0.,0.333333333333333,0.666666666666667,1.),
.UNSPECIFIED.);
#8304=VERTEX_POINT('',#12728);
#8305=VERTEX_POINT('',#12729);
#8306=B_SPLINE_CURVE_WITH_KNOTS('',3,
(#12730,#12731,#12732,#12733,#12734,#12735),
.UNSPECIFIED.,.F.,.F.,
(4,1,1,4),
(0.,0.333333333333333,0.666666666666667,1.),
.UNSPECIFIED.);
#8307=CIRCLE('',#12736,15.7972095242992);
#8308=LINE('',#12740,#12741);
#8309=VERTEX_POINT('',#12743);
#8310=LINE('',#12744,#12745);
#8311=VERTEX_POINT('',#12747);
#8312=LINE('',#12748,#12749);
#8313=LINE('',#12751,#12752);
#8314=VERTEX_POINT('',#12754);
#8315=LINE('',#12755,#12756);
#8316=VERTEX_POINT('',#12758);
#8317=CIRCLE('',#12759,15.7972095242992);
#8318=B_SPLINE_CURVE_WITH_KNOTS('',3,
(#12763,#12764,#12765,#12766,#12767,#12768),
.UNSPECIFIED.,.F.,.F.,
(4,1,1,4),
(0.,0.333333333333333,0.666666666666667,1.),
.UNSPECIFIED.);
#8319=VERTEX_POINT('',#12769);
#8320=VERTEX_POINT('',#12770);
#8321=B_SPLINE_CURVE_WITH_KNOTS('',3,
(#12771,#12772,#12773,#12774,#12775,#12776,#12777,#12778,#12779,#12780,#12781),
.UNSPECIFIED.,.F.,.F.,
(4,1,1,1,1,1,1,1,4),
(0.,0.128129150054929,0.239078919694544,0.337346990571259,0.437097723290016,0.561127244475395,
0.728714249188699,0.881598869968304,1.),
.UNSPECIFIED.);
#8322=LINE('',#12782,#12783);
#8323=VERTEX_POINT('',#12785);
#8324=LINE('',#12786,#12787);
#8325=CIRCLE('',#12789,14.1972095242992);
#8326=VERTEX_POINT('',#12793);
#8327=VERTEX_POINT('',#12794);
#8328=LINE('',#12795,#12796);
#8329=LINE('',#12798,#12799);
#8330=VERTEX_POINT('',#12801);
#8331=CIRCLE('',#12802,14.14674098444);
#8332=VERTEX_POINT('',#12806);
#8333=LINE('',#12807,#12808);
#8334=CIRCLE('',#12810,13.3467409863906);
#8335=VERTEX_POINT('',#12814);
#8336=B_SPLINE_CURVE_WITH_KNOTS('',3,
(#12815,#12816,#12817,#12818,#12819,#12820,#12821,#12822,#12823,#12824,#12825,#12826,
#12827,#12828,#12829,#12830),
.UNSPECIFIED.,.F.,.F.,
(4,1,1,1,1,1,1,1,1,1,1,1,1,4),
(0.,0.0976204567849536,0.184377538353494,0.25809009775104,0.331581828363968,0.402937486983859,
0.474729446296487,0.549080676791166,0.625746234123082,0.704411190567613,0.783432886926514,
0.859387025131191,0.931702183838688,1.),
.UNSPECIFIED.);
#8337=VERTEX_POINT('',#12831);
#8338=LINE('',#12832,#12833);
#8339=VERTEX_POINT('',#12835);
#8340=CIRCLE('',#12836,6.1);
#8341=VERTEX_POINT('',#12840);
#8342=LINE('',#12841,#12842);
#8343=B_SPLINE_CURVE_WITH_KNOTS('',3,
(#12844,#12845,#12846,#12847,#12848,#12849,#12850,#12851,#12852,#12853,#12854,#12855,
#12856,#12857,#12858,#12859),
.UNSPECIFIED.,.F.,.F.,
(4,1,1,1,1,1,1,1,1,1,1,1,1,4),
(0.,0.106712006559638,0.199146504254435,0.278584363382066,0.357814697998063,0.435561398686384,
0.509780535486483,0.582030668778306,0.653737366280543,0.725820815567486,0.800865539862467,
0.876260483921779,0.943523533565613,1.),
.UNSPECIFIED.);
#8344=VERTEX_POINT('',#12860);
#8345=(BOUNDED_CURVE()B_SPLINE_CURVE(3,
(#12861,#12862,#12863,#12864),
.UNSPECIFIED.,.F.,.F.)B_SPLINE_CURVE_WITH_KNOTS((4,4),
(0.,1.),
.UNSPECIFIED.)CURVE()GEOMETRIC_REPRESENTATION_ITEM()RATIONAL_B_SPLINE_CURVE((1.,
0.988979957234868,0.988979957234868,1.))REPRESENTATION_ITEM(''));
#8346=VERTEX_POINT('',#12865);
#8347=CIRCLE('',#12866,6.1);
#8348=VERTEX_POINT('',#12870);
#8349=CIRCLE('',#12871,6.1);
#8350=VERTEX_POINT('',#12875);
#8351=CIRCLE('',#12876,6.1);
#8352=VERTEX_POINT('',#12880);
#8353=(BOUNDED_CURVE()B_SPLINE_CURVE(3,
(#12881,#12882,#12883,#12884),
.UNSPECIFIED.,.F.,.F.)B_SPLINE_CURVE_WITH_KNOTS((4,4),
(0.,1.),
.UNSPECIFIED.)CURVE()GEOMETRIC_REPRESENTATION_ITEM()RATIONAL_B_SPLINE_CURVE((1.,
0.988979957234869,0.988979957234869,1.))REPRESENTATION_ITEM(''));
#8354=LINE('',#12885,#12886);
#8355=VERTEX_POINT('',#12888);
#8356=CIRCLE('',#12889,6.1);
#8357=LINE('',#12893,#12894);
#8358=VERTEX_POINT('',#12896);
#8359=LINE('',#12897,#12898);
#8360=VERTEX_POINT('',#12900);
#8361=CIRCLE('',#12901,4.95);
#8362=LINE('',#12905,#12906);
#8363=VERTEX_POINT('',#12908);
#8364=LINE('',#12909,#12910);
#8365=LINE('',#12912,#12913);
#8366=LINE('',#12915,#12916);
#8367=LINE('',#12918,#12919);
#8368=LINE('',#12921,#12922);
#8369=VERTEX_POINT('',#12924);
#8370=CIRCLE('',#12925,4.15);
#8371=LINE('',#12929,#12930);
#8372=VERTEX_POINT('',#12932);
#8373=LINE('',#12933,#12934);
#8374=LINE('',#12936,#12937);
#8375=CIRCLE('',#12939,6.1);
#8376=LINE('',#12943,#12944);
#8377=VERTEX_POINT('',#12946);
#8378=LINE('',#12947,#12948);
#8379=VERTEX_POINT('',#12950);
#8380=B_SPLINE_CURVE_WITH_KNOTS('',3,
(#12951,#12952,#12953,#12954,#12955,#12956,#12957,#12958,#12959,#12960,#12961,#12962),
.UNSPECIFIED.,.F.,.F.,
(4,2,2,2,2,4),
(0.,0.252651245556369,0.517688446390053,0.782745575018196,0.987681610672785,1.),
.UNSPECIFIED.);
#8381=VERTEX_POINT('',#12963);
#8382=LINE('',#12964,#12965);
#8383=LINE('',#12967,#12968);
#8384=VERTEX_POINT('',#12970);
#8385=B_SPLINE_CURVE_WITH_KNOTS('',3,
(#12971,#12972,#12973,#12974,#12975,#12976),
.UNSPECIFIED.,.F.,.F.,
(4,1,1,4),
(0.,0.333333333333333,0.666666666666667,1.),
.UNSPECIFIED.);
#8386=VERTEX_POINT('',#12977);
#8387=B_SPLINE_CURVE_WITH_KNOTS('',3,
(#12978,#12979,#12980,#12981,#12982,#12983,#12984,#12985,#12986,#12987,#12988,#12989,
#12990,#12991,#12992,#12993),
.UNSPECIFIED.,.F.,.F.,
(4,1,1,1,1,1,1,1,1,1,1,1,1,4),
(0.,0.10901653585895,0.196302681843049,0.263718477537292,0.323291789340173,0.407176870278609,
0.539143560307997,0.674940361509841,0.799533524748099,0.884390979539322,0.934812274695573,
0.967531072906002,0.982474634648421,1.),
.UNSPECIFIED.);
#8388=VERTEX_POINT('',#12994);
#8389=CIRCLE('',#12995,34.553297811363);
#8390=VERTEX_POINT('',#12999);
#8391=B_SPLINE_CURVE_WITH_KNOTS('',3,
(#13000,#13001,#13002,#13003,#13004,#13005,#13006,#13007,#13008,#13009,#13010,#13011,
#13012,#13013,#13014,#13015),
.UNSPECIFIED.,.F.,.F.,
(4,1,1,1,1,1,1,1,1,1,1,1,1,4),
(0.,0.109016535830804,0.196302681790146,0.263718477465413,0.323291789336573,0.407176870352377,
0.539143560437887,0.674940361621036,0.799533524856167,0.884390979609006,0.934812274735126,
0.967531072892453,0.982474634639496,1.),
.UNSPECIFIED.);
#8392=VERTEX_POINT('',#13016);
#8393=B_SPLINE_CURVE_WITH_KNOTS('',3,
(#13017,#13018,#13019,#13020,#13021,#13022),
.UNSPECIFIED.,.F.,.F.,
(4,1,1,4),
(0.,0.333333333333333,0.666666666666667,1.),
.UNSPECIFIED.);
#8394=LINE('',#13023,#13024);
#8395=VERTEX_POINT('',#13026);
#8396=LINE('',#13027,#13028);
#8397=VERTEX_POINT('',#13030);
#8398=B_SPLINE_CURVE_WITH_KNOTS('',3,
(#13031,#13032,#13033,#13034,#13035,#13036,#13037,#13038,#13039,#13040,#13041,#13042),
.UNSPECIFIED.,.F.,.F.,
(4,2,2,2,2,4),
(0.,0.25265124555637,0.517688446390054,0.782745575018197,0.987681610672787,1.),
.UNSPECIFIED.);
#8399=VERTEX_POINT('',#13043);
#8400=LINE('',#13044,#13045);
#8401=LINE('',#13047,#13048);
#8402=VERTEX_POINT('',#13050);
#8403=LINE('',#13051,#13052);
#8404=B_SPLINE_CURVE_WITH_KNOTS('',3,
(#13054,#13055,#13056,#13057,#13058,#13059,#13060,#13061,#13062,#13063,#13064,#13065,
#13066,#13067,#13068,#13069),
.UNSPECIFIED.,.F.,.F.,
(4,1,1,1,1,1,1,1,1,1,1,1,1,4),
(0.,0.0976204567808966,0.184377538346748,0.258090097743418,0.331581828355279,0.402937486975326,
0.474729446287164,0.549080676782182,0.625746234113799,0.704411190559032,0.783432886920446,
0.859387025131755,0.931702183842072,1.),
.UNSPECIFIED.);
#8405=VERTEX_POINT('',#13070);
#8406=(BOUNDED_CURVE()B_SPLINE_CURVE(3,
(#13071,#13072,#13073,#13074),
.UNSPECIFIED.,.F.,.F.)B_SPLINE_CURVE_WITH_KNOTS((4,4),
(0.,1.),
.UNSPECIFIED.)CURVE()GEOMETRIC_REPRESENTATION_ITEM()RATIONAL_B_SPLINE_CURVE((1.,
0.988979957234869,0.988979957234869,1.))REPRESENTATION_ITEM(''));
#8407=VERTEX_POINT('',#13075);
#8408=CIRCLE('',#13076,6.1);
#8409=VERTEX_POINT('',#13080);
#8410=CIRCLE('',#13081,6.1);
#8411=VERTEX_POINT('',#13085);
#8412=CIRCLE('',#13086,6.1);
#8413=VERTEX_POINT('',#13090);
#8414=(BOUNDED_CURVE()B_SPLINE_CURVE(3,
(#13091,#13092,#13093,#13094),
.UNSPECIFIED.,.F.,.F.)B_SPLINE_CURVE_WITH_KNOTS((4,4),
(0.,1.),
.UNSPECIFIED.)CURVE()GEOMETRIC_REPRESENTATION_ITEM()RATIONAL_B_SPLINE_CURVE((1.,
0.988979957234868,0.988979957234868,1.))REPRESENTATION_ITEM(''));
#8415=LINE('',#13095,#13096);
#8416=VERTEX_POINT('',#13098);
#8417=B_SPLINE_CURVE_WITH_KNOTS('',3,
(#13099,#13100,#13101,#13102,#13103,#13104,#13105,#13106,#13107,#13108,#13109,#13110,
#13111,#13112,#13113,#13114),
.UNSPECIFIED.,.F.,.F.,
(4,1,1,1,1,1,1,1,1,1,1,1,1,4),
(0.,0.106712006562263,0.199146504259926,0.278584363389697,0.357814698007081,0.435561398695721,
0.509780535496824,0.582030668789205,0.653737366291542,0.725820815576242,0.800865539865466,
0.876260483915472,0.94352353355761,1.),
.UNSPECIFIED.);
#8418=VERTEX_POINT('',#13115);
#8419=LINE('',#13116,#13117);
#8420=VERTEX_POINT('',#13119);
#8421=CIRCLE('',#13120,6.1);
#8422=LINE('',#13124,#13125);
#8423=VERTEX_POINT('',#13127);
#8424=CIRCLE('',#13128,6.1);
#8425=VERTEX_POINT('',#13132);
#8426=VERTEX_POINT('',#13133);
#8427=LINE('',#13134,#13135);
#8428=LINE('',#13137,#13138);
#8429=LINE('',#13140,#13141);
#8430=LINE('',#13143,#13144);
#8431=LINE('',#13146,#13147);
#8432=LINE('',#13149,#13150);
#8433=VERTEX_POINT('',#13152);
#8434=CIRCLE('',#13153,4.15);
#8435=LINE('',#13157,#13158);
#8436=VERTEX_POINT('',#13160);
#8437=LINE('',#13161,#13162);
#8438=VERTEX_POINT('',#13164);
#8439=LINE('',#13165,#13166);
#8440=LINE('',#13168,#13169);
#8441=CIRCLE('',#13171,4.95);
#8442=CIRCLE('',#13175,6.1);
#8443=LINE('',#13179,#13180);
#8444=VERTEX_POINT('',#13182);
#8445=LINE('',#13183,#13184);
#8446=VERTEX_POINT('',#13186);
#8447=CIRCLE('',#13187,13.3467409863906);
#8448=VERTEX_POINT('',#13191);
#8449=LINE('',#13192,#13193);
#8450=VERTEX_POINT('',#13195);
#8451=CIRCLE('',#13196,14.14674098444);
#8452=LINE('',#13200,#13201);
#8453=VERTEX_POINT('',#13203);
#8454=B_SPLINE_CURVE_WITH_KNOTS('',3,
(#13204,#13205,#13206,#13207,#13208,#13209,#13210,#13211,#13212,#13213,#13214),
.UNSPECIFIED.,.F.,.F.,
(4,1,1,1,1,1,1,1,4),
(0.,0.129260801497347,0.238639685752127,0.331763264755996,0.424543247182892,0.539886868105121,
0.693168942501119,0.85285232863397,1.),
.UNSPECIFIED.);
#8455=VERTEX_POINT('',#13215);
#8456=CIRCLE('',#13216,14.1972095242992);
#8457=LINE('',#13220,#13221);
#8458=VERTEX_POINT('',#13223);
#8459=LINE('',#13224,#13225);
#8460=LINE('',#13227,#13228);
#8461=VERTEX_POINT('',#13230);
#8462=CIRCLE('',#13231,14.1972095242992);
#8463=VERTEX_POINT('',#13235);
#8464=B_SPLINE_CURVE_WITH_KNOTS('',3,
(#13236,#13237,#13238,#13239,#13240,#13241,#13242,#13243,#13244,#13245,#13246),
.UNSPECIFIED.,.F.,.F.,
(4,1,1,1,1,1,1,1,4),
(0.,0.129260801493072,0.238639685745617,0.331763264748779,0.424543247176407,0.539886868098626,
0.693168942493356,0.852852328628297,1.),
.UNSPECIFIED.);
#8465=LINE('',#13247,#13248);
#8466=VERTEX_POINT('',#13250);
#8467=CIRCLE('',#13251,14.14674098444);
#8468=VERTEX_POINT('',#13255);
#8469=LINE('',#13256,#13257);
#8470=VERTEX_POINT('',#13259);
#8471=CIRCLE('',#13260,13.3467409863906);
#8472=VERTEX_POINT('',#13264);
#8473=LINE('',#13265,#13266);
#8474=LINE('',#13268,#13269);
#8475=VERTEX_POINT('',#13271);
#8476=VERTEX_POINT('',#13272);
#8477=CIRCLE('',#13273,6.1);
#8478=VERTEX_POINT('',#13277);
#8479=CIRCLE('',#13278,6.1);
#8480=VERTEX_POINT('',#13282);
#8481=CIRCLE('',#13283,6.1);
#8482=VERTEX_POINT('',#13287);
#8483=(BOUNDED_CURVE()B_SPLINE_CURVE(3,
(#13288,#13289,#13290,#13291),
.UNSPECIFIED.,.F.,.F.)B_SPLINE_CURVE_WITH_KNOTS((4,4),
(0.,1.),
.UNSPECIFIED.)CURVE()GEOMETRIC_REPRESENTATION_ITEM()RATIONAL_B_SPLINE_CURVE((1.,
0.988979957234869,0.988979957234869,1.))REPRESENTATION_ITEM(''));
#8484=LINE('',#13292,#13293);
#8485=VERTEX_POINT('',#13295);
#8486=B_SPLINE_CURVE_WITH_KNOTS('',3,
(#13296,#13297,#13298,#13299,#13300,#13301,#13302,#13303,#13304,#13305,#13306,#13307,
#13308,#13309,#13310,#13311),
.UNSPECIFIED.,.F.,.F.,
(4,1,1,1,1,1,1,1,1,1,1,1,1,4),
(0.,0.0976204567809316,0.184377538347492,0.258090097745305,0.33158182835884,0.40293748697911,
0.474729446291463,0.549080676786018,0.625746234117363,0.704411190565829,0.783432886936072,
0.859387025158186,0.931702183863687,1.),
.UNSPECIFIED.);
#8487=VERTEX_POINT('',#13312);
#8488=LINE('',#13313,#13314);
#8489=VERTEX_POINT('',#13316);
#8490=CIRCLE('',#13317,6.1);
#8491=VERTEX_POINT('',#13321);
#8492=LINE('',#13322,#13323);
#8493=B_SPLINE_CURVE_WITH_KNOTS('',3,
(#13325,#13326,#13327,#13328,#13329,#13330,#13331,#13332,#13333,#13334,#13335,#13336,
#13337,#13338,#13339,#13340),
.UNSPECIFIED.,.F.,.F.,
(4,1,1,1,1,1,1,1,1,1,1,1,1,4),
(0.,0.106712006562465,0.199146504260144,0.278584363389368,0.357814698006411,0.435561398694826,
0.509780535495707,0.58203066878793,0.653737366289927,0.725820815575797,0.800865539867386,
0.876260483923155,0.943523533564763,1.),
.UNSPECIFIED.);
#8494=(BOUNDED_CURVE()B_SPLINE_CURVE(3,
(#13341,#13342,#13343,#13344),
.UNSPECIFIED.,.F.,.F.)B_SPLINE_CURVE_WITH_KNOTS((4,4),
(0.,1.),
.UNSPECIFIED.)CURVE()GEOMETRIC_REPRESENTATION_ITEM()RATIONAL_B_SPLINE_CURVE((1.,
0.988979957234868,0.988979957234868,1.))REPRESENTATION_ITEM(''));
#8495=VERTEX_POINT('',#13345);
#8496=CIRCLE('',#13346,6.1);
#8497=LINE('',#13350,#13351);
#8498=VERTEX_POINT('',#13353);
#8499=LINE('',#13354,#13355);
#8500=VERTEX_POINT('',#13357);
#8501=CIRCLE('',#13358,4.95);
#8502=LINE('',#13362,#13363);
#8503=VERTEX_POINT('',#13365);
#8504=LINE('',#13366,#13367);
#8505=LINE('',#13369,#13370);
#8506=LINE('',#13372,#13373);
#8507=LINE('',#13375,#13376);
#8508=LINE('',#13378,#13379);
#8509=VERTEX_POINT('',#13381);
#8510=CIRCLE('',#13382,4.15);
#8511=LINE('',#13386,#13387);
#8512=VERTEX_POINT('',#13389);
#8513=LINE('',#13390,#13391);
#8514=LINE('',#13393,#13394);
#8515=CIRCLE('',#13396,6.1);
#8516=LINE('',#13400,#13401);
#8517=VERTEX_POINT('',#13403);
#8518=LINE('',#13404,#13405);
#8519=VERTEX_POINT('',#13407);
#8520=B_SPLINE_CURVE_WITH_KNOTS('',3,
(#13408,#13409,#13410,#13411,#13412,#13413,#13414,#13415,#13416,#13417,#13418,#13419),
.UNSPECIFIED.,.F.,.F.,
(4,2,2,2,2,4),
(0.,0.252651245556368,0.517688446390053,0.782745575018198,0.987681610672786,1.),
.UNSPECIFIED.);
#8521=VERTEX_POINT('',#13420);
#8522=LINE('',#13421,#13422);
#8523=LINE('',#13424,#13425);
#8524=VERTEX_POINT('',#13427);
#8525=B_SPLINE_CURVE_WITH_KNOTS('',3,
(#13428,#13429,#13430,#13431,#13432,#13433,#13434),
.UNSPECIFIED.,.F.,.F.,
(4,1,1,1,4),
(0.,0.333333333333333,0.666666666666667,0.888888888888889,1.),
.UNSPECIFIED.);
#8526=VERTEX_POINT('',#13435);
#8527=B_SPLINE_CURVE_WITH_KNOTS('',3,
(#13436,#13437,#13438,#13439,#13440,#13441,#13442,#13443,#13444,#13445,#13446,#13447,
#13448,#13449,#13450,#13451),
.UNSPECIFIED.,.F.,.F.,
(4,1,1,1,1,1,1,1,1,1,1,1,1,4),
(0.,0.109016535817754,0.196302681765533,0.263718477431764,0.323291789332259,0.407176870380618,
0.539143560506322,0.674940361698945,0.799533524962058,0.884390979680876,0.93481227477431,
0.967531072878626,0.982474634630045,1.),
.UNSPECIFIED.);
#8528=VERTEX_POINT('',#13452);
#8529=CIRCLE('',#13453,34.553297811363);
#8530=VERTEX_POINT('',#13457);
#8531=B_SPLINE_CURVE_WITH_KNOTS('',3,
(#13458,#13459,#13460,#13461,#13462,#13463,#13464,#13465,#13466,#13467,#13468,#13469,
#13470,#13471,#13472,#13473),
.UNSPECIFIED.,.F.,.F.,
(4,1,1,1,1,1,1,1,1,1,1,1,1,4),
(0.,0.109016535812664,0.196302681755883,0.263718477418505,0.323291789331493,0.407176870394396,
0.539143560535004,0.674940361735222,0.799533524995652,0.884390979730144,0.934812274809837,
0.967531072908068,0.982474634633051,1.),
.UNSPECIFIED.);
#8532=VERTEX_POINT('',#13474);
#8533=B_SPLINE_CURVE_WITH_KNOTS('',3,
(#13475,#13476,#13477,#13478,#13479,#13480),
.UNSPECIFIED.,.F.,.F.,
(4,1,1,4),
(0.,0.333333333333333,0.666666666666667,1.),
.UNSPECIFIED.);
#8534=LINE('',#13481,#13482);
#8535=VERTEX_POINT('',#13484);
#8536=LINE('',#13485,#13486);
#8537=VERTEX_POINT('',#13488);
#8538=B_SPLINE_CURVE_WITH_KNOTS('',3,
(#13489,#13490,#13491,#13492,#13493,#13494,#13495,#13496,#13497,#13498,#13499,#13500),
.UNSPECIFIED.,.F.,.F.,
(4,2,2,2,2,4),
(0.,0.252651245556369,0.517688446390053,0.782745575018197,0.987681610672786,1.),
.UNSPECIFIED.);
#8539=VERTEX_POINT('',#13501);
#8540=LINE('',#13502,#13503);
#8541=LINE('',#13505,#13506);
#8542=VERTEX_POINT('',#13508);
#8543=LINE('',#13509,#13510);
#8544=B_SPLINE_CURVE_WITH_KNOTS('',3,
(#13512,#13513,#13514,#13515,#13516,#13517,#13518,#13519,#13520,#13521,#13522,#13523,
#13524,#13525,#13526,#13527),
.UNSPECIFIED.,.F.,.F.,
(4,1,1,1,1,1,1,1,1,1,1,1,1,4),
(0.,0.0976204567829749,0.1843775383507,0.2580900977485,0.331581828361845,0.402937486981876,
0.474729446294767,0.549080676789289,0.625746234121663,0.704411190563465,0.783432886911696,
0.859387025097354,0.93170218380807,1.),
.UNSPECIFIED.);
#8545=VERTEX_POINT('',#13528);
#8546=VERTEX_POINT('',#13529);
#8547=(BOUNDED_CURVE()B_SPLINE_CURVE(3,
(#13530,#13531,#13532,#13533),
.UNSPECIFIED.,.F.,.F.)B_SPLINE_CURVE_WITH_KNOTS((4,4),
(0.,1.),
.UNSPECIFIED.)CURVE()GEOMETRIC_REPRESENTATION_ITEM()RATIONAL_B_SPLINE_CURVE((1.,
0.988979957234869,0.988979957234869,1.))REPRESENTATION_ITEM(''));
#8548=LINE('',#13534,#13535);
#8549=VERTEX_POINT('',#13537);
#8550=B_SPLINE_CURVE_WITH_KNOTS('',3,
(#13538,#13539,#13540,#13541,#13542,#13543,#13544,#13545,#13546,#13547,#13548,#13549,
#13550,#13551,#13552,#13553),
.UNSPECIFIED.,.F.,.F.,
(4,1,1,1,1,1,1,1,1,1,1,1,1,4),
(0.,0.106712006561048,0.199146504258732,0.278584363388756,0.357814698006915,0.435561398695611,
0.509780535497307,0.582030668789687,0.653737366291815,0.725820815576368,0.800865539863857,
0.876260483913043,0.943523533555299,1.),
.UNSPECIFIED.);
#8551=VERTEX_POINT('',#13554);
#8552=LINE('',#13555,#13556);
#8553=VERTEX_POINT('',#13558);
#8554=CIRCLE('',#13559,6.1);
#8555=LINE('',#13563,#13564);
#8556=VERTEX_POINT('',#13566);
#8557=(BOUNDED_CURVE()B_SPLINE_CURVE(3,
(#13567,#13568,#13569,#13570),
.UNSPECIFIED.,.F.,.F.)B_SPLINE_CURVE_WITH_KNOTS((4,4),
(0.,1.),
.UNSPECIFIED.)CURVE()GEOMETRIC_REPRESENTATION_ITEM()RATIONAL_B_SPLINE_CURVE((1.,
0.988979957234868,0.988979957234868,1.))REPRESENTATION_ITEM(''));
#8558=VERTEX_POINT('',#13571);
#8559=CIRCLE('',#13572,6.1);
#8560=VERTEX_POINT('',#13576);
#8561=CIRCLE('',#13577,6.1);
#8562=CIRCLE('',#13581,6.1);
#8563=VERTEX_POINT('',#13585);
#8564=CIRCLE('',#13586,6.1);
#8565=VERTEX_POINT('',#13590);
#8566=VERTEX_POINT('',#13591);
#8567=LINE('',#13592,#13593);
#8568=LINE('',#13595,#13596);
#8569=LINE('',#13598,#13599);
#8570=LINE('',#13601,#13602);
#8571=LINE('',#13604,#13605);
#8572=LINE('',#13607,#13608);
#8573=VERTEX_POINT('',#13610);
#8574=CIRCLE('',#13611,4.15);
#8575=LINE('',#13615,#13616);
#8576=VERTEX_POINT('',#13618);
#8577=LINE('',#13619,#13620);
#8578=VERTEX_POINT('',#13622);
#8579=LINE('',#13623,#13624);
#8580=LINE('',#13626,#13627);
#8581=CIRCLE('',#13629,4.95);
#8582=CIRCLE('',#13633,6.1);
#8583=LINE('',#13637,#13638);
#8584=VERTEX_POINT('',#13640);
#8585=VERTEX_POINT('',#13641);
#8586=CIRCLE('',#13642,14.14674098444);
#8587=LINE('',#13646,#13647);
#8588=VERTEX_POINT('',#13649);
#8589=LINE('',#13650,#13651);
#8590=VERTEX_POINT('',#13653);
#8591=CIRCLE('',#13654,13.3467409863906);
#8592=LINE('',#13658,#13659);
#8593=VERTEX_POINT('',#13661);
#8594=VERTEX_POINT('',#13662);
#8595=CIRCLE('',#13663,14.1972095242992);
#8596=LINE('',#13667,#13668);
#8597=B_SPLINE_CURVE_WITH_KNOTS('',3,
(#13670,#13671,#13672,#13673,#13674,#13675,#13676,#13677,#13678,#13679,#13680),
.UNSPECIFIED.,.F.,.F.,
(4,1,1,1,1,1,1,1,4),
(0.,0.128129150055888,0.239078919695754,0.337346990571899,0.437097723289469,0.561127244472439,
0.728714249170613,0.881598869950834,1.),
.UNSPECIFIED.);
#8598=LINE('',#13681,#13682);
#8599=LINE('',#13684,#13685);
#8600=LINE('',#13687,#13688);
#8601=LINE('',#13690,#13691);
#8602=LINE('',#13693,#13694);
#8603=LINE('',#13696,#13697);
#8604=VERTEX_POINT('',#13699);
#8605=LINE('',#13700,#13701);
#8606=LINE('',#13703,#13704);
#8607=LINE('',#13706,#13707);
#8608=VERTEX_POINT('',#13709);
#8609=LINE('',#13710,#13711);
#8610=CIRCLE('',#13713,2.33358574029008);
#8611=VERTEX_POINT('',#13717);
#8612=LINE('',#13718,#13719);
#8613=VERTEX_POINT('',#13721);
#8614=LINE('',#13722,#13723);
#8615=LINE('',#13725,#13726);
#8616=VERTEX_POINT('',#13728);
#8617=CIRCLE('',#13729,2.33358574029008);
#8618=LINE('',#13733,#13734);
#8619=VERTEX_POINT('',#13736);
#8620=CIRCLE('',#13737,2.33358574029008);
#8621=LINE('',#13741,#13742);
#8622=VERTEX_POINT('',#13744);
#8623=VERTEX_POINT('',#13745);
#8624=LINE('',#13746,#13747);
#8625=CIRCLE('',#13749,2.33358574029008);
#8626=CIRCLE('',#13753,2.33358574029008);
#8627=LINE('',#13757,#13758);
#8628=LINE('',#13760,#13761);
#8629=VERTEX_POINT('',#13763);
#8630=LINE('',#13764,#13765);
#8631=CIRCLE('',#13767,2.33358574029008);
#8632=VERTEX_POINT('',#13771);
#8633=LINE('',#13772,#13773);
#8634=VERTEX_POINT('',#13775);
#8635=LINE('',#13776,#13777);
#8636=LINE('',#13779,#13780);
#8637=VERTEX_POINT('',#13782);
#8638=LINE('',#13783,#13784);
#8639=LINE('',#13786,#13787);
#8640=LINE('',#13789,#13790);
#8641=LINE('',#13792,#13793);
#8642=LINE('',#13795,#13796);
#8643=LINE('',#13798,#13799);
#8644=LINE('',#13801,#13802);
#8645=VERTEX_POINT('',#13804);
#8646=VERTEX_POINT('',#13805);
#8647=LINE('',#13806,#13807);
#8648=CIRCLE('',#13809,2.33358574029008);
#8649=CIRCLE('',#13813,2.33358574029008);
#8650=LINE('',#13817,#13818);
#8651=LINE('',#13820,#13821);
#8652=VERTEX_POINT('',#13823);
#8653=LINE('',#13824,#13825);
#8654=CIRCLE('',#13827,2.33358574029008);
#8655=VERTEX_POINT('',#13831);
#8656=LINE('',#13832,#13833);
#8657=VERTEX_POINT('',#13835);
#8658=LINE('',#13836,#13837);
#8659=LINE('',#13839,#13840);
#8660=VERTEX_POINT('',#13842);
#8661=LINE('',#13843,#13844);
#8662=LINE('',#13846,#13847);
#8663=VERTEX_POINT('',#13849);
#8664=LINE('',#13850,#13851);
#8665=LINE('',#13853,#13854);
#8666=LINE('',#13856,#13857);
#8667=VERTEX_POINT('',#13859);
#8668=LINE('',#13860,#13861);
#8669=CIRCLE('',#13863,2.33358574029008);
#8670=VERTEX_POINT('',#13867);
#8671=LINE('',#13868,#13869);
#8672=VERTEX_POINT('',#13871);
#8673=LINE('',#13872,#13873);
#8674=LINE('',#13875,#13876);
#8675=VERTEX_POINT('',#13878);
#8676=CIRCLE('',#13879,2.33358574029008);
#8677=LINE('',#13883,#13884);
#8678=VERTEX_POINT('',#13886);
#8679=CIRCLE('',#13887,2.33358574029008);
#8680=LINE('',#13891,#13892);
#8681=VERTEX_POINT('',#13894);
#8682=CIRCLE('',#13895,14.3467409864638);
#8683=VERTEX_POINT('',#13899);
#8684=LINE('',#13900,#13901);
#8685=VERTEX_POINT('',#13903);
#8686=CIRCLE('',#13904,13.1467409821416);
#8687=LINE('',#13908,#13909);
#8688=VERTEX_POINT('',#13911);
#8689=VERTEX_POINT('',#13912);
#8690=CIRCLE('',#13913,36.153297811363);
#8691=VERTEX_POINT('',#13917);
#8692=B_SPLINE_CURVE_WITH_KNOTS('',3,
(#13918,#13919,#13920,#13921,#13922,#13923,#13924,#13925,#13926,#13927,#13928),
.UNSPECIFIED.,.F.,.F.,
(4,1,1,1,1,1,1,1,4),
(0.,0.138069702628819,0.263310658860144,0.375722868693974,0.492420838423402,0.613879198106659,
0.742566783569531,0.871887609985084,1.),
.UNSPECIFIED.);
#8693=VERTEX_POINT('',#13929);
#8694=B_SPLINE_CURVE_WITH_KNOTS('',3,
(#13930,#13931,#13932,#13933,#13934,#13935),
.UNSPECIFIED.,.F.,.F.,
(4,1,1,4),
(0.,0.333333333333333,0.666666666666667,1.),
.UNSPECIFIED.);
#8695=LINE('',#13936,#13937);
#8696=VERTEX_POINT('',#13939);
#8697=LINE('',#13940,#13941);
#8698=VERTEX_POINT('',#13943);
#8699=B_SPLINE_CURVE_WITH_KNOTS('',3,
(#13944,#13945,#13946,#13947,#13948,#13949),
.UNSPECIFIED.,.F.,.F.,
(4,1,1,4),
(0.,0.333333333333333,0.666666666666667,1.),
.UNSPECIFIED.);
#8700=B_SPLINE_CURVE_WITH_KNOTS('',3,
(#13950,#13951,#13952,#13953,#13954,#13955,#13956,#13957,#13958,#13959,#13960),
.UNSPECIFIED.,.F.,.F.,
(4,1,1,1,1,1,1,1,4),
(0.,0.138069702625339,0.263310658859713,0.375722868703124,0.492420838448852,0.61387919815155,
0.742566783637938,0.871887610038676,1.),
.UNSPECIFIED.);
#8701=VERTEX_POINT('',#13961);
#8702=LINE('',#13962,#13963);
#8703=VERTEX_POINT('',#13965);
#8704=CIRCLE('',#13966,13.1467409821416);
#8705=VERTEX_POINT('',#13970);
#8706=LINE('',#13971,#13972);
#8707=CIRCLE('',#13974,14.3467409864638);
#8708=VERTEX_POINT('',#13978);
#8709=CIRCLE('',#13979,14.3467409864638);
#8710=VERTEX_POINT('',#13983);
#8711=LINE('',#13984,#13985);
#8712=VERTEX_POINT('',#13987);
#8713=CIRCLE('',#13988,13.1467409821416);
#8714=LINE('',#13992,#13993);
#8715=VERTEX_POINT('',#13995);
#8716=VERTEX_POINT('',#13996);
#8717=B_SPLINE_CURVE_WITH_KNOTS('',3,
(#13997,#13998,#13999,#14000,#14001,#14002,#14003,#14004,#14005,#14006,#14007),
.UNSPECIFIED.,.F.,.F.,
(4,1,1,1,1,1,1,1,4),
(0.,0.138069702621683,0.263310658858582,0.3757228687107,0.492420838472225,0.613879198193066,
0.742566783698765,0.871887610085408,1.),
.UNSPECIFIED.);
#8718=VERTEX_POINT('',#14008);
#8719=B_SPLINE_CURVE_WITH_KNOTS('',3,
(#14009,#14010,#14011,#14012,#14013,#14014),
.UNSPECIFIED.,.F.,.F.,
(4,1,1,4),
(0.,0.333333333333333,0.666666666666667,1.),
.UNSPECIFIED.);
#8720=LINE('',#14015,#14016);
#8721=VERTEX_POINT('',#14018);
#8722=LINE('',#14019,#14020);
#8723=VERTEX_POINT('',#14022);
#8724=B_SPLINE_CURVE_WITH_KNOTS('',3,
(#14023,#14024,#14025,#14026,#14027,#14028),
.UNSPECIFIED.,.F.,.F.,
(4,1,1,4),
(0.,0.333333333333333,0.666666666666667,1.),
.UNSPECIFIED.);
#8725=VERTEX_POINT('',#14029);
#8726=B_SPLINE_CURVE_WITH_KNOTS('',3,
(#14030,#14031,#14032,#14033,#14034,#14035,#14036,#14037,#14038,#14039,#14040),
.UNSPECIFIED.,.F.,.F.,
(4,1,1,1,1,1,1,1,4),
(0.,0.138069702625207,0.263310658860395,0.375722868705565,0.492420838454686,0.613879198159009,
0.742566783641023,0.871887610038465,1.),
.UNSPECIFIED.);
#8727=CIRCLE('',#14041,36.153297811363);
#8728=VERTEX_POINT('',#14045);
#8729=LINE('',#14046,#14047);
#8730=VERTEX_POINT('',#14049);
#8731=CIRCLE('',#14050,13.1467409821416);
#8732=VERTEX_POINT('',#14054);
#8733=LINE('',#14055,#14056);
#8734=CIRCLE('',#14058,14.3467409864638);
#8735=VERTEX_POINT('',#14062);
#8736=LINE('',#14063,#14064);
#8737=VERTEX_POINT('',#14066);
#8738=B_SPLINE_CURVE_WITH_KNOTS('',3,
(#14067,#14068,#14069,#14070,#14071,#14072),
.UNSPECIFIED.,.F.,.F.,
(4,1,1,4),
(0.,0.333333333333333,0.666666666666667,1.),
.UNSPECIFIED.);
#8739=LINE('',#14073,#14074);
#8740=CIRCLE('',#14076,15.1972095242992);
#8741=VERTEX_POINT('',#14080);
#8742=CIRCLE('',#14081,15.1972095242992);
#8743=LINE('',#14085,#14086);
#8744=VERTEX_POINT('',#14088);
#8745=VERTEX_POINT('',#14089);
#8746=CIRCLE('',#14090,14.5972095242992);
#8747=LINE('',#14094,#14095);
#8748=VERTEX_POINT('',#14097);
#8749=LINE('',#14098,#14099);
#8750=VERTEX_POINT('',#14101);
#8751=CIRCLE('',#14102,14.5972095242992);
#8752=LINE('',#14106,#14107);
#8753=VERTEX_POINT('',#14109);
#8754=B_SPLINE_CURVE_WITH_KNOTS('',3,
(#14110,#14111,#14112,#14113,#14114,#14115),
.UNSPECIFIED.,.F.,.F.,
(4,1,1,4),
(0.,0.333333333333333,0.666666666666667,1.),
.UNSPECIFIED.);
#8755=LINE('',#14116,#14117);
#8756=VERTEX_POINT('',#14119);
#8757=LINE('',#14120,#14121);
#8758=VERTEX_POINT('',#14123);
#8759=B_SPLINE_CURVE_WITH_KNOTS('',3,
(#14124,#14125,#14126,#14127,#14128,#14129),
.UNSPECIFIED.,.F.,.F.,
(4,1,1,4),
(0.,0.333333333333333,0.666666666666667,1.),
.UNSPECIFIED.);
#8760=LINE('',#14130,#14131);
#8761=CIRCLE('',#14133,15.1972095242992);
#8762=VERTEX_POINT('',#14137);
#8763=VERTEX_POINT('',#14138);
#8764=CIRCLE('',#14139,14.5972095242992);
#8765=VERTEX_POINT('',#14143);
#8766=LINE('',#14144,#14145);
#8767=VERTEX_POINT('',#14147);
#8768=CIRCLE('',#14148,14.5972095242992);
#8769=VERTEX_POINT('',#14152);
#8770=LINE('',#14153,#14154);
#8771=CIRCLE('',#14156,15.1972095242992);
#8772=LINE('',#14160,#14161);
#8773=LINE('',#14163,#14164);
#8774=VERTEX_POINT('',#14166);
#8775=B_SPLINE_CURVE_WITH_KNOTS('',3,
(#14167,#14168,#14169,#14170,#14171,#14172),
.UNSPECIFIED.,.F.,.F.,
(4,1,1,4),
(0.,0.333333333333333,0.666666666666667,1.),
.UNSPECIFIED.);
#8776=LINE('',#14173,#14174);
#8777=VERTEX_POINT('',#14176);
#8778=VERTEX_POINT('',#14177);
#8779=CIRCLE('',#14178,13.7467409821416);
#8780=B_SPLINE_CURVE_WITH_KNOTS('',3,
(#14182,#14183,#14184,#14185,#14186,#14187),
.UNSPECIFIED.,.F.,.F.,
(4,1,1,4),
(0.,0.333333333333333,0.666666666666667,1.),
.UNSPECIFIED.);
#8781=VERTEX_POINT('',#14188);
#8782=CIRCLE('',#14189,13.7467409821416);
#8783=LINE('',#14193,#14194);
#8784=VERTEX_POINT('',#14196);
#8785=LINE('',#14197,#14198);
#8786=VERTEX_POINT('',#14200);
#8787=LINE('',#14201,#14202);
#8788=LINE('',#14204,#14205);
#8789=VERTEX_POINT('',#14207);
#8790=CIRCLE('',#14208,13.7467409821416);
#8791=VERTEX_POINT('',#14212);
#8792=CIRCLE('',#14213,13.7467409821416);
#8793=LINE('',#14217,#14218);
#8794=VERTEX_POINT('',#14220);
#8795=LINE('',#14221,#14222);
#8796=LINE('',#14224,#14225);
#8797=VERTEX_POINT('',#14227);
#8798=LINE('',#14228,#14229);
#8799=CIRCLE('',#14231,2.93358574029008);
#8800=VERTEX_POINT('',#14235);
#8801=CIRCLE('',#14236,2.93358574029008);
#8802=VERTEX_POINT('',#14240);
#8803=LINE('',#14241,#14242);
#8804=LINE('',#14244,#14245);
#8805=VERTEX_POINT('',#14247);
#8806=B_SPLINE_CURVE_WITH_KNOTS('',3,
(#14248,#14249,#14250,#14251,#14252,#14253,#14254,#14255),
.UNSPECIFIED.,.F.,.F.,
(4,1,1,1,1,4),
(0.,0.189325731448726,0.426765600929837,0.649002911206754,0.856008455525971,1.),
.UNSPECIFIED.);
#8807=VERTEX_POINT('',#14256);
#8808=CIRCLE('',#14257,5.5);
#8809=B_SPLINE_CURVE_WITH_KNOTS('',3,
(#14261,#14262,#14263,#14264,#14265,#14266,#14267,#14268),
.UNSPECIFIED.,.F.,.F.,
(4,1,1,1,1,4),
(0.,0.18932573144875,0.42676560092985,0.649002911206733,0.856008455525962,1.),
.UNSPECIFIED.);
#8810=LINE('',#14269,#14270);
#8811=VERTEX_POINT('',#14272);
#8812=CIRCLE('',#14273,5.5);
#8813=LINE('',#14277,#14278);
#8814=VERTEX_POINT('',#14280);
#8815=CIRCLE('',#14281,3.55);
#8816=VERTEX_POINT('',#14285);
#8817=B_SPLINE_CURVE_WITH_KNOTS('',3,
(#14286,#14287,#14288,#14289,#14290,#14291),
.UNSPECIFIED.,.F.,.F.,
(4,1,1,4),
(0.,0.333333333333333,0.666666666666667,1.),
.UNSPECIFIED.);
#8818=VERTEX_POINT('',#14292);
#8819=B_SPLINE_CURVE_WITH_KNOTS('',3,
(#14293,#14294,#14295,#14296,#14297,#14298),
.UNSPECIFIED.,.F.,.F.,
(4,1,1,4),
(0.,0.333333333333333,0.666666666666667,1.),
.UNSPECIFIED.);
#8820=LINE('',#14299,#14300);
#8821=VERTEX_POINT('',#14302);
#8822=LINE('',#14303,#14304);
#8823=VERTEX_POINT('',#14306);
#8824=LINE('',#14307,#14308);
#8825=VERTEX_POINT('',#14310);
#8826=B_SPLINE_CURVE_WITH_KNOTS('',3,
(#14311,#14312,#14313,#14314,#14315,#14316),
.UNSPECIFIED.,.F.,.F.,
(4,2,4),
(0.,0.68018414717843,1.),
.UNSPECIFIED.);
#8827=VERTEX_POINT('',#14317);
#8828=LINE('',#14318,#14319);
#8829=B_SPLINE_CURVE_WITH_KNOTS('',3,
(#14321,#14322,#14323,#14324,#14325,#14326,#14327,#14328,#14329,#14330),
.UNSPECIFIED.,.F.,.F.,
(4,2,2,2,4),
(0.,0.0102933695673795,0.49082937063884,0.971366359411959,1.),
.UNSPECIFIED.);
#8830=VERTEX_POINT('',#14331);
#8831=B_SPLINE_CURVE_WITH_KNOTS('',3,
(#14332,#14333,#14334,#14335,#14336,#14337,#14338,#14339,#14340),
.UNSPECIFIED.,.F.,.F.,
(4,1,1,1,1,1,4),
(0.,0.162386868174997,0.307403776392797,0.444283322293532,0.594610532220104,0.782926957335637,
1.),
.UNSPECIFIED.);
#8832=VERTEX_POINT('',#14341);
#8833=B_SPLINE_CURVE_WITH_KNOTS('',3,
(#14342,#14343,#14344,#14345,#14346,#14347,#14348),
.UNSPECIFIED.,.F.,.F.,
(4,1,1,1,4),
(0.,0.312150116590391,0.60311701643784,0.825339238660062,1.),
.UNSPECIFIED.);
#8834=LINE('',#14349,#14350);
#8835=VERTEX_POINT('',#14352);
#8836=CIRCLE('',#14353,34.9532978113629);
#8837=VERTEX_POINT('',#14357);
#8838=CIRCLE('',#14358,35.553297811363);
#8839=LINE('',#14362,#14363);
#8840=VERTEX_POINT('',#14365);
#8841=B_SPLINE_CURVE_WITH_KNOTS('',3,
(#14366,#14367,#14368,#14369,#14370,#14371,#14372,#14373,#14374),
.UNSPECIFIED.,.F.,.F.,
(4,1,1,1,1,1,4),
(0.,0.162386868176907,0.307403776396657,0.444283322299726,0.594610532227982,0.782926957341565,
1.),
.UNSPECIFIED.);
#8842=VERTEX_POINT('',#14375);
#8843=B_SPLINE_CURVE_WITH_KNOTS('',3,
(#14376,#14377,#14378,#14379,#14380,#14381,#14382),
.UNSPECIFIED.,.F.,.F.,
(4,1,1,1,4),
(0.,0.312150116591445,0.603117016441003,0.825339238663225,1.),
.UNSPECIFIED.);
#8844=LINE('',#14383,#14384);
#8845=VERTEX_POINT('',#14386);
#8846=B_SPLINE_CURVE_WITH_KNOTS('',3,
(#14387,#14388,#14389,#14390,#14391,#14392,#14393,#14394,#14395,#14396),
.UNSPECIFIED.,.F.,.F.,
(4,2,2,2,4),
(0.,0.0102933695673815,0.490829370638844,0.971366359411966,1.),
.UNSPECIFIED.);
#8847=VERTEX_POINT('',#14397);
#8848=B_SPLINE_CURVE_WITH_KNOTS('',3,
(#14398,#14399,#14400,#14401,#14402,#14403),
.UNSPECIFIED.,.F.,.F.,
(4,2,4),
(0.,0.68018414717843,1.),
.UNSPECIFIED.);
#8849=VERTEX_POINT('',#14404);
#8850=LINE('',#14405,#14406);
#8851=VERTEX_POINT('',#14408);
#8852=LINE('',#14409,#14410);
#8853=LINE('',#14412,#14413);
#8854=VERTEX_POINT('',#14415);
#8855=B_SPLINE_CURVE_WITH_KNOTS('',3,
(#14416,#14417,#14418,#14419,#14420,#14421),
.UNSPECIFIED.,.F.,.F.,
(4,1,1,4),
(0.,0.333333333333333,0.666666666666667,1.),
.UNSPECIFIED.);
#8856=VERTEX_POINT('',#14422);
#8857=B_SPLINE_CURVE_WITH_KNOTS('',3,
(#14423,#14424,#14425,#14426,#14427,#14428),
.UNSPECIFIED.,.F.,.F.,
(4,1,1,4),
(0.,0.333333333333333,0.666666666666667,1.),
.UNSPECIFIED.);
#8858=LINE('',#14429,#14430);
#8859=LINE('',#14432,#14433);
#8860=VERTEX_POINT('',#14435);
#8861=LINE('',#14436,#14437);
#8862=CIRCLE('',#14439,2.93358574029008);
#8863=VERTEX_POINT('',#14443);
#8864=CIRCLE('',#14444,2.93358574029008);
#8865=VERTEX_POINT('',#14448);
#8866=LINE('',#14449,#14450);
#8867=VERTEX_POINT('',#14452);
#8868=LINE('',#14453,#14454);
#8869=LINE('',#14456,#14457);
#8870=VERTEX_POINT('',#14459);
#8871=LINE('',#14460,#14461);
#8872=B_SPLINE_CURVE_WITH_KNOTS('',3,
(#14463,#14464,#14465,#14466,#14467,#14468,#14469,#14470),
.UNSPECIFIED.,.F.,.F.,
(4,1,1,1,1,4),
(0.,0.189325731448731,0.426765600929847,0.649002911206752,0.85600845552597,1.),
.UNSPECIFIED.);
#8873=VERTEX_POINT('',#14471);
#8874=CIRCLE('',#14472,5.5);
#8875=VERTEX_POINT('',#14476);
#8876=LINE('',#14477,#14478);
#8877=B_SPLINE_CURVE_WITH_KNOTS('',3,
(#14480,#14481,#14482,#14483,#14484,#14485,#14486,#14487),
.UNSPECIFIED.,.F.,.F.,
(4,1,1,1,1,4),
(0.,0.18932573144874,0.426765600929846,0.649002911206735,0.856008455525961,1.),
.UNSPECIFIED.);
#8878=CIRCLE('',#14488,5.5);
#8879=VERTEX_POINT('',#14492);
#8880=CIRCLE('',#14493,3.55);
#8881=VERTEX_POINT('',#14497);
#8882=CIRCLE('',#14498,13.7467409821416);
#8883=VERTEX_POINT('',#14502);
#8884=CIRCLE('',#14503,13.7467409821416);
#8885=LINE('',#14507,#14508);
#8886=VERTEX_POINT('',#14510);
#8887=LINE('',#14511,#14512);
#8888=VERTEX_POINT('',#14514);
#8889=LINE('',#14515,#14516);
#8890=LINE('',#14518,#14519);
#8891=VERTEX_POINT('',#14521);
#8892=CIRCLE('',#14522,13.7467409821416);
#8893=CIRCLE('',#14526,13.7467409821416);
#8894=B_SPLINE_CURVE_WITH_KNOTS('',3,
(#14530,#14531,#14532,#14533,#14534,#14535),
.UNSPECIFIED.,.F.,.F.,
(4,1,1,4),
(0.,0.333333333333333,0.666666666666667,1.),
.UNSPECIFIED.);
#8895=VERTEX_POINT('',#14536);
#8896=B_SPLINE_CURVE_WITH_KNOTS('',3,
(#14537,#14538,#14539,#14540,#14541,#14542),
.UNSPECIFIED.,.F.,.F.,
(4,1,1,4),
(0.,0.333333333333333,0.666666666666667,1.),
.UNSPECIFIED.);
#8897=VERTEX_POINT('',#14543);
#8898=CIRCLE('',#14544,13.7467409821416);
#8899=VERTEX_POINT('',#14548);
#8900=LINE('',#14549,#14550);
#8901=CIRCLE('',#14552,13.7467409821416);
#8902=VERTEX_POINT('',#14556);
#8903=LINE('',#14557,#14558);
#8904=VERTEX_POINT('',#14560);
#8905=LINE('',#14561,#14562);
#8906=LINE('',#14564,#14565);
#8907=VERTEX_POINT('',#14567);
#8908=CIRCLE('',#14568,13.7467409821416);
#8909=VERTEX_POINT('',#14572);
#8910=CIRCLE('',#14573,13.7467409821416);
#8911=LINE('',#14577,#14578);
#8912=LINE('',#14580,#14581);
#8913=VERTEX_POINT('',#14583);
#8914=LINE('',#14584,#14585);
#8915=CIRCLE('',#14587,2.93358574029008);
#8916=VERTEX_POINT('',#14591);
#8917=CIRCLE('',#14592,2.93358574029008);
#8918=VERTEX_POINT('',#14596);
#8919=LINE('',#14597,#14598);
#8920=VERTEX_POINT('',#14600);
#8921=LINE('',#14601,#14602);
#8922=LINE('',#14604,#14605);
#8923=VERTEX_POINT('',#14607);
#8924=B_SPLINE_CURVE_WITH_KNOTS('',3,
(#14608,#14609,#14610,#14611,#14612,#14613,#14614,#14615),
.UNSPECIFIED.,.F.,.F.,
(4,1,1,1,1,4),
(0.,0.189325731448726,0.426765600929847,0.649002911206744,0.856008455525976,1.),
.UNSPECIFIED.);
#8925=VERTEX_POINT('',#14616);
#8926=CIRCLE('',#14617,5.5);
#8927=B_SPLINE_CURVE_WITH_KNOTS('',3,
(#14621,#14622,#14623,#14624,#14625,#14626,#14627,#14628),
.UNSPECIFIED.,.F.,.F.,
(4,1,1,1,1,4),
(0.,0.189325731448748,0.426765600929849,0.649002911206735,0.856008455525957,1.),
.UNSPECIFIED.);
#8928=LINE('',#14629,#14630);
#8929=VERTEX_POINT('',#14632);
#8930=CIRCLE('',#14633,5.5);
#8931=LINE('',#14637,#14638);
#8932=VERTEX_POINT('',#14640);
#8933=CIRCLE('',#14641,3.55);
#8934=VERTEX_POINT('',#14645);
#8935=B_SPLINE_CURVE_WITH_KNOTS('',3,
(#14646,#14647,#14648,#14649,#14650,#14651),
.UNSPECIFIED.,.F.,.F.,
(4,1,1,4),
(0.,0.333333333333333,0.666666666666667,1.),
.UNSPECIFIED.);
#8936=VERTEX_POINT('',#14652);
#8937=B_SPLINE_CURVE_WITH_KNOTS('',3,
(#14653,#14654,#14655,#14656,#14657,#14658),
.UNSPECIFIED.,.F.,.F.,
(4,1,1,4),
(0.,0.333333333333333,0.666666666666667,1.),
.UNSPECIFIED.);
#8938=LINE('',#14659,#14660);
#8939=VERTEX_POINT('',#14662);
#8940=LINE('',#14663,#14664);
#8941=VERTEX_POINT('',#14666);
#8942=LINE('',#14667,#14668);
#8943=VERTEX_POINT('',#14670);
#8944=B_SPLINE_CURVE_WITH_KNOTS('',3,
(#14671,#14672,#14673,#14674,#14675,#14676),
.UNSPECIFIED.,.F.,.F.,
(4,2,4),
(0.,0.68018414717843,1.),
.UNSPECIFIED.);
#8945=VERTEX_POINT('',#14677);
#8946=LINE('',#14678,#14679);
#8947=B_SPLINE_CURVE_WITH_KNOTS('',3,
(#14681,#14682,#14683,#14684,#14685,#14686,#14687,#14688,#14689,#14690),
.UNSPECIFIED.,.F.,.F.,
(4,2,2,2,4),
(0.,0.0102933695673798,0.49082937063884,0.971366359411959,1.),
.UNSPECIFIED.);
#8948=VERTEX_POINT('',#14691);
#8949=B_SPLINE_CURVE_WITH_KNOTS('',3,
(#14692,#14693,#14694,#14695,#14696,#14697,#14698,#14699,#14700),
.UNSPECIFIED.,.F.,.F.,
(4,1,1,1,1,1,4),
(0.,0.162386868178234,0.307403776399129,0.444283322302807,0.59461053223035,0.782926957342788,
1.),
.UNSPECIFIED.);
#8950=VERTEX_POINT('',#14701);
#8951=B_SPLINE_CURVE_WITH_KNOTS('',3,
(#14702,#14703,#14704,#14705,#14706,#14707,#14708),
.UNSPECIFIED.,.F.,.F.,
(4,1,1,1,4),
(0.,0.312150116590279,0.603117016437505,0.825339238659727,1.),
.UNSPECIFIED.);
#8952=LINE('',#14709,#14710);
#8953=VERTEX_POINT('',#14712);
#8954=CIRCLE('',#14713,34.9532978113629);
#8955=VERTEX_POINT('',#14717);
#8956=CIRCLE('',#14718,35.553297811363);
#8957=LINE('',#14722,#14723);
#8958=VERTEX_POINT('',#14725);
#8959=B_SPLINE_CURVE_WITH_KNOTS('',3,
(#14726,#14727,#14728,#14729,#14730,#14731,#14732,#14733,#14734),
.UNSPECIFIED.,.F.,.F.,
(4,1,1,1,1,1,4),
(0.,0.162386868171994,0.307403776387537,0.444283322287135,0.594610532214906,0.782926957332696,
1.),
.UNSPECIFIED.);
#8960=VERTEX_POINT('',#14735);
#8961=B_SPLINE_CURVE_WITH_KNOTS('',3,
(#14736,#14737,#14738,#14739,#14740,#14741,#14742),
.UNSPECIFIED.,.F.,.F.,
(4,1,1,1,4),
(0.,0.312150116589447,0.603117016435007,0.82533923865723,1.),
.UNSPECIFIED.);
#8962=LINE('',#14743,#14744);
#8963=VERTEX_POINT('',#14746);
#8964=B_SPLINE_CURVE_WITH_KNOTS('',3,
(#14747,#14748,#14749,#14750,#14751,#14752,#14753,#14754,#14755,#14756),
.UNSPECIFIED.,.F.,.F.,
(4,2,2,2,4),
(0.,0.0102933695673843,0.490829370638845,0.971366359411967,1.),
.UNSPECIFIED.);
#8965=VERTEX_POINT('',#14757);
#8966=B_SPLINE_CURVE_WITH_KNOTS('',3,
(#14758,#14759,#14760,#14761,#14762,#14763),
.UNSPECIFIED.,.F.,.F.,
(4,2,4),
(0.,0.68018414717843,1.),
.UNSPECIFIED.);
#8967=VERTEX_POINT('',#14764);
#8968=LINE('',#14765,#14766);
#8969=VERTEX_POINT('',#14768);
#8970=LINE('',#14769,#14770);
#8971=LINE('',#14772,#14773);
#8972=VERTEX_POINT('',#14775);
#8973=B_SPLINE_CURVE_WITH_KNOTS('',3,
(#14776,#14777,#14778,#14779,#14780,#14781),
.UNSPECIFIED.,.F.,.F.,
(4,1,1,4),
(0.,0.333333333333333,0.666666666666667,1.),
.UNSPECIFIED.);
#8974=VERTEX_POINT('',#14782);
#8975=B_SPLINE_CURVE_WITH_KNOTS('',3,
(#14783,#14784,#14785,#14786,#14787,#14788),
.UNSPECIFIED.,.F.,.F.,
(4,1,1,4),
(0.,0.333333333333333,0.666666666666667,1.),
.UNSPECIFIED.);
#8976=LINE('',#14789,#14790);
#8977=VERTEX_POINT('',#14792);
#8978=LINE('',#14793,#14794);
#8979=LINE('',#14796,#14797);
#8980=VERTEX_POINT('',#14799);
#8981=LINE('',#14800,#14801);
#8982=CIRCLE('',#14803,2.93358574029008);
#8983=VERTEX_POINT('',#14807);
#8984=CIRCLE('',#14808,2.93358574029008);
#8985=VERTEX_POINT('',#14812);
#8986=LINE('',#14813,#14814);
#8987=LINE('',#14816,#14817);
#8988=VERTEX_POINT('',#14819);
#8989=LINE('',#14820,#14821);
#8990=B_SPLINE_CURVE_WITH_KNOTS('',3,
(#14823,#14824,#14825,#14826,#14827,#14828,#14829,#14830),
.UNSPECIFIED.,.F.,.F.,
(4,1,1,1,1,4),
(0.,0.189325731448738,0.42676560092985,0.649002911206741,0.856008455525959,1.),
.UNSPECIFIED.);
#8991=VERTEX_POINT('',#14831);
#8992=CIRCLE('',#14832,5.5);
#8993=VERTEX_POINT('',#14836);
#8994=LINE('',#14837,#14838);
#8995=B_SPLINE_CURVE_WITH_KNOTS('',3,
(#14840,#14841,#14842,#14843,#14844,#14845,#14846,#14847),
.UNSPECIFIED.,.F.,.F.,
(4,1,1,1,1,4),
(0.,0.18932573144874,0.426765600929862,0.649002911206742,0.856008455525964,1.),
.UNSPECIFIED.);
#8996=CIRCLE('',#14848,5.5);
#8997=VERTEX_POINT('',#14852);
#8998=CIRCLE('',#14853,3.55);
#8999=VERTEX_POINT('',#14857);
#9000=CIRCLE('',#14858,13.7467409821416);
#9001=VERTEX_POINT('',#14862);
#9002=CIRCLE('',#14863,13.7467409821416);
#9003=LINE('',#14867,#14868);
#9004=VERTEX_POINT('',#14870);
#9005=LINE('',#14871,#14872);
#9006=VERTEX_POINT('',#14874);
#9007=LINE('',#14875,#14876);
#9008=LINE('',#14878,#14879);
#9009=VERTEX_POINT('',#14881);
#9010=B_SPLINE_CURVE_WITH_KNOTS('',3,
(#14882,#14883,#14884,#14885,#14886,#14887),
.UNSPECIFIED.,.F.,.F.,
(4,1,1,4),
(0.,0.333333333333333,0.666666666666667,1.),
.UNSPECIFIED.);
#9011=CIRCLE('',#14888,13.7467409821416);
#9012=CIRCLE('',#14892,13.7467409821416);
#9013=VERTEX_POINT('',#14896);
#9014=LINE('',#14897,#14898);
#9015=VERTEX_POINT('',#14900);
#9016=B_SPLINE_CURVE_WITH_KNOTS('',3,
(#14901,#14902,#14903,#14904,#14905,#14906,#14907,#14908,#14909,#14910),
.UNSPECIFIED.,.F.,.F.,
(4,2,2,2,4),
(0.,0.0186841118949859,0.415951751149282,0.81315048196914,1.),
.UNSPECIFIED.);
#9017=LINE('',#14911,#14912);
#9018=LINE('',#14914,#14915);
#9019=LINE('',#14917,#14918);
#9020=VERTEX_POINT('',#14920);
#9021=LINE('',#14921,#14922);
#9022=VERTEX_POINT('',#14924);
#9023=B_SPLINE_CURVE_WITH_KNOTS('',3,
(#14925,#14926,#14927,#14928,#14929,#14930,#14931,#14932,#14933,#14934),
.UNSPECIFIED.,.F.,.F.,
(4,2,2,2,4),
(0.,0.0186841118949859,0.415951751149282,0.81315048196914,1.),
.UNSPECIFIED.);
#9024=LINE('',#14935,#14936);
#9025=LINE('',#14938,#14939);
#9026=LINE('',#14941,#14942);
#9027=VERTEX_POINT('',#14944);
#9028=LINE('',#14945,#14946);
#9029=VERTEX_POINT('',#14948);
#9030=B_SPLINE_CURVE_WITH_KNOTS('',3,
(#14949,#14950,#14951,#14952,#14953,#14954,#14955,#14956,#14957,#14958),
.UNSPECIFIED.,.F.,.F.,
(4,2,2,2,4),
(0.,0.0186841118949859,0.415951751149282,0.81315048196914,1.),
.UNSPECIFIED.);
#9031=LINE('',#14959,#14960);
#9032=LINE('',#14962,#14963);
#9033=LINE('',#14965,#14966);
#9034=VERTEX_POINT('',#14968);
#9035=LINE('',#14969,#14970);
#9036=VERTEX_POINT('',#14972);
#9037=B_SPLINE_CURVE_WITH_KNOTS('',3,
(#14973,#14974,#14975,#14976,#14977,#14978,#14979,#14980,#14981,#14982),
.UNSPECIFIED.,.F.,.F.,
(4,2,2,2,4),
(0.,0.0186841118949859,0.415951751149282,0.81315048196914,1.),
.UNSPECIFIED.);
#9038=LINE('',#14983,#14984);
#9039=LINE('',#14986,#14987);
#9040=LINE('',#14989,#14990);
#9041=LINE('',#14992,#14993);
#9042=LINE('',#14995,#14996);
#9043=LINE('',#14998,#14999);
#9044=LINE('',#15001,#15002);
#9045=LINE('',#15004,#15005);
#9046=B_SPLINE_CURVE_WITH_KNOTS('',3,
(#15007,#15008,#15009,#15010,#15011,#15012),
.UNSPECIFIED.,.F.,.F.,
(4,1,1,4),
(0.,0.333333333333333,0.666666666666667,1.),
.UNSPECIFIED.);
#9047=LINE('',#15013,#15014);
#9048=LINE('',#15016,#15017);
#9049=B_SPLINE_CURVE_WITH_KNOTS('',3,
(#15019,#15020,#15021,#15022,#15023,#15024),
.UNSPECIFIED.,.F.,.F.,
(4,1,1,4),
(0.,0.333333333333333,0.666666666666667,1.),
.UNSPECIFIED.);
#9050=LINE('',#15025,#15026);
#9051=LINE('',#15028,#15029);
#9052=LINE('',#15031,#15032);
#9053=LINE('',#15034,#15035);
#9054=LINE('',#15037,#15038);
#9055=LINE('',#15040,#15041);
#9056=LINE('',#15043,#15044);
#9057=B_SPLINE_CURVE_WITH_KNOTS('',3,
(#15046,#15047,#15048,#15049,#15050,#15051),
.UNSPECIFIED.,.F.,.F.,
(4,1,1,4),
(0.,0.333333333333333,0.666666666666667,1.),
.UNSPECIFIED.);
#9058=LINE('',#15052,#15053);
#9059=LINE('',#15055,#15056);
#9060=B_SPLINE_CURVE_WITH_KNOTS('',3,
(#15058,#15059,#15060,#15061,#15062,#15063),
.UNSPECIFIED.,.F.,.F.,
(4,1,1,4),
(0.,0.333333333333333,0.666666666666667,1.),
.UNSPECIFIED.);
#9061=LINE('',#15064,#15065);
#9062=LINE('',#15067,#15068);
#9063=LINE('',#15070,#15071);
#9064=LINE('',#15073,#15074);
#9065=LINE('',#15076,#15077);
#9066=VERTEX_POINT('',#15079);
#9067=CIRCLE('',#15080,3.55);
#9068=LINE('',#15084,#15085);
#9069=LINE('',#15087,#15088);
#9070=LINE('',#15090,#15091);
#9071=VERTEX_POINT('',#15093);
#9072=CIRCLE('',#15094,3.55);
#9073=LINE('',#15098,#15099);
#9074=VERTEX_POINT('',#15101);
#9075=CIRCLE('',#15102,3.55);
#9076=LINE('',#15106,#15107);
#9077=LINE('',#15109,#15110);
#9078=LINE('',#15112,#15113);
#9079=VERTEX_POINT('',#15115);
#9080=CIRCLE('',#15116,3.55);
#9081=LINE('',#15120,#15121);
#9082=LINE('',#15123,#15124);
#9083=LINE('',#15126,#15127);
#9084=B_SPLINE_CURVE_WITH_KNOTS('',3,
(#15129,#15130,#15131,#15132,#15133,#15134),
.UNSPECIFIED.,.F.,.F.,
(4,1,1,4),
(0.,0.333333333333333,0.666666666666667,1.),
.UNSPECIFIED.);
#9085=LINE('',#15135,#15136);
#9086=LINE('',#15138,#15139);
#9087=B_SPLINE_CURVE_WITH_KNOTS('',3,
(#15141,#15142,#15143,#15144,#15145,#15146),
.UNSPECIFIED.,.F.,.F.,
(4,1,1,4),
(0.,0.333333333333333,0.666666666666667,1.),
.UNSPECIFIED.);
#9088=LINE('',#15147,#15148);
#9089=LINE('',#15150,#15151);
#9090=LINE('',#15153,#15154);
#9091=LINE('',#15156,#15157);
#9092=LINE('',#15159,#15160);
#9093=LINE('',#15162,#15163);
#9094=LINE('',#15165,#15166);
#9095=LINE('',#15168,#15169);
#9096=LINE('',#15171,#15172);
#9097=LINE('',#15174,#15175);
#9098=LINE('',#15177,#15178);
#9099=LINE('',#15180,#15181);
#9100=LINE('',#15183,#15184);
#9101=LINE('',#15186,#15187);
#9102=LINE('',#15189,#15190);
#9103=LINE('',#15192,#15193);
#9104=LINE('',#15195,#15196);
#9105=LINE('',#15198,#15199);
#9106=LINE('',#15201,#15202);
#9107=LINE('',#15204,#15205);
#9108=LINE('',#15207,#15208);
#9109=LINE('',#15210,#15211);
#9110=LINE('',#15213,#15214);
#9111=LINE('',#15216,#15217);
#9112=LINE('',#15219,#15220);
#9113=LINE('',#15222,#15223);
#9114=LINE('',#15225,#15226);
#9115=LINE('',#15228,#15229);
#9116=LINE('',#15231,#15232);
#9117=LINE('',#15234,#15235);
#9118=LINE('',#15237,#15238);
#9119=LINE('',#15240,#15241);
#9120=LINE('',#15243,#15244);
#9121=LINE('',#15246,#15247);
#9122=B_SPLINE_CURVE_WITH_KNOTS('',3,
(#15249,#15250,#15251,#15252,#15253,#15254),
.UNSPECIFIED.,.F.,.F.,
(4,1,1,4),
(0.,0.333333333333333,0.666666666666667,1.),
.UNSPECIFIED.);
#9123=LINE('',#15255,#15256);
#9124=LINE('',#15258,#15259);
#9125=B_SPLINE_CURVE_WITH_KNOTS('',3,
(#15261,#15262,#15263,#15264,#15265,#15266),
.UNSPECIFIED.,.F.,.F.,
(4,1,1,4),
(0.,0.333333333333333,0.666666666666667,1.),
.UNSPECIFIED.);
#9126=LINE('',#15267,#15268);
#9127=LINE('',#15270,#15271);
#9128=LINE('',#15273,#15274);
#9129=CARTESIAN_POINT('',(3.,-12.8,1.6));
#9130=CARTESIAN_POINT('',(3.,5.,1.6));
#9131=CARTESIAN_POINT('',(3.,-12.8,1.6));
#9132=VECTOR('',#9133,1.);
#9133=DIRECTION('',(4.98976640280969E-17,1.,1.24744160070242E-17));
#9134=CARTESIAN_POINT('',(13.,5.,1.6));
#9135=CARTESIAN_POINT('',(13.,5.,1.6));
#9136=VECTOR('',#9137,1.);
#9137=DIRECTION('',(-1.,0.,0.));
#9138=CARTESIAN_POINT('',(13.,8.99999999999999,1.6));
#9139=CARTESIAN_POINT('',(13.,8.99999999999999,1.6));
#9140=VECTOR('',#9141,1.);
#9141=DIRECTION('',(0.,-1.,0.));
#9142=CARTESIAN_POINT('',(3.,9.,1.6));
#9143=CARTESIAN_POINT('',(3.,9.,1.6));
#9144=VECTOR('',#9145,1.);
#9145=DIRECTION('',(1.,-5.32907051820075E-16,0.));
#9146=CARTESIAN_POINT('',(3.,12.8,1.6));
#9147=CARTESIAN_POINT('',(3.,9.00000000000001,1.6));
#9148=VECTOR('',#9149,1.);
#9149=DIRECTION('',(0.,1.,0.));
#9150=CARTESIAN_POINT('',(-3.,12.8,1.6));
#9151=CARTESIAN_POINT('',(-3.,12.8,1.6));
#9152=VECTOR('',#9153,1.);
#9153=DIRECTION('',(1.,0.,0.));
#9154=CARTESIAN_POINT('',(-3.,9.00000000000001,1.6));
#9155=CARTESIAN_POINT('',(-3.,9.00000000000001,1.6));
#9156=VECTOR('',#9157,1.);
#9157=DIRECTION('',(-1.16865581539491E-16,1.,0.));
#9158=CARTESIAN_POINT('',(-13.,9.00000000000001,1.6));
#9159=CARTESIAN_POINT('',(-13.,9.00000000000001,1.6));
#9160=VECTOR('',#9161,1.);
#9161=DIRECTION('',(1.,-7.10542735760101E-16,0.));
#9162=CARTESIAN_POINT('',(-13.,5.,1.6));
#9163=CARTESIAN_POINT('',(-13.,5.,1.6));
#9164=VECTOR('',#9165,1.);
#9165=DIRECTION('',(-4.44089209850062E-16,1.,0.));
#9166=CARTESIAN_POINT('',(-3.,5.,1.6));
#9167=CARTESIAN_POINT('',(-3.,5.,1.6));
#9168=VECTOR('',#9169,1.);
#9169=DIRECTION('',(-1.,0.,0.));
#9170=CARTESIAN_POINT('',(-3.,-12.8,1.6));
#9171=CARTESIAN_POINT('',(-3.,-12.8,1.6));
#9172=VECTOR('',#9173,1.);
#9173=DIRECTION('',(-1.74641824098339E-16,1.,1.24744160070242E-17));
#9174=CARTESIAN_POINT('',(-3.,-12.8,1.6));
#9175=VECTOR('',#9176,1.);
#9176=DIRECTION('',(1.,0.,0.));
#9177=CARTESIAN_POINT('',(4.1,9.4,2.7));
#9178=CARTESIAN_POINT('',(3.7,9.,2.3));
#9179=CARTESIAN_POINT('',(3.7,9.,2.3));
#9180=VECTOR('',#9181,1.);
#9181=DIRECTION('',(0.577350269189625,0.577350269189628,0.577350269189624));
#9182=CARTESIAN_POINT('',(4.1,15.4,2.7));
#9183=CARTESIAN_POINT('',(4.1,15.4,2.7));
#9184=VECTOR('',#9185,1.);
#9185=DIRECTION('',(0.,-1.,0.));
#9186=CARTESIAN_POINT('',(3.,15.4,1.6));
#9187=CARTESIAN_POINT('',(4.1,15.4,2.7));
#9188=VECTOR('',#9189,1.);
#9189=DIRECTION('',(-0.707106781186547,0.,-0.707106781186547));
#9190=CARTESIAN_POINT('',(3.,15.4,1.6));
#9191=VECTOR('',#9192,1.);
#9192=DIRECTION('',(-1.70803542250024E-16,-1.,-8.5401771125012E-17));
#9193=CARTESIAN_POINT('',(3.7,9.,2.3));
#9194=VECTOR('',#9195,1.);
#9195=DIRECTION('',(-0.707106781186548,3.58878276270577E-15,-0.707106781186548));
#9196=CARTESIAN_POINT('',(3.7,5.,2.3));
#9197=CARTESIAN_POINT('',(4.1,4.6,2.7));
#9198=CARTESIAN_POINT('',(4.1,4.6,2.7));
#9199=VECTOR('',#9200,1.);
#9200=DIRECTION('',(-0.577350269189628,0.577350269189622,-0.577350269189627));
#9201=CARTESIAN_POINT('',(3.,5.,1.6));
#9202=VECTOR('',#9203,1.);
#9203=DIRECTION('',(0.707106781186548,0.,0.707106781186547));
#9204=CARTESIAN_POINT('',(3.,-15.4,1.6));
#9205=CARTESIAN_POINT('',(3.,-15.4,1.6));
#9206=VECTOR('',#9207,1.);
#9207=DIRECTION('',(0.,1.,0.));
#9208=CARTESIAN_POINT('',(4.1,-15.4,2.7));
#9209=CARTESIAN_POINT('',(4.1,-15.4,2.7));
#9210=VECTOR('',#9211,1.);
#9211=DIRECTION('',(-0.707106781186547,0.,-0.707106781186547));
#9212=CARTESIAN_POINT('',(4.1,4.6,2.7));
#9213=VECTOR('',#9214,1.);
#9214=DIRECTION('',(-4.44089209850063E-17,-1.,-2.22044604925031E-17));
#9215=CARTESIAN_POINT('',(-3.7,9.,2.3));
#9216=CARTESIAN_POINT('',(-4.1,9.4,2.7));
#9217=CARTESIAN_POINT('',(-4.1,9.4,2.7));
#9218=VECTOR('',#9219,1.);
#9219=DIRECTION('',(0.577350269189625,-0.577350269189626,-0.577350269189625));
#9220=CARTESIAN_POINT('',(-3.7,9.,2.3));
#9221=VECTOR('',#9222,1.);
#9222=DIRECTION('',(0.707106781186548,0.,-0.707106781186547));
#9223=CARTESIAN_POINT('',(-3.,15.4,1.6));
#9224=CARTESIAN_POINT('',(-3.,15.4,1.6));
#9225=VECTOR('',#9226,1.);
#9226=DIRECTION('',(1.70803542250024E-16,-1.,-8.5401771125012E-17));
#9227=CARTESIAN_POINT('',(-4.1,15.4,2.7));
#9228=CARTESIAN_POINT('',(-4.1,15.4,2.7));
#9229=VECTOR('',#9230,1.);
#9230=DIRECTION('',(0.707106781186547,0.,-0.707106781186547));
#9231=CARTESIAN_POINT('',(-4.1,15.4,2.7));
#9232=VECTOR('',#9233,1.);
#9233=DIRECTION('',(0.,-1.,0.));
#9234=CARTESIAN_POINT('',(-4.1,4.6,2.7));
#9235=CARTESIAN_POINT('',(-3.7,5.,2.3));
#9236=CARTESIAN_POINT('',(-3.7,5.,2.3));
#9237=VECTOR('',#9238,1.);
#9238=DIRECTION('',(-0.577350269189627,-0.577350269189623,0.577350269189627));
#9239=CARTESIAN_POINT('',(-4.1,-15.4,2.7));
#9240=CARTESIAN_POINT('',(-4.1,4.6,2.7));
#9241=VECTOR('',#9242,1.);
#9242=DIRECTION('',(1.33226762955019E-16,-1.,-2.22044604925031E-17));
#9243=CARTESIAN_POINT('',(-3.,-15.4,1.6));
#9244=CARTESIAN_POINT('',(-4.1,-15.4,2.7));
#9245=VECTOR('',#9246,1.);
#9246=DIRECTION('',(0.707106781186547,0.,-0.707106781186548));
#9247=CARTESIAN_POINT('',(-3.,-15.4,1.6));
#9248=VECTOR('',#9249,1.);
#9249=DIRECTION('',(-1.70803542250024E-16,1.,0.));
#9250=CARTESIAN_POINT('',(-3.,5.,1.6));
#9251=VECTOR('',#9252,1.);
#9252=DIRECTION('',(-0.707106781186548,0.,0.707106781186547));
#9253=CARTESIAN_POINT('',(6.51970740319701,-15.8,2.7));
#9254=CARTESIAN_POINT('',(18.314654187301,-21.3000739901584,2.7));
#9255=AXIS2_PLACEMENT_3D('',#9256,#9257,#9258);
#9256=CARTESIAN_POINT('',(6.51970741531357,-31.1972095242992,2.7));
#9257=DIRECTION('',(0.,0.,-1.));
#9258=DIRECTION('',(-8.18840039273561E-10,1.,0.));
#9259=CARTESIAN_POINT('',(38.7463822286507,-45.6496592873851,2.7));
#9260=CARTESIAN_POINT('',(18.3146541882681,-21.3000739913109,2.7));
#9261=VECTOR('',#9262,1.);
#9262=DIRECTION('',(0.642787609670424,-0.766044443132501,0.));
#9263=CARTESIAN_POINT('',(41.6585332840896,-47.3272076572299,2.7));
#9264=AXIS2_PLACEMENT_3D('',#9265,#9266,#9267);
#9265=CARTESIAN_POINT('',(42.5,-42.5,2.7));
#9266=DIRECTION('',(0.,0.,1.));
#9267=DIRECTION('',(-0.766044443132501,-0.642787609670424,0.));
#9268=CARTESIAN_POINT('',(41.4902711462054,-46.7311874978326,2.7));
#9269=CARTESIAN_POINT('',(41.4902711462054,-46.7311874978326,2.7));
#9270=VECTOR('',#9271,1.);
#9271=DIRECTION('',(0.271690326888799,-0.962384728824734,7.17064124521409E-16));
#9272=CARTESIAN_POINT('',(38.3308197118558,-41.2588570892318,2.7));
#9273=AXIS2_PLACEMENT_3D('',#9274,#9275,#9276);
#9274=CARTESIAN_POINT('',(42.5,-42.5,2.7));
#9275=DIRECTION('',(0.,0.,1.));
#9276=DIRECTION('',(-0.958432250148084,0.285320209371998,0.));
#9277=CARTESIAN_POINT('',(36.5466153362245,-39.4263684272303,2.7));
#9278=CARTESIAN_POINT('',(36.5466153362243,-39.4263684272302,2.7));
#9279=VECTOR('',#9280,1.);
#9280=DIRECTION('',(0.697604459902419,-0.716483089489385,0.));
#9281=CARTESIAN_POINT('',(42.8148493082717,-35.8074018562979,2.7));
#9282=AXIS2_PLACEMENT_3D('',#9283,#9284,#9285);
#9283=CARTESIAN_POINT('',(42.5,-42.5,2.7));
#9284=DIRECTION('',(0.,0.,1.));
#9285=DIRECTION('',(0.0469924340703982,0.998895245328628,0.));
#9286=CARTESIAN_POINT('',(43.5097288537946,-38.2688125021674,2.7));
#9287=CARTESIAN_POINT('',(43.5097288537946,-38.2688125021674,2.7));
#9288=VECTOR('',#9289,1.);
#9289=DIRECTION('',(-0.271690326888813,0.96238472882473,0.));
#9290=CARTESIAN_POINT('',(46.6691802881442,-43.7411429107682,2.7));
#9291=AXIS2_PLACEMENT_3D('',#9292,#9293,#9294);
#9292=CARTESIAN_POINT('',(42.5,-42.5,2.7));
#9293=DIRECTION('',(0.,0.,1.));
#9294=DIRECTION('',(0.958432250148084,-0.285320209371996,0.));
#9295=CARTESIAN_POINT('',(47.1012178183895,-44.1848722763875,2.7));
#9296=CARTESIAN_POINT('',(47.1012178183897,-44.1848722763875,2.7));
#9297=VECTOR('',#9298,1.);
#9298=DIRECTION('',(-0.697604459902416,0.716483089489388,-7.17064124521562E-16));
#9299=CARTESIAN_POINT('',(47.1044938418849,-40.8241012977975,2.7));
#9300=AXIS2_PLACEMENT_3D('',#9301,#9302,#9303);
#9301=CARTESIAN_POINT('',(42.5,-42.5,2.7));
#9302=DIRECTION('',(0.,0.,1.));
#9303=DIRECTION('',(0.939024044569191,-0.343851484977044,0.));
#9304=CARTESIAN_POINT('',(36.696408013381,-12.2281205011943,2.7));
#9305=CARTESIAN_POINT('',(47.1044938418849,-40.8241012977975,2.7));
#9306=VECTOR('',#9307,1.);
#9307=DIRECTION('',(-0.342020143306626,0.939692620792839,0.));
#9308=CARTESIAN_POINT('',(36.696408013381,12.2281205011943,2.7));
#9309=AXIS2_PLACEMENT_3D('',#9310,#9311,#9312);
#9310=CARTESIAN_POINT('',(70.2936009530387,-5.82224936234316E-15,2.7));
#9311=DIRECTION('',(0.,0.,1.));
#9312=DIRECTION('',(-0.939694976672124,0.342013670512127,0.));
#9313=CARTESIAN_POINT('',(47.1044938418849,40.8241012977975,2.7));
#9314=CARTESIAN_POINT('',(47.1044938418849,40.8241012977975,2.7));
#9315=VECTOR('',#9316,1.);
#9316=DIRECTION('',(-0.342020143306626,-0.939692620792839,0.));
#9317=CARTESIAN_POINT('',(47.1012178183895,44.1848722763875,2.7));
#9318=AXIS2_PLACEMENT_3D('',#9319,#9320,#9321);
#9319=CARTESIAN_POINT('',(42.5,42.5,2.7));
#9320=DIRECTION('',(0.,0.,-1.));
#9321=DIRECTION('',(0.939024044569191,0.343851484977044,0.));
#9322=CARTESIAN_POINT('',(46.6691802881442,43.7411429107682,2.7));
#9323=CARTESIAN_POINT('',(47.1012178183897,44.1848722763874,2.7));
#9324=VECTOR('',#9325,1.);
#9325=DIRECTION('',(-0.697604459902422,-0.716483089489383,-7.17064124521568E-16));
#9326=CARTESIAN_POINT('',(43.5097288537946,38.2688125021674,2.7));
#9327=AXIS2_PLACEMENT_3D('',#9328,#9329,#9330);
#9328=CARTESIAN_POINT('',(42.5,42.5,2.7));
#9329=DIRECTION('',(0.,0.,-1.));
#9330=DIRECTION('',(0.958432250148084,0.285320209371996,0.));
#9331=CARTESIAN_POINT('',(42.8148493082717,35.8074018562979,2.7));
#9332=CARTESIAN_POINT('',(43.5097288537946,38.2688125021674,2.7));
#9333=VECTOR('',#9334,1.);
#9334=DIRECTION('',(-0.271690326888814,-0.96238472882473,0.));
#9335=CARTESIAN_POINT('',(36.5466153362245,39.4263684272303,2.7));
#9336=AXIS2_PLACEMENT_3D('',#9337,#9338,#9339);
#9337=CARTESIAN_POINT('',(42.5,42.5,2.7));
#9338=DIRECTION('',(0.,0.,-1.));
#9339=DIRECTION('',(0.0469924340703972,-0.998895245328628,0.));
#9340=CARTESIAN_POINT('',(38.3308197118558,41.2588570892318,2.7));
#9341=CARTESIAN_POINT('',(36.5466153362243,39.4263684272302,2.7));
#9342=VECTOR('',#9343,1.);
#9343=DIRECTION('',(0.697604459902419,0.716483089489385,0.));
#9344=CARTESIAN_POINT('',(41.4902711462054,46.7311874978326,2.7));
#9345=AXIS2_PLACEMENT_3D('',#9346,#9347,#9348);
#9346=CARTESIAN_POINT('',(42.5,42.5,2.7));
#9347=DIRECTION('',(0.,0.,-1.));
#9348=DIRECTION('',(-0.958432250148083,-0.285320209371999,0.));
#9349=CARTESIAN_POINT('',(41.6585332840896,47.3272076572299,2.7));
#9350=CARTESIAN_POINT('',(41.4902711462054,46.7311874978326,2.7));
#9351=VECTOR('',#9352,1.);
#9352=DIRECTION('',(0.27169032688882,0.962384728824728,7.17064124521404E-16));
#9353=CARTESIAN_POINT('',(38.7463822286508,45.6496592873851,2.7));
#9354=AXIS2_PLACEMENT_3D('',#9355,#9356,#9357);
#9355=CARTESIAN_POINT('',(42.5,42.5,2.7));
#9356=DIRECTION('',(0.,0.,-1.));
#9357=DIRECTION('',(-0.766044443132499,0.642787609670425,0.));
#9358=CARTESIAN_POINT('',(18.314654187301,21.3000739901584,2.7));
#9359=CARTESIAN_POINT('',(18.3146541882681,21.3000739913109,2.7));
#9360=VECTOR('',#9361,1.);
#9361=DIRECTION('',(0.642787609670424,0.7660444431325,0.));
#9362=CARTESIAN_POINT('',(6.51970740319702,15.8,2.7));
#9363=AXIS2_PLACEMENT_3D('',#9364,#9365,#9366);
#9364=CARTESIAN_POINT('',(6.51970741531357,31.1972095242992,2.7));
#9365=DIRECTION('',(0.,0.,1.));
#9366=DIRECTION('',(-8.18840154642312E-10,-1.,0.));
#9367=CARTESIAN_POINT('',(-6.51970740319702,15.8,2.7));
#9368=CARTESIAN_POINT('',(6.51970740368832,15.8,2.7));
#9369=VECTOR('',#9370,1.);
#9370=DIRECTION('',(-1.,0.,6.81148987757998E-17));
#9371=CARTESIAN_POINT('',(-18.3146541873011,21.3000739901584,2.7));
#9372=AXIS2_PLACEMENT_3D('',#9373,#9374,#9375);
#9373=CARTESIAN_POINT('',(-6.51970741531358,31.1972095242992,2.7));
#9374=DIRECTION('',(0.,0.,-1.));
#9375=DIRECTION('',(8.18840270011064E-10,-1.,0.));
#9376=CARTESIAN_POINT('',(-38.7463822286508,45.6496592873851,2.7));
#9377=CARTESIAN_POINT('',(-18.3146541882681,21.3000739913109,2.7));
#9378=VECTOR('',#9379,1.);
#9379=DIRECTION('',(-0.642787609670424,0.7660444431325,0.));
#9380=CARTESIAN_POINT('',(-41.6585332840896,47.3272076572299,2.7));
#9381=AXIS2_PLACEMENT_3D('',#9382,#9383,#9384);
#9382=CARTESIAN_POINT('',(-42.5,42.5,2.7));
#9383=DIRECTION('',(0.,0.,1.));
#9384=DIRECTION('',(0.766044443132499,0.642787609670425,0.));
#9385=CARTESIAN_POINT('',(-41.4902711462054,46.7311874978326,2.7));
#9386=CARTESIAN_POINT('',(-41.4902711462054,46.7311874978326,2.7));
#9387=VECTOR('',#9388,1.);
#9388=DIRECTION('',(-0.27169032688881,0.962384728824732,7.17064124521407E-16));
#9389=CARTESIAN_POINT('',(-38.3308197118558,41.2588570892318,2.7));
#9390=AXIS2_PLACEMENT_3D('',#9391,#9392,#9393);
#9391=CARTESIAN_POINT('',(-42.5,42.5,2.7));
#9392=DIRECTION('',(0.,0.,1.));
#9393=DIRECTION('',(0.958432250148083,-0.285320209371999,0.));
#9394=CARTESIAN_POINT('',(-36.5466153362245,39.4263684272303,2.7));
#9395=CARTESIAN_POINT('',(-36.5466153362243,39.4263684272302,2.7));
#9396=VECTOR('',#9397,1.);
#9397=DIRECTION('',(-0.697604459902418,0.716483089489386,0.));
#9398=CARTESIAN_POINT('',(-42.8148493082717,35.8074018562979,2.7));
#9399=AXIS2_PLACEMENT_3D('',#9400,#9401,#9402);
#9400=CARTESIAN_POINT('',(-42.5,42.5,2.7));
#9401=DIRECTION('',(0.,0.,1.));
#9402=DIRECTION('',(-0.0469924340703972,-0.998895245328628,0.));
#9403=CARTESIAN_POINT('',(-43.5097288537946,38.2688125021674,2.7));
#9404=CARTESIAN_POINT('',(-43.5097288537946,38.2688125021674,2.7));
#9405=VECTOR('',#9406,1.);
#9406=DIRECTION('',(0.271690326888814,-0.96238472882473,0.));
#9407=CARTESIAN_POINT('',(-46.6691802881442,43.7411429107682,2.7));
#9408=AXIS2_PLACEMENT_3D('',#9409,#9410,#9411);
#9409=CARTESIAN_POINT('',(-42.5,42.5,2.7));
#9410=DIRECTION('',(0.,0.,1.));
#9411=DIRECTION('',(-0.958432250148084,0.285320209371996,0.));
#9412=CARTESIAN_POINT('',(-47.1012178183895,44.1848722763875,2.7));
#9413=CARTESIAN_POINT('',(-47.1012178183897,44.1848722763874,2.7));
#9414=VECTOR('',#9415,1.);
#9415=DIRECTION('',(0.697604459902416,-0.716483089489388,-7.17064124521562E-16));
#9416=CARTESIAN_POINT('',(-47.1044938418849,40.8241012977975,2.7));
#9417=AXIS2_PLACEMENT_3D('',#9418,#9419,#9420);
#9418=CARTESIAN_POINT('',(-42.5,42.5,2.7));
#9419=DIRECTION('',(0.,0.,1.));
#9420=DIRECTION('',(-0.939024044569191,0.343851484977044,0.));
#9421=CARTESIAN_POINT('',(-36.696408013381,12.2281205011943,2.7));
#9422=CARTESIAN_POINT('',(-47.1044938418849,40.8241012977975,2.7));
#9423=VECTOR('',#9424,1.);
#9424=DIRECTION('',(0.342020143306626,-0.939692620792839,0.));
#9425=CARTESIAN_POINT('',(-36.696408013381,-12.2281205011943,2.7));
#9426=AXIS2_PLACEMENT_3D('',#9427,#9428,#9429);
#9427=CARTESIAN_POINT('',(-70.2936009530387,-1.44307327031112E-14,2.7));
#9428=DIRECTION('',(0.,0.,-1.));
#9429=DIRECTION('',(0.939694976672124,0.342013670512127,0.));
#9430=CARTESIAN_POINT('',(-47.1044938418849,-40.8241012977975,2.7));
#9431=CARTESIAN_POINT('',(-47.1044938418849,-40.8241012977975,2.7));
#9432=VECTOR('',#9433,1.);
#9433=DIRECTION('',(0.342020143306626,0.939692620792839,0.));
#9434=CARTESIAN_POINT('',(-47.1012178183895,-44.1848722763875,2.7));
#9435=AXIS2_PLACEMENT_3D('',#9436,#9437,#9438);
#9436=CARTESIAN_POINT('',(-42.5,-42.5,2.7));
#9437=DIRECTION('',(0.,0.,-1.));
#9438=DIRECTION('',(-0.939024044569191,-0.343851484977044,0.));
#9439=CARTESIAN_POINT('',(-46.6691802881442,-43.7411429107682,2.7));
#9440=CARTESIAN_POINT('',(-47.1012178183897,-44.1848722763875,2.7));
#9441=VECTOR('',#9442,1.);
#9442=DIRECTION('',(0.697604459902422,0.716483089489383,-7.17064124521568E-16));
#9443=CARTESIAN_POINT('',(-43.5097288537946,-38.2688125021674,2.7));
#9444=AXIS2_PLACEMENT_3D('',#9445,#9446,#9447);
#9445=CARTESIAN_POINT('',(-42.5,-42.5,2.7));
#9446=DIRECTION('',(0.,0.,-1.));
#9447=DIRECTION('',(-0.958432250148084,-0.285320209371996,0.));
#9448=CARTESIAN_POINT('',(-42.8148493082717,-35.8074018562979,2.7));
#9449=CARTESIAN_POINT('',(-43.5097288537946,-38.2688125021674,2.7));
#9450=VECTOR('',#9451,1.);
#9451=DIRECTION('',(0.271690326888816,0.962384728824729,0.));
#9452=CARTESIAN_POINT('',(-36.5466153362245,-39.4263684272303,2.7));
#9453=AXIS2_PLACEMENT_3D('',#9454,#9455,#9456);
#9454=CARTESIAN_POINT('',(-42.5,-42.5,2.7));
#9455=DIRECTION('',(0.,0.,-1.));
#9456=DIRECTION('',(-0.0469924340703982,0.998895245328628,0.));
#9457=CARTESIAN_POINT('',(-38.3308197118558,-41.2588570892318,2.7));
#9458=CARTESIAN_POINT('',(-36.5466153362243,-39.4263684272302,2.7));
#9459=VECTOR('',#9460,1.);
#9460=DIRECTION('',(-0.697604459902418,-0.716483089489386,0.));
#9461=CARTESIAN_POINT('',(-41.4902711462054,-46.7311874978326,2.7));
#9462=AXIS2_PLACEMENT_3D('',#9463,#9464,#9465);
#9463=CARTESIAN_POINT('',(-42.5,-42.5,2.7));
#9464=DIRECTION('',(0.,0.,-1.));
#9465=DIRECTION('',(0.958432250148084,0.285320209371998,0.));
#9466=CARTESIAN_POINT('',(-41.6585332840896,-47.3272076572299,2.7));
#9467=CARTESIAN_POINT('',(-41.4902711462054,-46.7311874978326,2.7));
#9468=VECTOR('',#9469,1.);
#9469=DIRECTION('',(-0.271690326888799,-0.962384728824734,7.17064124521409E-16));
#9470=CARTESIAN_POINT('',(-38.7463822286507,-45.6496592873851,2.7));
#9471=AXIS2_PLACEMENT_3D('',#9472,#9473,#9474);
#9472=CARTESIAN_POINT('',(-42.5,-42.5,2.7));
#9473=DIRECTION('',(0.,0.,-1.));
#9474=DIRECTION('',(0.766044443132501,-0.642787609670424,0.));
#9475=CARTESIAN_POINT('',(-18.314654187301,-21.3000739901584,2.7));
#9476=CARTESIAN_POINT('',(-18.3146541882681,-21.3000739913109,2.7));
#9477=VECTOR('',#9478,1.);
#9478=DIRECTION('',(-0.642787609670424,-0.766044443132501,0.));
#9479=CARTESIAN_POINT('',(-6.51970740319701,-15.8,2.7));
#9480=AXIS2_PLACEMENT_3D('',#9481,#9482,#9483);
#9481=CARTESIAN_POINT('',(-6.51970741531356,-31.1972095242992,2.7));
#9482=DIRECTION('',(0.,0.,1.));
#9483=DIRECTION('',(8.18839923904809E-10,1.,0.));
#9484=CARTESIAN_POINT('',(6.51970740368832,-15.8,2.7));
#9485=VECTOR('',#9486,1.);
#9486=DIRECTION('',(-1.,-1.362297975516E-16,-3.40574493878999E-17));
#9487=CARTESIAN_POINT('',(13.4,9.39999999999999,2.7));
#9488=CARTESIAN_POINT('',(13.4,9.39999999999999,2.7));
#9489=VECTOR('',#9490,1.);
#9490=DIRECTION('',(-1.,5.73018335290404E-16,0.));
#9491=CARTESIAN_POINT('',(13.4,4.6,2.7));
#9492=CARTESIAN_POINT('',(13.4,4.6,2.7));
#9493=VECTOR('',#9494,1.);
#9494=DIRECTION('',(0.,1.,0.));
#9495=CARTESIAN_POINT('',(4.1,4.6,2.7));
#9496=VECTOR('',#9497,1.);
#9497=DIRECTION('',(1.,0.,0.));
#9498=CARTESIAN_POINT('',(4.1,-15.4,2.7));
#9499=VECTOR('',#9500,1.);
#9500=DIRECTION('',(-1.,0.,0.));
#9501=CARTESIAN_POINT('',(-13.4,4.6,2.7));
#9502=CARTESIAN_POINT('',(-13.4,4.6,2.7));
#9503=VECTOR('',#9504,1.);
#9504=DIRECTION('',(1.,0.,0.));
#9505=CARTESIAN_POINT('',(-13.4,9.40000000000001,2.7));
#9506=CARTESIAN_POINT('',(-13.4,9.40000000000001,2.7));
#9507=VECTOR('',#9508,1.);
#9508=DIRECTION('',(7.40148683083436E-16,-1.,0.));
#9509=CARTESIAN_POINT('',(-4.1,9.4,2.7));
#9510=VECTOR('',#9511,1.);
#9511=DIRECTION('',(-1.,7.64024447053871E-16,0.));
#9512=CARTESIAN_POINT('',(-4.1,15.4,2.7));
#9513=VECTOR('',#9514,1.);
#9514=DIRECTION('',(1.,-2.16628882853689E-16,0.));
#9515=CARTESIAN_POINT('',(-8.19999999999344,-5.1,2.7));
#9516=AXIS2_PLACEMENT_3D('',#9517,#9518,#9519);
#9517=CARTESIAN_POINT('',(-10.0499999999934,-5.1,2.7));
#9518=DIRECTION('',(0.,0.,1.));
#9519=DIRECTION('',(1.,0.,0.));
#9520=CARTESIAN_POINT('',(19.9,-8.49999999999999,2.7));
#9521=CARTESIAN_POINT('',(20.5,-9.09999999999999,2.7));
#9522=CARTESIAN_POINT('',(20.5,-9.09999999999999,2.7));
#9523=VECTOR('',#9524,1.);
#9524=DIRECTION('',(-0.70710678118655,0.707106781186545,0.));
#9525=CARTESIAN_POINT('',(18.5,-8.49999999999999,2.7));
#9526=CARTESIAN_POINT('',(18.5,-8.49999999999999,2.7));
#9527=VECTOR('',#9528,1.);
#9528=DIRECTION('',(1.,0.,0.));
#9529=CARTESIAN_POINT('',(18.5,8.49999999999999,2.7));
#9530=CARTESIAN_POINT('',(18.5,-8.49999999999999,2.7));
#9531=VECTOR('',#9532,1.);
#9532=DIRECTION('',(0.,1.,-1.82860262879438E-16));
#9533=CARTESIAN_POINT('',(19.9,8.49999999999999,2.7));
#9534=CARTESIAN_POINT('',(18.5,8.49999999999999,2.7));
#9535=VECTOR('',#9536,1.);
#9536=DIRECTION('',(1.,0.,0.));
#9537=CARTESIAN_POINT('',(20.5,9.09999999999999,2.7));
#9538=CARTESIAN_POINT('',(20.5,9.09999999999999,2.7));
#9539=VECTOR('',#9540,1.);
#9540=DIRECTION('',(-0.70710678118655,-0.707106781186545,0.));
#9541=CARTESIAN_POINT('',(20.5,12.9418876171932,2.7));
#9542=CARTESIAN_POINT('',(20.5,12.9418876171932,2.7));
#9543=VECTOR('',#9544,1.);
#9544=DIRECTION('',(0.,-1.,0.));
#9545=CARTESIAN_POINT('',(23.0980762113378,14.44188761722,2.7));
#9546=AXIS2_PLACEMENT_3D('',#9547,#9548,#9549);
#9547=CARTESIAN_POINT('',(22.2320508075792,12.9418876171932,2.7));
#9548=DIRECTION('',(0.,0.,1.));
#9549=DIRECTION('',(0.499999999982116,0.866025403794764,0.));
#9550=CARTESIAN_POINT('',(31.1404690648635,9.79860993852972,2.7));
#9551=CARTESIAN_POINT('',(31.1404690648635,9.79860993852972,2.7));
#9552=VECTOR('',#9553,1.);
#9553=DIRECTION('',(-0.866025403794764,0.499999999982116,0.));
#9554=CARTESIAN_POINT('',(32.394736905226,7.07339211531877,2.7));
#9555=AXIS2_PLACEMENT_3D('',#9556,#9557,#9558);
#9556=CARTESIAN_POINT('',(29.8421229440577,7.54980849137695,2.7));
#9557=DIRECTION('',(0.,0.,1.));
#9558=DIRECTION('',(0.983025219612799,-0.183470481563679,0.));
#9559=CARTESIAN_POINT('',(32.394736905226,-7.07339211531878,2.7));
#9560=AXIS2_PLACEMENT_3D('',#9561,#9562,#9563);
#9561=CARTESIAN_POINT('',(70.2936009530387,-2.78621724483807E-15,2.7));
#9562=DIRECTION('',(0.,0.,1.));
#9563=DIRECTION('',(-0.983025219612799,0.183470481563681,0.));
#9564=CARTESIAN_POINT('',(31.1404690648635,-9.79860993852972,2.7));
#9565=AXIS2_PLACEMENT_3D('',#9566,#9567,#9568);
#9566=CARTESIAN_POINT('',(29.8421229440577,-7.54980849137695,2.7));
#9567=DIRECTION('',(0.,0.,-1.));
#9568=DIRECTION('',(0.983025219612799,0.183470481563679,0.));
#9569=CARTESIAN_POINT('',(23.0980762113378,-14.44188761722,2.7));
#9570=CARTESIAN_POINT('',(31.1404690648635,-9.79860993852972,2.7));
#9571=VECTOR('',#9572,1.);
#9572=DIRECTION('',(-0.866025403794764,-0.499999999982116,0.));
#9573=CARTESIAN_POINT('',(20.5,-12.9418876171932,2.7));
#9574=AXIS2_PLACEMENT_3D('',#9575,#9576,#9577);
#9575=CARTESIAN_POINT('',(22.2320508075792,-12.9418876171932,2.7));
#9576=DIRECTION('',(0.,0.,-1.));
#9577=DIRECTION('',(0.499999999982116,-0.866025403794764,0.));
#9578=CARTESIAN_POINT('',(20.5,-12.9418876171932,2.7));
#9579=VECTOR('',#9580,1.);
#9580=DIRECTION('',(0.,1.,0.));
#9581=CARTESIAN_POINT('',(34.1730123887449,-35.843302634864,2.7));
#9582=CARTESIAN_POINT('',(37.1274356477706,-36.3642471679264,2.7));
#9583=AXIS2_PLACEMENT_3D('',#9584,#9585,#9586);
#9584=CARTESIAN_POINT('',(35.9606427776673,-34.343302634902,2.7));
#9585=DIRECTION('',(0.,0.,-1.));
#9586=DIRECTION('',(0.49999999998212,-0.866025403794761,0.));
#9587=CARTESIAN_POINT('',(21.266774363848,-20.46224710116,2.7));
#9588=CARTESIAN_POINT('',(21.266774363848,-20.46224710116,2.7));
#9589=VECTOR('',#9590,1.);
#9590=DIRECTION('',(0.642787609670424,-0.7660444431325,0.));
#9591=CARTESIAN_POINT('',(21.7877188969103,-17.5078238421342,2.7));
#9592=CARTESIAN_POINT('',(21.266774363848,-20.46224710116,2.7));
#9593=CARTESIAN_POINT('',(19.7667743638859,-18.6746167122375,2.7));
#9594=CARTESIAN_POINT('',(21.7877188969103,-17.5078238421342,2.7));
#9595=CARTESIAN_POINT('',(31.21452205411,-12.0652565019869,2.7));
#9596=CARTESIAN_POINT('',(21.7877188969103,-17.5078238421342,2.7));
#9597=VECTOR('',#9598,1.);
#9598=DIRECTION('',(0.866025403794764,0.499999999982117,0.));
#9599=CARTESIAN_POINT('',(34.0323075852587,-13.0948606494088,2.7));
#9600=AXIS2_PLACEMENT_3D('',#9601,#9602,#9603);
#9601=CARTESIAN_POINT('',(32.1925464487975,-13.7592444447083,2.7));
#9602=DIRECTION('',(0.,0.,-1.));
#9603=DIRECTION('',(-0.49999999998212,0.866025403794762,0.));
#9604=CARTESIAN_POINT('',(34.06526537693,-13.1857678405406,2.7));
#9605=AXIS2_PLACEMENT_3D('',#9606,#9607,#9608);
#9606=CARTESIAN_POINT('',(70.2936009530387,-2.78621724483807E-15,2.7));
#9607=DIRECTION('',(0.,0.,1.));
#9608=DIRECTION('',(-0.940549717567679,-0.339656044820874,0.));
#9609=CARTESIAN_POINT('',(40.8986247825502,-31.9602685090206,2.7));
#9610=CARTESIAN_POINT('',(40.8986247825502,-31.9602685090206,2.7));
#9611=VECTOR('',#9612,1.);
#9612=DIRECTION('',(-0.342020143306626,0.939692620792839,0.));
#9613=CARTESIAN_POINT('',(39.8725643525155,-34.7793463713574,2.7));
#9614=AXIS2_PLACEMENT_3D('',#9615,#9616,#9617);
#9615=CARTESIAN_POINT('',(38.7057714824122,-32.7584018383329,2.7));
#9616=DIRECTION('',(0.,0.,-1.));
#9617=DIRECTION('',(0.93969262079284,0.342020143306623,0.));
#9618=CARTESIAN_POINT('',(39.8725643525155,-34.7793463713574,2.7));
#9619=VECTOR('',#9620,1.);
#9620=DIRECTION('',(-0.866025403794764,-0.499999999982116,0.));
#9621=CARTESIAN_POINT('',(39.8725643525155,34.7793463713574,2.7));
#9622=CARTESIAN_POINT('',(37.1274356477706,36.3642471679264,2.7));
#9623=CARTESIAN_POINT('',(39.8725643525155,34.7793463713574,2.7));
#9624=VECTOR('',#9625,1.);
#9625=DIRECTION('',(-0.866025403794763,0.499999999982118,0.));
#9626=CARTESIAN_POINT('',(40.8986247825502,31.9602685090206,2.7));
#9627=AXIS2_PLACEMENT_3D('',#9628,#9629,#9630);
#9628=CARTESIAN_POINT('',(38.7057714824122,32.7584018383329,2.7));
#9629=DIRECTION('',(0.,0.,1.));
#9630=DIRECTION('',(0.93969262079284,-0.342020143306623,0.));
#9631=CARTESIAN_POINT('',(34.06526537693,13.1857678405406,2.7));
#9632=CARTESIAN_POINT('',(40.8986247825502,31.9602685090206,2.7));
#9633=VECTOR('',#9634,1.);
#9634=DIRECTION('',(-0.342020143306626,-0.939692620792839,0.));
#9635=CARTESIAN_POINT('',(34.0323075852587,13.0948606494088,2.7));
#9636=AXIS2_PLACEMENT_3D('',#9637,#9638,#9639);
#9637=CARTESIAN_POINT('',(70.2936009530387,-5.82224936234316E-15,2.7));
#9638=DIRECTION('',(0.,0.,-1.));
#9639=DIRECTION('',(-0.940549717567679,0.339656044820874,0.));
#9640=CARTESIAN_POINT('',(31.21452205411,12.0652565019869,2.7));
#9641=AXIS2_PLACEMENT_3D('',#9642,#9643,#9644);
#9642=CARTESIAN_POINT('',(32.1925464487975,13.7592444447083,2.7));
#9643=DIRECTION('',(0.,0.,1.));
#9644=DIRECTION('',(-0.49999999998212,-0.866025403794762,0.));
#9645=CARTESIAN_POINT('',(21.7877188969103,17.5078238421342,2.7));
#9646=CARTESIAN_POINT('',(21.7877188969103,17.5078238421342,2.7));
#9647=VECTOR('',#9648,1.);
#9648=DIRECTION('',(0.866025403794764,-0.499999999982116,0.));
#9649=CARTESIAN_POINT('',(21.266774363848,20.46224710116,2.7));
#9650=CARTESIAN_POINT('',(21.266774363848,20.46224710116,2.7));
#9651=CARTESIAN_POINT('',(19.7667743638859,18.6746167122375,2.7));
#9652=CARTESIAN_POINT('',(21.7877188969103,17.5078238421342,2.7));
#9653=CARTESIAN_POINT('',(34.1730123887449,35.843302634864,2.7));
#9654=CARTESIAN_POINT('',(21.266774363848,20.46224710116,2.7));
#9655=VECTOR('',#9656,1.);
#9656=DIRECTION('',(0.642787609670424,0.7660444431325,0.));
#9657=AXIS2_PLACEMENT_3D('',#9658,#9659,#9660);
#9658=CARTESIAN_POINT('',(35.9606427776673,34.343302634902,2.7));
#9659=DIRECTION('',(0.,0.,1.));
#9660=DIRECTION('',(0.49999999998212,0.866025403794761,0.));
#9661=CARTESIAN_POINT('',(-20.5,-12.9418876171932,2.7));
#9662=CARTESIAN_POINT('',(-20.5,-9.1,2.7));
#9663=CARTESIAN_POINT('',(-20.5,-12.9418876171932,2.7));
#9664=VECTOR('',#9665,1.);
#9665=DIRECTION('',(-9.24731286490893E-16,1.,0.));
#9666=CARTESIAN_POINT('',(-23.0980762113378,-14.44188761722,2.7));
#9667=AXIS2_PLACEMENT_3D('',#9668,#9669,#9670);
#9668=CARTESIAN_POINT('',(-22.2320508075792,-12.9418876171932,2.7));
#9669=DIRECTION('',(0.,0.,1.));
#9670=DIRECTION('',(-0.499999999982116,-0.866025403794764,0.));
#9671=CARTESIAN_POINT('',(-31.1404690648635,-9.79860993852972,2.7));
#9672=CARTESIAN_POINT('',(-31.1404690648635,-9.79860993852972,2.7));
#9673=VECTOR('',#9674,1.);
#9674=DIRECTION('',(0.866025403794764,-0.499999999982116,0.));
#9675=CARTESIAN_POINT('',(-32.394736905226,-7.07339211531878,2.7));
#9676=AXIS2_PLACEMENT_3D('',#9677,#9678,#9679);
#9677=CARTESIAN_POINT('',(-29.8421229440577,-7.54980849137695,2.7));
#9678=DIRECTION('',(0.,0.,1.));
#9679=DIRECTION('',(-0.983025219612799,0.183470481563679,0.));
#9680=CARTESIAN_POINT('',(-32.394736905226,7.07339211531877,2.7));
#9681=AXIS2_PLACEMENT_3D('',#9682,#9683,#9684);
#9682=CARTESIAN_POINT('',(-70.2936009530387,-1.13947005856061E-14,2.7));
#9683=DIRECTION('',(0.,0.,-1.));
#9684=DIRECTION('',(0.983025219612799,0.183470481563681,0.));
#9685=CARTESIAN_POINT('',(-31.1404690648635,9.79860993852971,2.7));
#9686=AXIS2_PLACEMENT_3D('',#9687,#9688,#9689);
#9687=CARTESIAN_POINT('',(-29.8421229440577,7.54980849137694,2.7));
#9688=DIRECTION('',(0.,0.,-1.));
#9689=DIRECTION('',(-0.983025219612799,-0.183470481563679,0.));
#9690=CARTESIAN_POINT('',(-23.0980762113378,14.44188761722,2.7));
#9691=CARTESIAN_POINT('',(-31.1404690648635,9.79860993852971,2.7));
#9692=VECTOR('',#9693,1.);
#9693=DIRECTION('',(0.866025403794764,0.499999999982116,0.));
#9694=CARTESIAN_POINT('',(-20.5,12.9418876171932,2.7));
#9695=AXIS2_PLACEMENT_3D('',#9696,#9697,#9698);
#9696=CARTESIAN_POINT('',(-22.2320508075792,12.9418876171932,2.7));
#9697=DIRECTION('',(0.,0.,-1.));
#9698=DIRECTION('',(-0.499999999982116,0.866025403794764,0.));
#9699=CARTESIAN_POINT('',(-20.5,9.09999999999999,2.7));
#9700=CARTESIAN_POINT('',(-20.5,12.9418876171932,2.7));
#9701=VECTOR('',#9702,1.);
#9702=DIRECTION('',(0.,-1.,0.));
#9703=CARTESIAN_POINT('',(-19.9,8.49999999999999,2.7));
#9704=CARTESIAN_POINT('',(-20.5,9.09999999999999,2.7));
#9705=VECTOR('',#9706,1.);
#9706=DIRECTION('',(0.707106781186549,-0.707106781186546,0.));
#9707=CARTESIAN_POINT('',(-18.5,8.49999999999999,2.7));
#9708=CARTESIAN_POINT('',(-18.5,8.49999999999999,2.7));
#9709=VECTOR('',#9710,1.);
#9710=DIRECTION('',(-1.,0.,0.));
#9711=CARTESIAN_POINT('',(-18.5,-8.49999999999999,2.7));
#9712=CARTESIAN_POINT('',(-18.5,-8.5,2.7));
#9713=VECTOR('',#9714,1.);
#9714=DIRECTION('',(0.,1.,-1.82860262879438E-16));
#9715=CARTESIAN_POINT('',(-19.9,-8.49999999999999,2.7));
#9716=CARTESIAN_POINT('',(-18.5,-8.5,2.7));
#9717=VECTOR('',#9718,1.);
#9718=DIRECTION('',(-1.,0.,0.));
#9719=CARTESIAN_POINT('',(-20.5,-9.1,2.7));
#9720=VECTOR('',#9721,1.);
#9721=DIRECTION('',(0.707106781186551,0.707106781186544,0.));
#9722=CARTESIAN_POINT('',(-39.8725643525155,-34.7793463713574,2.7));
#9723=CARTESIAN_POINT('',(-37.1274356477706,-36.3642471679264,2.7));
#9724=CARTESIAN_POINT('',(-39.8725643525155,-34.7793463713574,2.7));
#9725=VECTOR('',#9726,1.);
#9726=DIRECTION('',(0.866025403794765,-0.499999999982115,0.));
#9727=CARTESIAN_POINT('',(-40.8986247825502,-31.9602685090206,2.7));
#9728=AXIS2_PLACEMENT_3D('',#9729,#9730,#9731);
#9729=CARTESIAN_POINT('',(-38.7057714824122,-32.7584018383329,2.7));
#9730=DIRECTION('',(0.,0.,1.));
#9731=DIRECTION('',(-0.93969262079284,0.342020143306623,0.));
#9732=CARTESIAN_POINT('',(-34.06526537693,-13.1857678405406,2.7));
#9733=CARTESIAN_POINT('',(-40.8986247825502,-31.9602685090206,2.7));
#9734=VECTOR('',#9735,1.);
#9735=DIRECTION('',(0.342020143306626,0.939692620792839,0.));
#9736=CARTESIAN_POINT('',(-34.0323075852587,-13.0948606494088,2.7));
#9737=AXIS2_PLACEMENT_3D('',#9738,#9739,#9740);
#9738=CARTESIAN_POINT('',(-70.2936009530387,-1.13947005856061E-14,2.7));
#9739=DIRECTION('',(0.,0.,-1.));
#9740=DIRECTION('',(0.940549717567679,-0.339656044820874,0.));
#9741=CARTESIAN_POINT('',(-31.21452205411,-12.0652565019869,2.7));
#9742=AXIS2_PLACEMENT_3D('',#9743,#9744,#9745);
#9743=CARTESIAN_POINT('',(-32.1925464487975,-13.7592444447083,2.7));
#9744=DIRECTION('',(0.,0.,1.));
#9745=DIRECTION('',(0.49999999998212,0.866025403794762,0.));
#9746=CARTESIAN_POINT('',(-21.7877188969103,-17.5078238421342,2.7));
#9747=CARTESIAN_POINT('',(-21.7877188969103,-17.5078238421342,2.7));
#9748=VECTOR('',#9749,1.);
#9749=DIRECTION('',(-0.866025403794764,0.499999999982116,0.));
#9750=CARTESIAN_POINT('',(-21.2667743638479,-20.46224710116,2.7));
#9751=CARTESIAN_POINT('',(-21.266774363848,-20.46224710116,2.7));
#9752=CARTESIAN_POINT('',(-19.7667743638859,-18.6746167122375,2.7));
#9753=CARTESIAN_POINT('',(-21.7877188969103,-17.5078238421342,2.7));
#9754=CARTESIAN_POINT('',(-34.1730123887449,-35.843302634864,2.7));
#9755=CARTESIAN_POINT('',(-21.266774363848,-20.46224710116,2.7));
#9756=VECTOR('',#9757,1.);
#9757=DIRECTION('',(-0.642787609670424,-0.766044443132501,0.));
#9758=AXIS2_PLACEMENT_3D('',#9759,#9760,#9761);
#9759=CARTESIAN_POINT('',(-35.9606427776673,-34.343302634902,2.7));
#9760=DIRECTION('',(0.,0.,1.));
#9761=DIRECTION('',(-0.49999999998212,-0.866025403794761,0.));
#9762=CARTESIAN_POINT('',(-34.1730123887449,35.843302634864,2.7));
#9763=CARTESIAN_POINT('',(-37.1274356477707,36.3642471679264,2.7));
#9764=AXIS2_PLACEMENT_3D('',#9765,#9766,#9767);
#9765=CARTESIAN_POINT('',(-35.9606427776673,34.343302634902,2.7));
#9766=DIRECTION('',(0.,0.,-1.));
#9767=DIRECTION('',(-0.49999999998212,0.866025403794761,0.));
#9768=CARTESIAN_POINT('',(-21.266774363848,20.46224710116,2.7));
#9769=CARTESIAN_POINT('',(-21.266774363848,20.46224710116,2.7));
#9770=VECTOR('',#9771,1.);
#9771=DIRECTION('',(-0.642787609670424,0.7660444431325,0.));
#9772=CARTESIAN_POINT('',(-21.7877188969103,17.5078238421342,2.7));
#9773=CARTESIAN_POINT('',(-21.266774363848,20.46224710116,2.7));
#9774=CARTESIAN_POINT('',(-19.7667743638859,18.6746167122375,2.7));
#9775=CARTESIAN_POINT('',(-21.7877188969103,17.5078238421342,2.7));
#9776=CARTESIAN_POINT('',(-31.21452205411,12.0652565019869,2.7));
#9777=CARTESIAN_POINT('',(-21.7877188969103,17.5078238421342,2.7));
#9778=VECTOR('',#9779,1.);
#9779=DIRECTION('',(-0.866025403794764,-0.499999999982116,0.));
#9780=CARTESIAN_POINT('',(-34.0323075852587,13.0948606494088,2.7));
#9781=AXIS2_PLACEMENT_3D('',#9782,#9783,#9784);
#9782=CARTESIAN_POINT('',(-32.1925464487975,13.7592444447083,2.7));
#9783=DIRECTION('',(0.,0.,-1.));
#9784=DIRECTION('',(0.49999999998212,-0.866025403794762,0.));
#9785=CARTESIAN_POINT('',(-34.06526537693,13.1857678405406,2.7));
#9786=AXIS2_PLACEMENT_3D('',#9787,#9788,#9789);
#9787=CARTESIAN_POINT('',(-70.2936009530387,-1.44307327031112E-14,2.7));
#9788=DIRECTION('',(0.,0.,1.));
#9789=DIRECTION('',(0.940549717567679,0.339656044820874,0.));
#9790=CARTESIAN_POINT('',(-40.8986247825502,31.9602685090206,2.7));
#9791=CARTESIAN_POINT('',(-40.8986247825502,31.9602685090206,2.7));
#9792=VECTOR('',#9793,1.);
#9793=DIRECTION('',(0.342020143306626,-0.939692620792839,0.));
#9794=CARTESIAN_POINT('',(-39.8725643525155,34.7793463713573,2.7));
#9795=AXIS2_PLACEMENT_3D('',#9796,#9797,#9798);
#9796=CARTESIAN_POINT('',(-38.7057714824122,32.7584018383329,2.7));
#9797=DIRECTION('',(0.,0.,-1.));
#9798=DIRECTION('',(-0.93969262079284,-0.342020143306623,0.));
#9799=CARTESIAN_POINT('',(-39.8725643525155,34.7793463713573,2.7));
#9800=VECTOR('',#9801,1.);
#9801=DIRECTION('',(0.866025403794763,0.499999999982118,0.));
#9802=CARTESIAN_POINT('',(11.9,-5.10000000000001,2.7));
#9803=AXIS2_PLACEMENT_3D('',#9804,#9805,#9806);
#9804=CARTESIAN_POINT('',(10.05,-5.10000000000001,2.7));
#9805=DIRECTION('',(0.,0.,1.));
#9806=DIRECTION('',(1.,0.,0.));
#9807=CARTESIAN_POINT('',(-13.,5.,2.3));
#9808=CARTESIAN_POINT('',(-13.,5.,2.3));
#9809=VECTOR('',#9810,1.);
#9810=DIRECTION('',(1.,0.,4.7751527940867E-17));
#9811=CARTESIAN_POINT('',(-13.,5.,1.6));
#9812=VECTOR('',#9813,1.);
#9813=DIRECTION('',(0.,0.,1.));
#9814=CARTESIAN_POINT('',(13.,5.,2.3));
#9815=CARTESIAN_POINT('',(3.7,5.,2.3));
#9816=VECTOR('',#9817,1.);
#9817=DIRECTION('',(1.,0.,4.77515279408669E-17));
#9818=CARTESIAN_POINT('',(13.,5.,1.6));
#9819=VECTOR('',#9820,1.);
#9820=DIRECTION('',(0.,0.,1.));
#9821=CARTESIAN_POINT('',(13.,8.99999999999999,2.3));
#9822=CARTESIAN_POINT('',(13.,5.,2.3));
#9823=VECTOR('',#9824,1.);
#9824=DIRECTION('',(0.,1.,0.));
#9825=CARTESIAN_POINT('',(13.,8.99999999999999,1.6));
#9826=VECTOR('',#9827,1.);
#9827=DIRECTION('',(0.,0.,1.));
#9828=CARTESIAN_POINT('',(13.,8.99999999999999,2.3));
#9829=VECTOR('',#9830,1.);
#9830=DIRECTION('',(-1.,5.73018335290404E-16,4.7751527940867E-17));
#9831=CARTESIAN_POINT('',(-13.,9.00000000000001,2.3));
#9832=CARTESIAN_POINT('',(-3.7,9.,2.3));
#9833=VECTOR('',#9834,1.);
#9834=DIRECTION('',(-1.,5.73018335290404E-16,4.7751527940867E-17));
#9835=CARTESIAN_POINT('',(-13.,9.00000000000001,1.6));
#9836=VECTOR('',#9837,1.);
#9837=DIRECTION('',(0.,0.,1.));
#9838=CARTESIAN_POINT('',(-13.,9.00000000000001,2.3));
#9839=VECTOR('',#9840,1.);
#9840=DIRECTION('',(4.44089209850062E-16,-1.,0.));
#9841=CARTESIAN_POINT('',(3.,13.4,1.));
#9842=CARTESIAN_POINT('',(3.,12.8,1.6));
#9843=VECTOR('',#9844,1.);
#9844=DIRECTION('',(0.,0.707106781186548,-0.707106781186547));
#9845=CARTESIAN_POINT('',(-3.,13.4,1.));
#9846=CARTESIAN_POINT('',(-3.,13.4,1.));
#9847=VECTOR('',#9848,1.);
#9848=DIRECTION('',(1.,0.,-3.70074341541718E-17));
#9849=CARTESIAN_POINT('',(-3.,12.8,1.6));
#9850=VECTOR('',#9851,1.);
#9851=DIRECTION('',(0.,0.707106781186548,-0.707106781186547));
#9852=CARTESIAN_POINT('',(3.,-13.4,1.));
#9853=CARTESIAN_POINT('',(3.,-12.8,1.6));
#9854=VECTOR('',#9855,1.);
#9855=DIRECTION('',(0.,-0.707106781186548,-0.707106781186547));
#9856=CARTESIAN_POINT('',(-3.,-13.4,1.));
#9857=CARTESIAN_POINT('',(-3.,-12.8,1.6));
#9858=VECTOR('',#9859,1.);
#9859=DIRECTION('',(0.,-0.707106781186548,-0.707106781186547));
#9860=CARTESIAN_POINT('',(-3.,-13.4,1.));
#9861=VECTOR('',#9862,1.);
#9862=DIRECTION('',(1.,0.,-3.70074341541719E-17));
#9863=CARTESIAN_POINT('',(3.,15.4,0.6));
#9864=CARTESIAN_POINT('',(3.,15.4,1.6));
#9865=VECTOR('',#9866,1.);
#9866=DIRECTION('',(0.,0.,-1.));
#9867=CARTESIAN_POINT('',(-3.,15.4,0.6));
#9868=CARTESIAN_POINT('',(-3.,15.4,1.6));
#9869=VECTOR('',#9870,1.);
#9870=DIRECTION('',(0.,0.,-1.));
#9871=CARTESIAN_POINT('',(-3.6,15.4,3.03157008421052E-33));
#9872=CARTESIAN_POINT('',(-3.,15.4,0.6));
#9873=VECTOR('',#9874,1.);
#9874=DIRECTION('',(-0.707106781186548,0.,-0.707106781186547));
#9875=CARTESIAN_POINT('',(-6.51970740303325,15.4,8.88178419700125E-16));
#9876=CARTESIAN_POINT('',(-6.51970740368832,15.4,0.));
#9877=VECTOR('',#9878,1.);
#9878=DIRECTION('',(1.,0.,0.));
#9879=CARTESIAN_POINT('',(-6.51970740303325,15.4,-2.4));
#9880=CARTESIAN_POINT('',(-6.51970740303325,15.4,-2.4));
#9881=VECTOR('',#9882,1.);
#9882=DIRECTION('',(0.,0.,1.));
#9883=CARTESIAN_POINT('',(6.51970740303324,15.4,-2.4));
#9884=CARTESIAN_POINT('',(-6.51970740368832,15.4,-2.4));
#9885=VECTOR('',#9886,1.);
#9886=DIRECTION('',(1.,0.,-6.81148987757998E-17));
#9887=CARTESIAN_POINT('',(6.51970740303324,15.4,8.88178419700125E-16));
#9888=CARTESIAN_POINT('',(6.51970740303324,15.4,-2.4));
#9889=VECTOR('',#9890,1.);
#9890=DIRECTION('',(0.,0.,1.));
#9891=CARTESIAN_POINT('',(3.6,15.4,3.03157008421052E-33));
#9892=CARTESIAN_POINT('',(6.51970740368832,15.4,0.));
#9893=VECTOR('',#9894,1.);
#9894=DIRECTION('',(-1.,0.,0.));
#9895=CARTESIAN_POINT('',(3.,15.4,0.6));
#9896=VECTOR('',#9897,1.);
#9897=DIRECTION('',(0.707106781186548,0.,-0.707106781186548));
#9898=CARTESIAN_POINT('',(3.,13.4,0.6));
#9899=CARTESIAN_POINT('',(3.,13.4,1.));
#9900=VECTOR('',#9901,1.);
#9901=DIRECTION('',(0.,0.,-1.));
#9902=CARTESIAN_POINT('',(3.,15.4,0.6));
#9903=VECTOR('',#9904,1.);
#9904=DIRECTION('',(-2.22044604925031E-16,-1.,-1.11022302462516E-16));
#9905=CARTESIAN_POINT('',(3.,-15.4,0.6));
#9906=CARTESIAN_POINT('',(3.,-13.4,0.6));
#9907=CARTESIAN_POINT('',(3.,-15.4,0.6));
#9908=VECTOR('',#9909,1.);
#9909=DIRECTION('',(0.,1.,-1.11022302462516E-16));
#9910=CARTESIAN_POINT('',(3.,-15.4,1.6));
#9911=VECTOR('',#9912,1.);
#9912=DIRECTION('',(0.,0.,-1.));
#9913=CARTESIAN_POINT('',(3.,-13.4,1.));
#9914=VECTOR('',#9915,1.);
#9915=DIRECTION('',(0.,0.,-1.));
#9916=CARTESIAN_POINT('',(3.6,-15.4,3.03157008421052E-33));
#9917=CARTESIAN_POINT('',(3.,-15.4,0.6));
#9918=VECTOR('',#9919,1.);
#9919=DIRECTION('',(0.707106781186548,0.,-0.707106781186548));
#9920=CARTESIAN_POINT('',(6.51970740303324,-15.4,8.88178419700125E-16));
#9921=CARTESIAN_POINT('',(6.51970740368832,-15.4,0.));
#9922=VECTOR('',#9923,1.);
#9923=DIRECTION('',(-1.,0.,0.));
#9924=CARTESIAN_POINT('',(6.51970740303324,-15.4,-2.4));
#9925=CARTESIAN_POINT('',(6.51970740303324,-15.4,-2.4));
#9926=VECTOR('',#9927,1.);
#9927=DIRECTION('',(0.,0.,1.));
#9928=CARTESIAN_POINT('',(-6.51970740303324,-15.4,-2.4));
#9929=CARTESIAN_POINT('',(6.51970740368832,-15.4,-2.4));
#9930=VECTOR('',#9931,1.);
#9931=DIRECTION('',(-1.,0.,0.));
#9932=CARTESIAN_POINT('',(-6.51970740303324,-15.4,8.88178419700125E-16));
#9933=CARTESIAN_POINT('',(-6.51970740303324,-15.4,-2.4));
#9934=VECTOR('',#9935,1.);
#9935=DIRECTION('',(0.,0.,1.));
#9936=CARTESIAN_POINT('',(-3.6,-15.4,3.03157008421052E-33));
#9937=CARTESIAN_POINT('',(-6.51970740368832,-15.4,0.));
#9938=VECTOR('',#9939,1.);
#9939=DIRECTION('',(1.,0.,0.));
#9940=CARTESIAN_POINT('',(-3.,-15.4,0.6));
#9941=CARTESIAN_POINT('',(-3.,-15.4,0.6));
#9942=VECTOR('',#9943,1.);
#9943=DIRECTION('',(-0.707106781186548,0.,-0.707106781186547));
#9944=CARTESIAN_POINT('',(-3.,-15.4,1.6));
#9945=VECTOR('',#9946,1.);
#9946=DIRECTION('',(0.,0.,-1.));
#9947=CARTESIAN_POINT('',(-3.,13.4,0.6));
#9948=CARTESIAN_POINT('',(-3.,15.4,0.6));
#9949=VECTOR('',#9950,1.);
#9950=DIRECTION('',(2.22044604925031E-16,-1.,-1.11022302462516E-16));
#9951=CARTESIAN_POINT('',(-3.,13.4,1.));
#9952=VECTOR('',#9953,1.);
#9953=DIRECTION('',(0.,0.,-1.));
#9954=CARTESIAN_POINT('',(-3.,-13.4,0.6));
#9955=CARTESIAN_POINT('',(-3.,-13.4,1.));
#9956=VECTOR('',#9957,1.);
#9957=DIRECTION('',(0.,0.,-1.));
#9958=CARTESIAN_POINT('',(-3.,-15.4,0.6));
#9959=VECTOR('',#9960,1.);
#9960=DIRECTION('',(-4.44089209850063E-16,1.,-1.11022302462516E-16));
#9961=CARTESIAN_POINT('',(6.51970740368832,-17.,1.5));
#9962=CARTESIAN_POINT('',(17.3954008565091,-22.0714191229154,1.5));
#9963=AXIS2_PLACEMENT_3D('',#9964,#9965,#9966);
#9964=CARTESIAN_POINT('',(6.51970741531357,-31.1972095242992,1.5));
#9965=DIRECTION('',(0.,0.,-1.));
#9966=DIRECTION('',(-8.18840496507878E-10,1.,0.));
#9967=CARTESIAN_POINT('',(17.3954008565091,-22.0714191229154,1.5));
#9968=VECTOR('',#9969,1.);
#9969=DIRECTION('',(0.541675219859438,0.454519478339739,0.707106781186548));
#9970=CARTESIAN_POINT('',(6.51970740368832,-17.,1.5));
#9971=VECTOR('',#9972,1.);
#9972=DIRECTION('',(-2.89503591451019E-10,0.707106781186548,0.707106781186547));
#9973=CARTESIAN_POINT('',(37.8271288968918,-46.4210044189896,1.5));
#9974=CARTESIAN_POINT('',(17.3954008565091,-22.0714191229154,1.5));
#9975=VECTOR('',#9976,1.);
#9976=DIRECTION('',(0.642787609670424,-0.766044443132501,0.));
#9977=CARTESIAN_POINT('',(37.8271288968917,-46.4210044189896,1.5));
#9978=VECTOR('',#9979,1.);
#9979=DIRECTION('',(0.541675220429268,0.454519477660646,0.707106781186546));
#9980=CARTESIAN_POINT('',(41.4524598026421,-48.5093809610408,1.5));
#9981=AXIS2_PLACEMENT_3D('',#9982,#9983,#9984);
#9982=CARTESIAN_POINT('',(42.5,-42.5,1.5));
#9983=DIRECTION('',(0.,0.,1.));
#9984=DIRECTION('',(-0.7660444431325,-0.642787609670425,0.));
#9985=CARTESIAN_POINT('',(41.4524598026421,-48.5093809610408,1.5));
#9986=CARTESIAN_POINT('',(41.4686222044049,-48.4166614345631,1.594117659453));
#9987=CARTESIAN_POINT('',(41.5009470032684,-48.2312223766009,1.78235298249116));
#9988=CARTESIAN_POINT('',(41.5507812213393,-47.9453372090343,2.07254908571323));
#9989=CARTESIAN_POINT('',(41.6033085810137,-47.6439987236881,2.37843142626581));
#9990=CARTESIAN_POINT('',(41.6396754517694,-47.4353801024681,2.59019610322509));
#9991=CARTESIAN_POINT('',(41.6585332840896,-47.3272076572298,2.7));
#9992=CARTESIAN_POINT('',(43.8630465741804,-47.3281998946726,0.578679656440356));
#9993=CARTESIAN_POINT('',(43.863046574167,-47.328199894625,0.578679656440356));
#9994=CARTESIAN_POINT('',(43.8630465721896,-47.3281998876208,0.67880095849004));
#9995=CARTESIAN_POINT('',(43.8498995746726,-47.3306680908942,0.866367169639822));
#9996=CARTESIAN_POINT('',(43.7967812049217,-47.3402827509325,1.12690067998104));
#9997=CARTESIAN_POINT('',(43.7200148755916,-47.3533548417861,1.36032955080629));
#9998=CARTESIAN_POINT('',(43.6198244476983,-47.3689803170443,1.57848925337973));
#9999=CARTESIAN_POINT('',(43.4937046804079,-47.3862461289848,1.78566110353166));
#10000=CARTESIAN_POINT('',(43.3444791293278,-47.403114698457,1.97619122357634));
#10001=CARTESIAN_POINT('',(43.1753808551877,-47.4175159639544,2.14670471584657));
#10002=CARTESIAN_POINT('',(42.9908206307116,-47.4274288990239,2.29412804117366));
#10003=CARTESIAN_POINT('',(42.7943982883603,-47.4313250826265,2.41786052737436));
#10004=CARTESIAN_POINT('',(42.5884883010225,-47.4282016435581,2.51864401422575));
#10005=CARTESIAN_POINT('',(42.3740109076984,-47.4172245762426,2.59726134610623));
#10006=CARTESIAN_POINT('',(42.1475837100948,-47.397549481672,2.65530079419695));
#10007=CARTESIAN_POINT('',(41.9084486803159,-47.3679928288441,2.69174860788647));
#10008=CARTESIAN_POINT('',(41.7430710413671,-47.3422412261396,2.7));
#10009=CARTESIAN_POINT('',(41.6585332840895,-47.3272076572302,2.7));
#10010=CARTESIAN_POINT('',(43.6818529219663,-46.6863735703876,0.578679656440357));
#10011=CARTESIAN_POINT('',(43.6818529219663,-46.6863735703876,0.578679656440357));
#10012=VECTOR('',#10013,1.);
#10013=DIRECTION('',(0.271690326888803,-0.962384728824733,0.));
#10014=CARTESIAN_POINT('',(41.4902711462054,-46.7311874978326,2.7));
#10015=CARTESIAN_POINT('',(41.5094086948055,-46.7357546641657,2.7000001421374));
#10016=CARTESIAN_POINT('',(41.5476400616922,-46.7446042461114,2.6995839537825));
#10017=CARTESIAN_POINT('',(41.6050017662536,-46.7570670106913,2.69769111851974));
#10018=CARTESIAN_POINT('',(41.6621392567799,-46.7686783217068,2.69452647922222));
#10019=CARTESIAN_POINT('',(41.719096304812,-46.7794628425266,2.69008077807701));
#10020=CARTESIAN_POINT('',(41.7758382872074,-46.7894277805594,2.68434595829598));
#10021=CARTESIAN_POINT('',(41.8323680839298,-46.7985872690783,2.67730950680251));
#10022=CARTESIAN_POINT('',(41.8885429195694,-46.8069346700808,2.66898093489124));
#10023=CARTESIAN_POINT('',(41.9443721470642,-46.8144902239093,2.65935384530716));
#10024=CARTESIAN_POINT('',(41.9997398599248,-46.8212576443982,2.64844352032023));
#10025=CARTESIAN_POINT('',(42.0546114674718,-46.8272545072174,2.63625575480221));
#10026=CARTESIAN_POINT('',(42.1087965341803,-46.8324859090382,2.62283955071638));
#10027=CARTESIAN_POINT('',(42.1623272011253,-46.8369833365468,2.60819858155545));
#10028=CARTESIAN_POINT('',(42.2150870632625,-46.8407654157334,2.5923767987795));
#10029=CARTESIAN_POINT('',(42.2671139015633,-46.8438639339502,2.57537660001382));
#10030=CARTESIAN_POINT('',(42.323913213693,-46.8465700645751,2.55526220756433));
#10031=CARTESIAN_POINT('',(42.3870740761031,-46.8487164797083,2.53083672559162));
#10032=CARTESIAN_POINT('',(42.4475232505242,-46.8498107977116,2.50504822013504));
#10033=CARTESIAN_POINT('',(42.4957421120932,-46.8500512740224,2.48279235089292));
#10034=CARTESIAN_POINT('',(42.5480988198553,-46.8498659468359,2.45739027892062));
#10035=CARTESIAN_POINT('',(42.6191678953431,-46.8486831127855,2.42025786266539));
#10036=CARTESIAN_POINT('',(42.7118993780818,-46.8452023529606,2.36583503501621));
#10037=CARTESIAN_POINT('',(42.8022028405731,-46.8397770017629,2.30585778915055));
#10038=CARTESIAN_POINT('',(42.8894334827437,-46.8328001970709,2.24122356045289));
#10039=CARTESIAN_POINT('',(42.9865935536982,-46.8231496387121,2.16117642422198));
#10040=CARTESIAN_POINT('',(43.0968804262174,-46.8094117942304,2.05661749571352));
#10041=CARTESIAN_POINT('',(43.2033185910217,-46.7931541295112,1.93717449691349));
#10042=CARTESIAN_POINT('',(43.2878781665232,-46.7782570193742,1.82620137063849));
#10043=CARTESIAN_POINT('',(43.3538892875853,-46.765505639778,1.72785131565009));
#10044=CARTESIAN_POINT('',(43.4075439892376,-46.7543812871884,1.63803984467163));
#10045=CARTESIAN_POINT('',(43.4508997174065,-46.7448535833769,1.55646161375875));
#10046=CARTESIAN_POINT('',(43.4829665422754,-46.737512844941,1.48981780886922));
#10047=CARTESIAN_POINT('',(43.5073637975349,-46.7317708804508,1.4350113654123));
#10048=CARTESIAN_POINT('',(43.5285592601586,-46.7266672825857,1.38383871922603));
#10049=CARTESIAN_POINT('',(43.5485239233722,-46.7217566930053,1.33180545885086));
#10050=CARTESIAN_POINT('',(43.5669563865276,-46.7171334106289,1.27971554879777));
#10051=CARTESIAN_POINT('',(43.5836940753237,-46.7128608172777,1.22824626235464));
#10052=CARTESIAN_POINT('',(43.6000739724685,-46.7086139189451,1.17326686601825));
#10053=CARTESIAN_POINT('',(43.615590612178,-46.7045265235933,1.11543698827519));
#10054=CARTESIAN_POINT('',(43.6298010810804,-46.7007272067318,1.0554932573819));
#10055=CARTESIAN_POINT('',(43.6413084172655,-46.6976127382828,1.00022761952406));
#10056=CARTESIAN_POINT('',(43.6505939614056,-46.6950753845759,0.949356861683817));
#10057=CARTESIAN_POINT('',(43.6580550237445,-46.6930209692224,0.902603618096396));
#10058=CARTESIAN_POINT('',(43.6636809064787,-46.6914621563603,0.861864771565658));
#10059=CARTESIAN_POINT('',(43.6679591113501,-46.6902715862405,0.826351830731711));
#10060=CARTESIAN_POINT('',(43.6712555080679,-46.6893512516527,0.795257873059627));
#10061=CARTESIAN_POINT('',(43.674101241689,-46.6885544919792,0.764212803042121));
#10062=CARTESIAN_POINT('',(43.6764994294111,-46.6878814195936,0.733233277066626));
#10063=CARTESIAN_POINT('',(43.6784564681753,-46.6873310623836,0.702287591227816));
#10064=CARTESIAN_POINT('',(43.6799753346914,-46.6869032482711,0.671373314552883));
#10065=CARTESIAN_POINT('',(43.681059006864,-46.6865976483327,0.640466833555479));
#10066=CARTESIAN_POINT('',(43.6817086113461,-46.6864143200663,0.609571945864081));
#10067=CARTESIAN_POINT('',(43.6818529262894,-46.6863735575435,0.588975730704085));
#10068=CARTESIAN_POINT('',(43.6818529219663,-46.6863735703876,0.578679656440357));
#10069=CARTESIAN_POINT('',(43.6818529219663,-46.6863735703876,-3.9));
#10070=CARTESIAN_POINT('',(45.5345794005755,-45.6167014392788,-3.9));
#10071=AXIS2_PLACEMENT_3D('',#10072,#10073,#10074);
#10072=CARTESIAN_POINT('',(42.5,-42.5,-3.9));
#10073=DIRECTION('',(0.,0.,1.));
#10074=DIRECTION('',(0.271690326888809,-0.962384728824732,0.));
#10075=CARTESIAN_POINT('',(45.5345794005755,-45.6167014392788,0.578679656440356));
#10076=CARTESIAN_POINT('',(45.5345794005755,-45.6167014392788,-3.9));
#10077=VECTOR('',#10078,1.);
#10078=DIRECTION('',(0.,0.,1.));
#10079=CARTESIAN_POINT('',(45.5345794005755,-45.6167014392788,0.578679656440357));
#10080=CARTESIAN_POINT('',(45.5345793695885,-45.6167014316957,0.591508596507415));
#10081=CARTESIAN_POINT('',(45.534746477913,-45.6165387948778,0.617210167637649));
#10082=CARTESIAN_POINT('',(45.5355001615365,-45.6158047709689,0.655815826906895));
#10083=CARTESIAN_POINT('',(45.5367638744971,-45.6145732696508,0.69458600012899));
#10084=CARTESIAN_POINT('',(45.5385446593532,-45.6128361731397,0.733512630218858));
#10085=CARTESIAN_POINT('',(45.5409472207875,-45.6104894764521,0.774244358480715));
#10086=CARTESIAN_POINT('',(45.5441696605491,-45.6073365092697,0.81830804355179));
#10087=CARTESIAN_POINT('',(45.5490879477294,-45.6025127146521,0.873562322225917));
#10088=CARTESIAN_POINT('',(45.5562166005924,-45.5954954066677,0.938448511195934));
#10089=CARTESIAN_POINT('',(45.5660611623273,-45.5857488019001,1.01136366600187));
#10090=CARTESIAN_POINT('',(45.5765901834841,-45.5752514438381,1.07694457823636));
#10091=CARTESIAN_POINT('',(45.5869301828985,-45.5648687046397,1.13362140878807));
#10092=CARTESIAN_POINT('',(45.5961850521438,-45.555518807999,1.17994253388035));
#10093=CARTESIAN_POINT('',(45.6055276733772,-45.5460231658718,1.223246826967));
#10094=CARTESIAN_POINT('',(45.6151506944965,-45.5361823539411,1.26490032580979));
#10095=CARTESIAN_POINT('',(45.6253264585936,-45.5257081174427,1.30620252849525));
#10096=CARTESIAN_POINT('',(45.6360154598352,-45.5146293341087,1.34703780369938));
#10097=CARTESIAN_POINT('',(45.64719956921,-45.5029528885619,1.38739084907456));
#10098=CARTESIAN_POINT('',(45.6588361889221,-45.4907111479014,1.42716286648288));
#10099=CARTESIAN_POINT('',(45.6708998552408,-45.4779188823852,1.46632846722041));
#10100=CARTESIAN_POINT('',(45.6833243920808,-45.4646348449938,1.50474407464233));
#10101=CARTESIAN_POINT('',(45.6961034340247,-45.4508547967447,1.54246365102168));
#10102=CARTESIAN_POINT('',(45.7091428076583,-45.4366697865623,1.57928358462751));
#10103=CARTESIAN_POINT('',(45.7223918248275,-45.422126214548,1.61515078206846));
#10104=CARTESIAN_POINT('',(45.7370962989885,-45.4058365954082,1.65339792679478));
#10105=CARTESIAN_POINT('',(45.7532996137088,-45.3876943442234,1.69373673069957));
#10106=CARTESIAN_POINT('',(45.7709992109252,-45.3676304202194,1.73578359991577));
#10107=CARTESIAN_POINT('',(45.787138946698,-45.3491054800317,1.77247438683702));
#10108=CARTESIAN_POINT('',(45.8016592035286,-45.3322564715495,1.80431559779852));
#10109=CARTESIAN_POINT('',(45.8148604394035,-45.3167965094549,1.83243215712847));
#10110=CARTESIAN_POINT('',(45.8287930238805,-45.300322319876,1.86124952382792));
#10111=CARTESIAN_POINT('',(45.8463195146123,-45.2793804341199,1.89640833197781));
#10112=CARTESIAN_POINT('',(45.8684095630178,-45.2526111815225,1.93900000796951));
#10113=CARTESIAN_POINT('',(45.896063554939,-45.2184550547962,1.98971198754927));
#10114=CARTESIAN_POINT('',(45.9287817356163,-45.1771348194307,2.04650570110754));
#10115=CARTESIAN_POINT('',(45.9706319181817,-45.122832085975,2.11473783140014));
#10116=CARTESIAN_POINT('',(46.0259862476578,-45.0483003558452,2.19802232581478));
#10117=CARTESIAN_POINT('',(46.0938430862405,-44.9520437324521,2.28998426687962));
#10118=CARTESIAN_POINT('',(46.1667856871109,-44.8416505192905,2.37768596453417));
#10119=CARTESIAN_POINT('',(46.233015634914,-44.7342598562257,2.44819840659211));
#10120=CARTESIAN_POINT('',(46.2856646983324,-44.643353024849,2.49844847009717));
#10121=CARTESIAN_POINT('',(46.3244700437993,-44.5730305283076,2.53244444007185));
#10122=CARTESIAN_POINT('',(46.3568380232533,-44.5121551682687,2.55893578131307));
#10123=CARTESIAN_POINT('',(46.3875879736975,-44.4521345148563,2.58238098145104));
#10124=CARTESIAN_POINT('',(46.4168455169327,-44.39266145268,2.60295764616459));
#10125=CARTESIAN_POINT('',(46.4413093973731,-44.341044267933,2.61886850576993));
#10126=CARTESIAN_POINT('',(46.4617065737835,-44.2966761730415,2.63126619409269));
#10127=CARTESIAN_POINT('',(46.4801510405175,-44.2554459136411,2.64177932939341));
#10128=CARTESIAN_POINT('',(46.498524401765,-44.2131922028754,2.65153441083726));
#10129=CARTESIAN_POINT('',(46.5168564368015,-44.1697662653791,2.66052463354833));
#10130=CARTESIAN_POINT('',(46.5350076066284,-44.1254207710478,2.6686618194728));
#10131=CARTESIAN_POINT('',(46.552961607011,-44.0801274903126,2.67592580031815));
#10132=CARTESIAN_POINT('',(46.5706367892761,-44.0340280371032,2.68227328988705));
#10133=CARTESIAN_POINT('',(46.5880534610082,-43.9869998246625,2.68769934015925));
#10134=CARTESIAN_POINT('',(46.6051197605564,-43.9392222067867,2.69216412185047));
#10135=CARTESIAN_POINT('',(46.6218226552817,-43.8906704745534,2.69565729821798));
#10136=CARTESIAN_POINT('',(46.6381034175494,-43.8414568076468,2.69816099542291));
#10137=CARTESIAN_POINT('',(46.6539541316402,-43.7915442194599,2.6996675933756));
#10138=CARTESIAN_POINT('',(46.664159485158,-43.7580089289148,2.70000008905339));
#10139=CARTESIAN_POINT('',(46.6691802858595,-43.7411429184429,2.7));
#10140=CARTESIAN_POINT('',(41.3181470780337,-38.3136264296124,0.578679656440359));
#10141=CARTESIAN_POINT('',(43.5097288537946,-38.2688125021674,2.7));
#10142=CARTESIAN_POINT('',(43.4905913051565,-38.2642453358253,2.70000014213735));
#10143=CARTESIAN_POINT('',(43.4523599382011,-38.2553957538642,2.69958395378095));
#10144=CARTESIAN_POINT('',(43.3949982335454,-38.242932989266,2.69769111851152));
#10145=CARTESIAN_POINT('',(43.3378607429481,-38.2313216782396,2.69452647920455));
#10146=CARTESIAN_POINT('',(43.2809036948733,-38.2205371574159,2.69008077804902));
#10147=CARTESIAN_POINT('',(43.2241617124958,-38.2105722193907,2.68434595826223));
#10148=CARTESIAN_POINT('',(43.1676319158547,-38.2014127308888,2.6773095067722));
#10149=CARTESIAN_POINT('',(43.1114570803964,-38.1930653299153,2.66898093488395));
#10150=CARTESIAN_POINT('',(43.0556278531703,-38.1855097761222,2.65935384534788));
#10151=CARTESIAN_POINT('',(43.0002601406315,-38.1787423556677,2.6484435204338));
#10152=CARTESIAN_POINT('',(42.9453885334254,-38.1727454928764,2.63625575500977));
#10153=CARTESIAN_POINT('',(42.8912034670075,-38.1675140910701,2.62283955102339));
#10154=CARTESIAN_POINT('',(42.8376728002481,-38.1630166635607,2.60819858194794));
#10155=CARTESIAN_POINT('',(42.7849129380435,-38.1592345843516,2.59237679918992));
#10156=CARTESIAN_POINT('',(42.7328860993902,-38.1561360660988,2.57537660034305));
#10157=CARTESIAN_POINT('',(42.6760867861824,-38.1534299354133,2.55526220753373));
#10158=CARTESIAN_POINT('',(42.6129259222071,-38.1512835202383,2.53083672492812));
#10159=CARTESIAN_POINT('',(42.552476747911,-38.1501892022724,2.50504821943742));
#10160=CARTESIAN_POINT('',(42.5042578851234,-38.1499487259726,2.48279234957952));
#10161=CARTESIAN_POINT('',(42.4519011772816,-38.1501340531907,2.45739027748886));
#10162=CARTESIAN_POINT('',(42.3808321042009,-38.1513168872685,2.42025786228287));
#10163=CARTESIAN_POINT('',(42.2881006286674,-38.1547976467639,2.36583503905286));
#10164=CARTESIAN_POINT('',(42.197797169555,-38.1602229975461,2.30585779614828));
#10165=CARTESIAN_POINT('',(42.1105665216912,-38.1671998024984,2.24122356415704));
#10166=CARTESIAN_POINT('',(42.0134064282766,-38.1768503628678,2.16117640970692));
#10167=CARTESIAN_POINT('',(41.9031195460118,-38.1905882107793,2.05661746584831));
#10168=CARTESIAN_POINT('',(41.7966814863104,-38.2068458556171,1.93717458199882));
#10169=CARTESIAN_POINT('',(41.7121218647028,-38.2217429810167,1.82620143375793));
#10170=CARTESIAN_POINT('',(41.6492607548213,-38.2338858495422,1.7325445169189));
#10171=CARTESIAN_POINT('',(41.6012575885993,-38.2437810520805,1.6529398283119));
#10172=CARTESIAN_POINT('',(41.5653955635669,-38.2515486603437,1.58745089070719));
#10173=CARTESIAN_POINT('',(41.5376976012565,-38.2577529831756,1.53286291126455));
#10174=CARTESIAN_POINT('',(41.5149431463055,-38.262979852076,1.48510207066687));
#10175=CARTESIAN_POINT('',(41.4929292494058,-38.2681595449494,1.43568699816655));
#10176=CARTESIAN_POINT('',(41.4718294073615,-38.2732383183627,1.38480492554372));
#10177=CARTESIAN_POINT('',(41.4519544779707,-38.2781246587701,1.33309302285583));
#10178=CARTESIAN_POINT('',(41.4336001202021,-38.282725933623,1.28134323850033));
#10179=CARTESIAN_POINT('',(41.4169247749252,-38.2869801162199,1.23021958063271));
#10180=CARTESIAN_POINT('',(41.4020870439548,-38.2908247282911,1.18060574221663));
#10181=CARTESIAN_POINT('',(41.3889173191101,-38.2942837293895,1.1324563078245));
#10182=CARTESIAN_POINT('',(41.3774792034279,-38.297323750423,1.08659342873904));
#10183=CARTESIAN_POINT('',(41.3675833896253,-38.2999807014691,1.04297460943367));
#10184=CARTESIAN_POINT('',(41.3592302589376,-38.3022428059737,1.00245115951324));
#10185=CARTESIAN_POINT('',(41.3520795901731,-38.3041932695375,0.964230294941584));
#10186=CARTESIAN_POINT('',(41.3460058705347,-38.3058601708863,0.928374127088089));
#10187=CARTESIAN_POINT('',(41.3407725419563,-38.3073039719758,0.894105946202974));
#10188=CARTESIAN_POINT('',(41.336301393796,-38.3085430111916,0.861481309119426));
#10189=CARTESIAN_POINT('',(41.3324199389712,-38.3096227562087,0.829687024570072));
#10190=CARTESIAN_POINT('',(41.3290483215765,-38.3105637961714,0.798324256812393));
#10191=CARTESIAN_POINT('',(41.3261314540919,-38.3113802719902,0.766964484719969));
#10192=CARTESIAN_POINT('',(41.3236674183256,-38.3120716997918,0.735614183508579));
#10193=CARTESIAN_POINT('',(41.3216529593008,-38.3126381346576,0.704256432734523));
#10194=CARTESIAN_POINT('',(41.320086776253,-38.3130792431232,0.672888906056061));
#10195=CARTESIAN_POINT('',(41.3189678848141,-38.3133947634914,0.641501047199517));
#10196=CARTESIAN_POINT('',(41.3182963522649,-38.3135842780057,0.610096616028169));
#10197=CARTESIAN_POINT('',(41.3181470738828,-38.3136264432118,0.589152998479635));
#10198=CARTESIAN_POINT('',(41.3181470780337,-38.3136264296124,0.578679656440359));
#10199=CARTESIAN_POINT('',(41.3181470780337,-38.3136264296124,-7.));
#10200=CARTESIAN_POINT('',(41.3181470780337,-38.3136264296124,-7.));
#10201=VECTOR('',#10202,1.);
#10202=DIRECTION('',(0.,0.,1.));
#10203=CARTESIAN_POINT('',(39.4654205994245,-39.3832985607212,-7.));
#10204=AXIS2_PLACEMENT_3D('',#10205,#10206,#10207);
#10205=CARTESIAN_POINT('',(42.5,-42.5,-7.));
#10206=DIRECTION('',(0.,0.,1.));
#10207=DIRECTION('',(-0.697604459902418,0.716483089489386,0.));
#10208=CARTESIAN_POINT('',(39.4654205994245,-39.3832985607212,0.578679656440353));
#10209=CARTESIAN_POINT('',(39.4654205994245,-39.3832985607212,-7.));
#10210=VECTOR('',#10211,1.);
#10211=DIRECTION('',(0.,0.,1.));
#10212=CARTESIAN_POINT('',(39.4654205994245,-39.3832985607212,0.578679656440354));
#10213=CARTESIAN_POINT('',(39.4654206304115,-39.3832985683043,0.591508596507413));
#10214=CARTESIAN_POINT('',(39.465253522087,-39.3834612051222,0.617210167637646));
#10215=CARTESIAN_POINT('',(39.4644998384636,-39.3841952290311,0.65581582690689));
#10216=CARTESIAN_POINT('',(39.463236125503,-39.3854267303492,0.694586000128987));
#10217=CARTESIAN_POINT('',(39.4614553406467,-39.3871638268603,0.733512630218854));
#10218=CARTESIAN_POINT('',(39.4590527792125,-39.3895105235479,0.774244358480712));
#10219=CARTESIAN_POINT('',(39.4558303394509,-39.3926634907303,0.818308043551791));
#10220=CARTESIAN_POINT('',(39.4509120522706,-39.3974872853479,0.873562322225914));
#10221=CARTESIAN_POINT('',(39.4437833994077,-39.4045045933322,0.938448511195936));
#10222=CARTESIAN_POINT('',(39.4339388376727,-39.4142511981,1.01136366600187));
#10223=CARTESIAN_POINT('',(39.4234098165159,-39.4247485561619,1.07694457823637));
#10224=CARTESIAN_POINT('',(39.4130698171015,-39.4351312953603,1.13362140878807));
#10225=CARTESIAN_POINT('',(39.4038149478563,-39.444481192001,1.17994253388036));
#10226=CARTESIAN_POINT('',(39.3944723266228,-39.4539768341282,1.22324682696701));
#10227=CARTESIAN_POINT('',(39.3848493055035,-39.4638176460589,1.26490032580979));
#10228=CARTESIAN_POINT('',(39.3746735414064,-39.4742918825573,1.30620252849526));
#10229=CARTESIAN_POINT('',(39.3639845401648,-39.4853706658913,1.34703780369938));
#10230=CARTESIAN_POINT('',(39.35280043079,-39.4970471114381,1.38739084907458));
#10231=CARTESIAN_POINT('',(39.3411638110779,-39.5092888520986,1.42716286648289));
#10232=CARTESIAN_POINT('',(39.3291001447592,-39.5220811176148,1.46632846722041));
#10233=CARTESIAN_POINT('',(39.3166756079192,-39.5353651550062,1.50474407464235));
#10234=CARTESIAN_POINT('',(39.3038965659753,-39.5491452032553,1.54246365102168));
#10235=CARTESIAN_POINT('',(39.2908571923417,-39.5633302134377,1.57928358462751));
#10236=CARTESIAN_POINT('',(39.2776081751725,-39.577873785452,1.61515078206845));
#10237=CARTESIAN_POINT('',(39.2629037010115,-39.5941634045918,1.65339792679477));
#10238=CARTESIAN_POINT('',(39.2467003862912,-39.6123056557766,1.69373673069956));
#10239=CARTESIAN_POINT('',(39.2290007890748,-39.6323695797806,1.73578359991576));
#10240=CARTESIAN_POINT('',(39.212861053302,-39.6508945199683,1.77247438683702));
#10241=CARTESIAN_POINT('',(39.1983407964714,-39.6677435284505,1.80431559779851));
#10242=CARTESIAN_POINT('',(39.1851395605965,-39.6832034905451,1.83243215712848));
#10243=CARTESIAN_POINT('',(39.1712069761195,-39.699677680124,1.8612495238279));
#10244=CARTESIAN_POINT('',(39.1536804853877,-39.7206195658801,1.89640833197781));
#10245=CARTESIAN_POINT('',(39.1315904369823,-39.7473888184775,1.93900000796951));
#10246=CARTESIAN_POINT('',(39.103936445061,-39.7815449452038,1.98971198754927));
#10247=CARTESIAN_POINT('',(39.0712182643837,-39.8228651805693,2.04650570110754));
#10248=CARTESIAN_POINT('',(39.0293680818183,-39.877167914025,2.11473783140014));
#10249=CARTESIAN_POINT('',(38.9740137523422,-39.9516996441548,2.19802232581478));
#10250=CARTESIAN_POINT('',(38.9061569137595,-40.0479562675479,2.28998426687962));
#10251=CARTESIAN_POINT('',(38.833214312889,-40.1583494807095,2.37768596453415));
#10252=CARTESIAN_POINT('',(38.7669843650861,-40.2657401437743,2.4481984065921));
#10253=CARTESIAN_POINT('',(38.7143353016675,-40.3566469751509,2.49844847009716));
#10254=CARTESIAN_POINT('',(38.6755299562008,-40.4269694716924,2.53244444007184));
#10255=CARTESIAN_POINT('',(38.6431619767466,-40.4878448317312,2.55893578131306));
#10256=CARTESIAN_POINT('',(38.6124120263025,-40.5478654851437,2.58238098145104));
#10257=CARTESIAN_POINT('',(38.5831544830673,-40.60733854732,2.60295764616459));
#10258=CARTESIAN_POINT('',(38.5586906026269,-40.658955732067,2.61886850576993));
#10259=CARTESIAN_POINT('',(38.5382934262165,-40.7033238269585,2.63126619409269));
#10260=CARTESIAN_POINT('',(38.5198489594825,-40.7445540863589,2.64177932939342));
#10261=CARTESIAN_POINT('',(38.501475598235,-40.7868077971246,2.65153441083726));
#10262=CARTESIAN_POINT('',(38.4831435631985,-40.8302337346209,2.66052463354833));
#10263=CARTESIAN_POINT('',(38.4649923933716,-40.8745792289523,2.6686618194728));
#10264=CARTESIAN_POINT('',(38.447038392989,-40.9198725096874,2.67592580031815));
#10265=CARTESIAN_POINT('',(38.4293632107239,-40.9659719628968,2.68227328988705));
#10266=CARTESIAN_POINT('',(38.4119465389918,-41.0130001753375,2.68769934015925));
#10267=CARTESIAN_POINT('',(38.3948802394435,-41.0607777932133,2.69216412185047));
#10268=CARTESIAN_POINT('',(38.3781773447183,-41.1093295254467,2.69565729821798));
#10269=CARTESIAN_POINT('',(38.3618965824506,-41.1585431923531,2.69816099542291));
#10270=CARTESIAN_POINT('',(38.3460458683598,-41.2084557805402,2.6996675933756));
#10271=CARTESIAN_POINT('',(38.335840514842,-41.2419910710852,2.70000008905339));
#10272=CARTESIAN_POINT('',(38.3308197141405,-41.2588570815571,2.7));
#10273=CARTESIAN_POINT('',(43.6818529219663,-46.6863735703876,-3.9));
#10274=VECTOR('',#10275,1.);
#10275=DIRECTION('',(0.,0.,1.));
#10276=CARTESIAN_POINT('',(37.8076548378029,-38.6023216039794,2.0999999999883));
#10277=CARTESIAN_POINT('',(37.8076548378031,-38.6023216039791,2.09999999998246));
#10278=CARTESIAN_POINT('',(37.7969283759977,-38.6029160362922,2.10787138086576));
#10279=CARTESIAN_POINT('',(37.7754667186528,-38.6043159372828,2.12351219520761));
#10280=CARTESIAN_POINT('',(37.7431812479606,-38.6070671606626,2.14671270330251));
#10281=CARTESIAN_POINT('',(37.7109452085059,-38.6104678270254,2.16954835784549));
#10282=CARTESIAN_POINT('',(37.6787781685729,-38.6145219427341,2.19200571421832));
#10283=CARTESIAN_POINT('',(37.6467676888774,-38.6192225816995,2.21402504005831));
#10284=CARTESIAN_POINT('',(37.6149127273709,-38.6245718926562,2.23560951568339));
#10285=CARTESIAN_POINT('',(37.583279205581,-38.6305590319324,2.25671777412211));
#10286=CARTESIAN_POINT('',(37.5517934926421,-38.6371992067608,2.2774017320522));
#10287=CARTESIAN_POINT('',(37.5205111122964,-38.6444842347412,2.29762660580785));
#10288=CARTESIAN_POINT('',(37.4894243847478,-38.6524184993464,2.31739951331715));
#10289=CARTESIAN_POINT('',(37.4586460674373,-38.6609720383149,2.33665262317139));
#10290=CARTESIAN_POINT('',(37.4281207584864,-38.6701576934355,2.35542507872776));
#10291=CARTESIAN_POINT('',(37.3968004066347,-38.6803155593993,2.37435344218945));
#10292=CARTESIAN_POINT('',(37.3635535775993,-38.6919338345349,2.39407019424119));
#10293=CARTESIAN_POINT('',(37.3209988414462,-38.7080109536795,2.41877032569332));
#10294=CARTESIAN_POINT('',(37.2640616744161,-38.731797974546,2.45081788203412));
#10295=CARTESIAN_POINT('',(37.1943823180767,-38.7651299192935,2.4882171378352));
#10296=CARTESIAN_POINT('',(37.1263009333325,-38.8027519986131,2.52263355294947));
#10297=CARTESIAN_POINT('',(37.0730610488913,-38.8358922350413,2.54802170862453));
#10298=CARTESIAN_POINT('',(37.034877184308,-38.8616031826074,2.5654477112414));
#10299=CARTESIAN_POINT('',(37.006117572016,-38.8820640465854,2.57813611899998));
#10300=CARTESIAN_POINT('',(36.979652142413,-38.9018377179634,2.58943936098295));
#10301=CARTESIAN_POINT('',(36.9534917151969,-38.922299141621,2.60025397615055));
#10302=CARTESIAN_POINT('',(36.9257419979104,-38.9450706102127,2.61131148037517));
#10303=CARTESIAN_POINT('',(36.8918334864735,-38.9744062233649,2.62424231619245));
#10304=CARTESIAN_POINT('',(36.8531215700833,-39.0102489646598,2.63810959833611));
#10305=CARTESIAN_POINT('',(36.8110061671691,-39.0525053297089,2.65197161339352));
#10306=CARTESIAN_POINT('',(36.7717393712894,-39.095201465108,2.66367534938864));
#10307=CARTESIAN_POINT('',(36.7360964573736,-39.1370176923586,2.67318136007981));
#10308=CARTESIAN_POINT('',(36.7047164415137,-39.1764664754599,2.68059967726653));
#10309=CARTESIAN_POINT('',(36.6759566266308,-39.2150264943561,2.68653923993903));
#10310=CARTESIAN_POINT('',(36.6489785659726,-39.2535239695602,2.69128726355829));
#10311=CARTESIAN_POINT('',(36.6230846309618,-39.292871757539,2.69500326707713));
#10312=CARTESIAN_POINT('',(36.6003778603098,-39.3296354051567,2.69747591513832));
#10313=CARTESIAN_POINT('',(36.5805398306765,-39.3636031029971,2.69899813012257));
#10314=CARTESIAN_POINT('',(36.5632398585547,-39.3947019208849,2.69981883369755));
#10315=CARTESIAN_POINT('',(36.5521010928934,-39.4157426894464,2.70000007877693));
#10316=CARTESIAN_POINT('',(36.5466153362245,-39.4263684272303,2.7));
#10317=CARTESIAN_POINT('',(38.2446127945938,-38.1294531541133,0.578679656440354));
#10318=CARTESIAN_POINT('',(38.2446127945931,-38.1294531541126,0.578679656440355));
#10319=VECTOR('',#10320,1.);
#10320=DIRECTION('',(0.697604459902418,-0.716483089489387,-6.34413156927566E-17));
#10321=CARTESIAN_POINT('',(37.8076548378031,-38.6023216039791,2.09999999998246));
#10322=CARTESIAN_POINT('',(37.8356875996569,-38.5685747179728,2.05761807003308));
#10323=CARTESIAN_POINT('',(37.889172895226,-38.505639588767,1.97051652516756));
#10324=CARTESIAN_POINT('',(37.9622366211652,-38.4229664087269,1.83224066716535));
#10325=CARTESIAN_POINT('',(38.0317656531128,-38.3469081364478,1.6786755499768));
#10326=CARTESIAN_POINT('',(38.099928925338,-38.2747663934817,1.49771469321322));
#10327=CARTESIAN_POINT('',(38.1604912169454,-38.2127365101645,1.29027181998943));
#10328=CARTESIAN_POINT('',(38.2027100474943,-38.170572039272,1.08722585781429));
#10329=CARTESIAN_POINT('',(38.2258280290731,-38.147805256215,0.921320779120411));
#10330=CARTESIAN_POINT('',(38.2375817654167,-38.1363056709756,0.792392962522213));
#10331=CARTESIAN_POINT('',(38.2433719678183,-38.1306600737745,0.684024489065217));
#10332=CARTESIAN_POINT('',(38.2446143583772,-38.1294531343115,0.613259257741449));
#10333=CARTESIAN_POINT('',(38.2446127945942,-38.1294531541137,0.578679656440355));
#10334=CARTESIAN_POINT('',(41.4706840736385,-36.487470688326,2.09999999972501));
#10335=AXIS2_PLACEMENT_3D('',#10336,#10337,#10338);
#10336=CARTESIAN_POINT('',(42.5,-42.5,2.1));
#10337=DIRECTION('',(0.,0.,1.));
#10338=DIRECTION('',(-0.168740315810547,0.985660542895046,0.));
#10339=CARTESIAN_POINT('',(41.4706840736799,-36.487470688319,2.09999999958751));
#10340=CARTESIAN_POINT('',(41.4765621511602,-36.4784784356078,2.10787145105308));
#10341=CARTESIAN_POINT('',(41.4885054374218,-36.4605918883069,2.12351240296938));
#10342=CARTESIAN_POINT('',(41.5070309719275,-36.4340072332832,2.14671311017716));
#10343=CARTESIAN_POINT('',(41.5260942285006,-36.4077901234242,2.1695489501408));
#10344=CARTESIAN_POINT('',(41.5456888917264,-36.3819595084976,2.19200647831235));
#10345=CARTESIAN_POINT('',(41.5657651785905,-36.3565877601238,2.21402595825463));
#10346=CARTESIAN_POINT('',(41.5863254700484,-36.3316750499261,2.23561057067542));
#10347=CARTESIAN_POINT('',(41.6073274093435,-36.3072730500451,2.25671894505291));
#10348=CARTESIAN_POINT('',(41.6288209846744,-36.2833255928384,2.27740300256131));
#10349=CARTESIAN_POINT('',(41.6507713425301,-36.2598766764235,2.29762795589403));
#10350=CARTESIAN_POINT('',(41.6731861175676,-36.2369218411706,2.3174009234938));
#10351=CARTESIAN_POINT('',(41.6959829721879,-36.2145437648243,2.3366540671234));
#10352=CARTESIAN_POINT('',(41.7192007313201,-36.1927008832645,2.35542653504318));
#10353=CARTESIAN_POINT('',(41.7436579423358,-36.1706556126803,2.3743548827433));
#10354=CARTESIAN_POINT('',(41.7703431149521,-36.1476722004055,2.39407159183388));
#10355=CARTESIAN_POINT('',(41.8055436623235,-36.1188573900303,2.41877162562126));
#10356=CARTESIAN_POINT('',(41.8546123332058,-36.0814420540366,2.45081902133424));
#10357=CARTESIAN_POINT('',(41.9183181719985,-36.0377641772484,2.48821806894637));
#10358=CARTESIAN_POINT('',(41.9849403516916,-35.9976152402378,2.52263428674476));
#10359=CARTESIAN_POINT('',(42.0402604135623,-35.9680784339674,2.54802230000606));
#10360=CARTESIAN_POINT('',(42.0816185644334,-35.947865817532,2.56544821244619));
#10361=CARTESIAN_POINT('',(42.1137179339015,-35.933189759434,2.57813656562021));
#10362=CARTESIAN_POINT('',(42.1440751063588,-35.9201569105078,2.58943976589925));
#10363=CARTESIAN_POINT('',(42.1748754038912,-35.9077320688717,2.60025434689197));
#10364=CARTESIAN_POINT('',(42.2084709086218,-35.8950858825987,2.61131181841206));
#10365=CARTESIAN_POINT('',(42.250830524639,-35.8803881022583,2.62424261689966));
#10366=CARTESIAN_POINT('',(42.301227172067,-35.8647840212645,2.63810985687985));
#10367=CARTESIAN_POINT('',(42.3588799083869,-35.8494392508319,2.65197182606284));
#10368=CARTESIAN_POINT('',(42.4154891778673,-35.8367813281058,2.66367551879559));
#10369=CARTESIAN_POINT('',(42.4695244707432,-35.8268218191171,2.67318149078951));
#10370=CARTESIAN_POINT('',(42.5193780383695,-35.8193703584574,2.68059977506114));
#10371=CARTESIAN_POINT('',(42.5671518050701,-35.8137436700471,2.68653930953024));
#10372=CARTESIAN_POINT('',(42.6139805217532,-35.8096287475968,2.69128730977812));
#10373=CARTESIAN_POINT('',(42.6610035603845,-35.8068778578214,2.69500329303754));
#10374=CARTESIAN_POINT('',(42.7011304938522,-35.8056860680892,2.69730048909269));
#10375=CARTESIAN_POINT('',(42.7286229447207,-35.8054731029824,2.69842122796537));
#10376=CARTESIAN_POINT('',(42.7522433961236,-35.8055375472024,2.69919909050128));
#10377=CARTESIAN_POINT('',(42.779113150801,-35.8059658542347,2.69981884219051));
#10378=CARTESIAN_POINT('',(42.8029042986578,-35.8068398199748,2.70000006072604));
#10379=CARTESIAN_POINT('',(42.8148493082717,-35.8074018562979,2.7));
#10380=CARTESIAN_POINT('',(40.8426890059777,-36.6294531541672,0.578679656440359));
#10381=CARTESIAN_POINT('',(40.8426890059778,-36.6294531541677,0.578679656440359));
#10382=CARTESIAN_POINT('',(40.8426863278564,-36.6294581995915,0.623218754528408));
#10383=CARTESIAN_POINT('',(40.8458378532644,-36.6285605745693,0.727032414168159));
#10384=CARTESIAN_POINT('',(40.8637845313217,-36.6235178516662,0.904128378511189));
#10385=CARTESIAN_POINT('',(40.9062386406383,-36.6117832315955,1.12229084309697));
#10386=CARTESIAN_POINT('',(40.9816620912563,-36.591715640366,1.36222794468152));
#10387=CARTESIAN_POINT('',(41.084696711664,-36.566077122808,1.58757519638796));
#10388=CARTESIAN_POINT('',(41.1938427082742,-36.5411633373074,1.76869542283747));
#10389=CARTESIAN_POINT('',(41.2851528350598,-36.5220114742394,1.89356132546429));
#10390=CARTESIAN_POINT('',(41.3571635891931,-36.5079101158474,1.98030143613011));
#10391=CARTESIAN_POINT('',(41.4147075515053,-36.4972333028467,2.04370657431072));
#10392=CARTESIAN_POINT('',(41.452522009473,-36.4905799042312,2.08219433038103));
#10393=CARTESIAN_POINT('',(41.4706840736799,-36.487470688319,2.09999999958751));
#10394=CARTESIAN_POINT('',(41.3181470780337,-38.3136264296124,0.578679656440358));
#10395=VECTOR('',#10396,1.);
#10396=DIRECTION('',(-0.271690326888813,0.96238472882473,0.));
#10397=CARTESIAN_POINT('',(45.9998204760971,-46.0945329072624,0.578679656440357));
#10398=CARTESIAN_POINT('',(47.1012178183897,-44.1848722763875,2.7));
#10399=CARTESIAN_POINT('',(47.0684204591733,-44.2744457620322,2.7));
#10400=CARTESIAN_POINT('',(47.0041924148209,-44.4408392556358,2.6902335749074));
#10401=CARTESIAN_POINT('',(46.9052728598573,-44.6710957871306,2.64906536802658));
#10402=CARTESIAN_POINT('',(46.8081842654162,-44.8764313696371,2.5877049239996));
#10403=CARTESIAN_POINT('',(46.709200028093,-45.0678092749558,2.50545303709772));
#10404=CARTESIAN_POINT('',(46.6079595872292,-45.2471728998518,2.40052293836803));
#10405=CARTESIAN_POINT('',(46.5059794710391,-45.41387346506,2.27252409023395));
#10406=CARTESIAN_POINT('',(46.40667031673,-45.5647613656784,2.12337709165615));
#10407=CARTESIAN_POINT('',(46.3106797956024,-45.7013338332071,1.95015947824073));
#10408=CARTESIAN_POINT('',(46.2228948622598,-45.8192859720449,1.75714150915537));
#10409=CARTESIAN_POINT('',(46.1459401754895,-45.9179086286121,1.54560519601642));
#10410=CARTESIAN_POINT('',(46.0840615016398,-45.9942817880039,1.32386567864323));
#10411=CARTESIAN_POINT('',(46.0387696383156,-46.0486834653691,1.09688043625291));
#10412=CARTESIAN_POINT('',(46.0126007290893,-46.0795596343473,0.888737545400585));
#10413=CARTESIAN_POINT('',(46.0016319569909,-46.0924206224147,0.716092675094091));
#10414=CARTESIAN_POINT('',(45.9998206682041,-46.0945331045683,0.619064184921856));
#10415=CARTESIAN_POINT('',(45.9998204760626,-46.094532907227,0.578679656440358));
#10416=CARTESIAN_POINT('',(45.9998204760626,-46.094532907227,0.578679656440357));
#10417=VECTOR('',#10418,1.);
#10418=DIRECTION('',(-0.697604459902417,0.716483089489387,0.));
#10419=CARTESIAN_POINT('',(48.2280466718722,-44.5974940583596,1.5));
#10420=CARTESIAN_POINT('',(48.2321249868363,-40.4136771258296,1.5));
#10421=AXIS2_PLACEMENT_3D('',#10422,#10423,#10424);
#10422=CARTESIAN_POINT('',(42.5,-42.5,1.5));
#10423=DIRECTION('',(0.,0.,1.));
#10424=DIRECTION('',(0.939024044569191,-0.343851484977043,0.));
#10425=CARTESIAN_POINT('',(48.2321249868363,-40.4136771258296,1.5));
#10426=VECTOR('',#10427,1.);
#10427=DIRECTION('',(-0.664463024393578,-0.24184476263451,0.707106781186545));
#10428=CARTESIAN_POINT('',(48.2280466718721,-44.59749405836,1.5));
#10429=VECTOR('',#10430,1.);
#10430=DIRECTION('',(-0.663990269612095,0.243139716748333,0.707106781186546));
#10431=CARTESIAN_POINT('',(37.8240405718599,-11.8177002129031,1.5));
#10432=CARTESIAN_POINT('',(48.2321249868363,-40.4136771258296,1.5));
#10433=VECTOR('',#10434,1.);
#10434=DIRECTION('',(-0.342020143306626,0.93969262079284,0.));
#10435=CARTESIAN_POINT('',(37.8240405718599,-11.8177002129031,1.5));
#10436=VECTOR('',#10437,1.);
#10437=DIRECTION('',(-0.664463857324657,-0.241842474156786,0.707106781188642));
#10438=CARTESIAN_POINT('',(37.8240405718599,11.8177002129031,1.5));
#10439=AXIS2_PLACEMENT_3D('',#10440,#10441,#10442);
#10440=CARTESIAN_POINT('',(70.2936009530387,-2.78621724483807E-15,1.5));
#10441=DIRECTION('',(0.,0.,1.));
#10442=DIRECTION('',(-0.939694976672123,0.342013670512127,0.));
#10443=CARTESIAN_POINT('',(37.8240405718599,11.8177002129031,1.5));
#10444=VECTOR('',#10445,1.);
#10445=DIRECTION('',(-0.664463857324654,0.241842474156788,0.707106781188644));
#10446=CARTESIAN_POINT('',(48.2321249868363,40.4136771258296,1.5));
#10447=CARTESIAN_POINT('',(48.2321249868363,40.4136771258296,1.5));
#10448=VECTOR('',#10449,1.);
#10449=DIRECTION('',(-0.664463024393576,0.241844762634511,0.707106781186547));
#10450=CARTESIAN_POINT('',(48.2321249868363,40.4136771258296,1.5));
#10451=VECTOR('',#10452,1.);
#10452=DIRECTION('',(-0.342020143306626,-0.939692620792839,0.));
#10453=CARTESIAN_POINT('',(48.2280466718722,44.5974940583596,1.5));
#10454=CARTESIAN_POINT('',(48.2280466718721,44.59749405836,1.5));
#10455=VECTOR('',#10456,1.);
#10456=DIRECTION('',(-0.663990269612095,-0.243139716748333,0.707106781186546));
#10457=AXIS2_PLACEMENT_3D('',#10458,#10459,#10460);
#10458=CARTESIAN_POINT('',(42.5,42.5,1.5));
#10459=DIRECTION('',(0.,0.,-1.));
#10460=DIRECTION('',(0.939024044569191,0.343851484977043,0.));
#10461=CARTESIAN_POINT('',(45.5345794005755,45.6167014392788,0.578679656440356));
#10462=CARTESIAN_POINT('',(45.9998204760971,46.0945329072624,0.578679656440357));
#10463=CARTESIAN_POINT('',(45.9998204760626,46.094532907227,0.578679656440357));
#10464=VECTOR('',#10465,1.);
#10465=DIRECTION('',(-0.697604459902422,-0.716483089489382,0.));
#10466=CARTESIAN_POINT('',(45.5345794005755,45.6167014392788,0.578679656440357));
#10467=CARTESIAN_POINT('',(45.5345793695885,45.6167014316957,0.591508596507415));
#10468=CARTESIAN_POINT('',(45.5347464779129,45.6165387948778,0.617210167637649));
#10469=CARTESIAN_POINT('',(45.5355001615365,45.6158047709689,0.655815826906893));
#10470=CARTESIAN_POINT('',(45.5367638744971,45.6145732696508,0.694586000128991));
#10471=CARTESIAN_POINT('',(45.5385446593533,45.6128361731397,0.733512630218857));
#10472=CARTESIAN_POINT('',(45.5409472207875,45.610489476452,0.774244358480715));
#10473=CARTESIAN_POINT('',(45.5441696605491,45.6073365092697,0.818308043551791));
#10474=CARTESIAN_POINT('',(45.5490879477294,45.6025127146521,0.87356232222592));
#10475=CARTESIAN_POINT('',(45.5562166005924,45.5954954066677,0.938448511195933));
#10476=CARTESIAN_POINT('',(45.5660611623273,45.5857488019,1.01136366600188));
#10477=CARTESIAN_POINT('',(45.5765901834841,45.5752514438381,1.07694457823637));
#10478=CARTESIAN_POINT('',(45.5869301828985,45.5648687046397,1.13362140878808));
#10479=CARTESIAN_POINT('',(45.5961850521438,45.555518807999,1.17994253388035));
#10480=CARTESIAN_POINT('',(45.6055276733772,45.5460231658718,1.22324682696701));
#10481=CARTESIAN_POINT('',(45.6151506944965,45.5361823539411,1.26490032580979));
#10482=CARTESIAN_POINT('',(45.6253264585936,45.5257081174427,1.30620252849526));
#10483=CARTESIAN_POINT('',(45.6360154598352,45.5146293341087,1.34703780369937));
#10484=CARTESIAN_POINT('',(45.6471995692101,45.5029528885619,1.38739084907457));
#10485=CARTESIAN_POINT('',(45.6588361889221,45.4907111479014,1.42716286648289));
#10486=CARTESIAN_POINT('',(45.6708998552408,45.4779188823852,1.46632846722041));
#10487=CARTESIAN_POINT('',(45.6833243920808,45.4646348449938,1.50474407464234));
#10488=CARTESIAN_POINT('',(45.6961034340247,45.4508547967447,1.54246365102169));
#10489=CARTESIAN_POINT('',(45.7091428076583,45.4366697865623,1.57928358462751));
#10490=CARTESIAN_POINT('',(45.7223918248275,45.422126214548,1.61515078206846));
#10491=CARTESIAN_POINT('',(45.7370962989885,45.4058365954082,1.65339792679479));
#10492=CARTESIAN_POINT('',(45.7532996137088,45.3876943442234,1.69373673069958));
#10493=CARTESIAN_POINT('',(45.7709992109252,45.3676304202194,1.73578359991576));
#10494=CARTESIAN_POINT('',(45.787138946698,45.3491054800317,1.77247438683704));
#10495=CARTESIAN_POINT('',(45.8016592035286,45.3322564715495,1.80431559779852));
#10496=CARTESIAN_POINT('',(45.8148604394035,45.3167965094549,1.83243215712849));
#10497=CARTESIAN_POINT('',(45.8287930238806,45.300322319876,1.86124952382792));
#10498=CARTESIAN_POINT('',(45.8463195146123,45.2793804341199,1.89640833197783));
#10499=CARTESIAN_POINT('',(45.8684095630178,45.2526111815225,1.93900000796953));
#10500=CARTESIAN_POINT('',(45.896063554939,45.2184550547962,1.98971198754927));
#10501=CARTESIAN_POINT('',(45.9287817356163,45.1771348194307,2.04650570110755));
#10502=CARTESIAN_POINT('',(45.9706319181817,45.122832085975,2.11473783140014));
#10503=CARTESIAN_POINT('',(46.0259862476578,45.0483003558452,2.19802232581478));
#10504=CARTESIAN_POINT('',(46.0938430862405,44.9520437324521,2.28998426687962));
#10505=CARTESIAN_POINT('',(46.1667856871109,44.8416505192905,2.37768596453415));
#10506=CARTESIAN_POINT('',(46.2330156349139,44.7342598562257,2.4481984065921));
#10507=CARTESIAN_POINT('',(46.2856646983324,44.643353024849,2.49844847009715));
#10508=CARTESIAN_POINT('',(46.3244700437993,44.5730305283076,2.53244444007184));
#10509=CARTESIAN_POINT('',(46.3568380232533,44.5121551682688,2.55893578131305));
#10510=CARTESIAN_POINT('',(46.3875879736975,44.4521345148563,2.58238098145104));
#10511=CARTESIAN_POINT('',(46.4168455169327,44.39266145268,2.60295764616458));
#10512=CARTESIAN_POINT('',(46.4413093973731,44.341044267933,2.61886850576992));
#10513=CARTESIAN_POINT('',(46.4617065737835,44.2966761730415,2.63126619409268));
#10514=CARTESIAN_POINT('',(46.4801510405175,44.2554459136411,2.64177932939342));
#10515=CARTESIAN_POINT('',(46.498524401765,44.2131922028754,2.65153441083726));
#10516=CARTESIAN_POINT('',(46.5168564368015,44.1697662653791,2.66052463354833));
#10517=CARTESIAN_POINT('',(46.5350076066284,44.1254207710477,2.6686618194728));
#10518=CARTESIAN_POINT('',(46.552961607011,44.0801274903126,2.67592580031815));
#10519=CARTESIAN_POINT('',(46.5706367892761,44.0340280371031,2.68227328988705));
#10520=CARTESIAN_POINT('',(46.5880534610082,43.9869998246625,2.68769934015925));
#10521=CARTESIAN_POINT('',(46.6051197605565,43.9392222067867,2.69216412185047));
#10522=CARTESIAN_POINT('',(46.6218226552817,43.8906704745533,2.69565729821799));
#10523=CARTESIAN_POINT('',(46.6381034175494,43.8414568076468,2.69816099542291));
#10524=CARTESIAN_POINT('',(46.6539541316402,43.7915442194598,2.6996675933756));
#10525=CARTESIAN_POINT('',(46.664159485158,43.7580089289148,2.70000008905339));
#10526=CARTESIAN_POINT('',(46.6691802858595,43.7411429184429,2.7));
#10527=CARTESIAN_POINT('',(47.1012178183897,44.1848722763875,2.7));
#10528=CARTESIAN_POINT('',(47.0684204591745,44.274445762029,2.7));
#10529=CARTESIAN_POINT('',(47.0041924148246,44.4408392556265,2.69023357490811));
#10530=CARTESIAN_POINT('',(46.9052728598643,44.671095787115,2.64906536803005));
#10531=CARTESIAN_POINT('',(46.8081842654256,44.8764313696181,2.58770492400639));
#10532=CARTESIAN_POINT('',(46.7092000281034,45.0678092749366,2.50545303710737));
#10533=CARTESIAN_POINT('',(46.6079595872404,45.2471728998328,2.40052293838072));
#10534=CARTESIAN_POINT('',(46.5059794710506,45.413873465042,2.2725240902496));
#10535=CARTESIAN_POINT('',(46.4066703167418,45.5647613656611,2.12337709167542));
#10536=CARTESIAN_POINT('',(46.3106797956143,45.7013338331906,1.95015947826424));
#10537=CARTESIAN_POINT('',(46.2228948622715,45.8192859720297,1.75714150918359));
#10538=CARTESIAN_POINT('',(46.1459401755002,45.9179086285987,1.54560519604963));
#10539=CARTESIAN_POINT('',(46.0840615016487,45.9942817879932,1.3238656786799));
#10540=CARTESIAN_POINT('',(46.0387696383222,46.0486834653612,1.09688043629337));
#10541=CARTESIAN_POINT('',(46.0126007290928,46.079559634343,0.888737545439038));
#10542=CARTESIAN_POINT('',(46.0016319569916,46.0924206224138,0.71609267511944));
#10543=CARTESIAN_POINT('',(45.9998206682042,46.0945331045683,0.619064184932288));
#10544=CARTESIAN_POINT('',(45.9998204760626,46.094532907227,0.578679656440358));
#10545=CARTESIAN_POINT('',(43.6818529219663,46.6863735703876,0.578679656440357));
#10546=CARTESIAN_POINT('',(43.6818529219663,46.6863735703876,-3.9));
#10547=CARTESIAN_POINT('',(43.6818529219663,46.6863735703876,-3.9));
#10548=VECTOR('',#10549,1.);
#10549=DIRECTION('',(0.,0.,1.));
#10550=CARTESIAN_POINT('',(41.4902711462054,46.7311874978326,2.7));
#10551=CARTESIAN_POINT('',(41.5094086948055,46.7357546641657,2.7000001421374));
#10552=CARTESIAN_POINT('',(41.5476400616922,46.7446042461114,2.6995839537825));
#10553=CARTESIAN_POINT('',(41.6050017662537,46.7570670106913,2.69769111851974));
#10554=CARTESIAN_POINT('',(41.6621392567799,46.7686783217068,2.69452647922222));
#10555=CARTESIAN_POINT('',(41.719096304812,46.7794628425266,2.69008077807701));
#10556=CARTESIAN_POINT('',(41.7758382872074,46.7894277805594,2.68434595829598));
#10557=CARTESIAN_POINT('',(41.8323680839298,46.7985872690783,2.67730950680251));
#10558=CARTESIAN_POINT('',(41.8885429195694,46.8069346700808,2.66898093489124));
#10559=CARTESIAN_POINT('',(41.9443721470642,46.8144902239093,2.65935384530716));
#10560=CARTESIAN_POINT('',(41.9997398599248,46.8212576443982,2.64844352032022));
#10561=CARTESIAN_POINT('',(42.0546114674718,46.8272545072174,2.63625575480221));
#10562=CARTESIAN_POINT('',(42.1087965341802,46.8324859090382,2.62283955071637));
#10563=CARTESIAN_POINT('',(42.1623272011253,46.8369833365467,2.60819858155545));
#10564=CARTESIAN_POINT('',(42.2150870632625,46.8407654157334,2.5923767987795));
#10565=CARTESIAN_POINT('',(42.2671139015633,46.8438639339502,2.57537660001383));
#10566=CARTESIAN_POINT('',(42.3239132136929,46.8465700645751,2.55526220756434));
#10567=CARTESIAN_POINT('',(42.3870740761031,46.8487164797083,2.53083672559162));
#10568=CARTESIAN_POINT('',(42.4475232505242,46.8498107977117,2.50504822013505));
#10569=CARTESIAN_POINT('',(42.4957421120931,46.8500512740224,2.48279235089292));
#10570=CARTESIAN_POINT('',(42.5480988198554,46.8498659468359,2.45739027892062));
#10571=CARTESIAN_POINT('',(42.619167895343,46.8486831127855,2.42025786266539));
#10572=CARTESIAN_POINT('',(42.7118993780818,46.8452023529606,2.36583503501621));
#10573=CARTESIAN_POINT('',(42.8022028405731,46.8397770017629,2.30585778915055));
#10574=CARTESIAN_POINT('',(42.8894334827437,46.8328001970708,2.24122356045288));
#10575=CARTESIAN_POINT('',(42.9865935536982,46.8231496387121,2.16117642422198));
#10576=CARTESIAN_POINT('',(43.0968804262175,46.8094117942304,2.0566174957135));
#10577=CARTESIAN_POINT('',(43.2033185910218,46.7931541295112,1.93717449691348));
#10578=CARTESIAN_POINT('',(43.2878781665232,46.7782570193742,1.82620137063849));
#10579=CARTESIAN_POINT('',(43.3538892875853,46.765505639778,1.72785131565009));
#10580=CARTESIAN_POINT('',(43.4075439892376,46.7543812871884,1.63803984467164));
#10581=CARTESIAN_POINT('',(43.4508997174064,46.7448535833769,1.55646161375874));
#10582=CARTESIAN_POINT('',(43.4829665422754,46.737512844941,1.48981780886922));
#10583=CARTESIAN_POINT('',(43.5073637975349,46.7317708804508,1.43501136541229));
#10584=CARTESIAN_POINT('',(43.5285592601586,46.7266672825857,1.38383871922603));
#10585=CARTESIAN_POINT('',(43.5485239233722,46.7217566930054,1.33180545885086));
#10586=CARTESIAN_POINT('',(43.5669563865276,46.7171334106288,1.27971554879777));
#10587=CARTESIAN_POINT('',(43.5836940753237,46.7128608172777,1.22824626235463));
#10588=CARTESIAN_POINT('',(43.6000739724685,46.708613918945,1.17326686601824));
#10589=CARTESIAN_POINT('',(43.615590612178,46.7045265235934,1.11543698827519));
#10590=CARTESIAN_POINT('',(43.6298010810804,46.7007272067318,1.05549325738189));
#10591=CARTESIAN_POINT('',(43.6413084172655,46.6976127382828,1.00022761952406));
#10592=CARTESIAN_POINT('',(43.6505939614056,46.6950753845758,0.949356861683813));
#10593=CARTESIAN_POINT('',(43.6580550237445,46.6930209692224,0.902603618096396));
#10594=CARTESIAN_POINT('',(43.6636809064787,46.6914621563603,0.861864771565656));
#10595=CARTESIAN_POINT('',(43.6679591113501,46.6902715862405,0.826351830731712));
#10596=CARTESIAN_POINT('',(43.671255508068,46.6893512516527,0.795257873059626));
#10597=CARTESIAN_POINT('',(43.6741012416889,46.6885544919792,0.764212803042118));
#10598=CARTESIAN_POINT('',(43.6764994294111,46.6878814195936,0.733233277066629));
#10599=CARTESIAN_POINT('',(43.6784564681753,46.6873310623836,0.702287591227818));
#10600=CARTESIAN_POINT('',(43.6799753346914,46.6869032482712,0.671373314552886));
#10601=CARTESIAN_POINT('',(43.681059006864,46.6865976483327,0.640466833555481));
#10602=CARTESIAN_POINT('',(43.6817086113461,46.6864143200663,0.609571945864082));
#10603=CARTESIAN_POINT('',(43.6818529262894,46.6863735575435,0.588975730704085));
#10604=CARTESIAN_POINT('',(43.6818529219663,46.6863735703876,0.578679656440357));
#10605=CARTESIAN_POINT('',(39.4654205994245,39.3832985607212,0.578679656440353));
#10606=CARTESIAN_POINT('',(39.4654205994245,39.3832985607212,0.578679656440354));
#10607=CARTESIAN_POINT('',(39.4654206304115,39.3832985683043,0.591508596507412));
#10608=CARTESIAN_POINT('',(39.4652535220871,39.3834612051222,0.617210167637645));
#10609=CARTESIAN_POINT('',(39.4644998384635,39.3841952290311,0.655815826906887));
#10610=CARTESIAN_POINT('',(39.463236125503,39.3854267303492,0.694586000128984));
#10611=CARTESIAN_POINT('',(39.4614553406467,39.3871638268603,0.73351263021885));
#10612=CARTESIAN_POINT('',(39.4590527792125,39.3895105235479,0.774244358480706));
#10613=CARTESIAN_POINT('',(39.4558303394509,39.3926634907303,0.818308043551786));
#10614=CARTESIAN_POINT('',(39.4509120522706,39.3974872853479,0.873562322225911));
#10615=CARTESIAN_POINT('',(39.4437833994076,39.4045045933322,0.938448511195926));
#10616=CARTESIAN_POINT('',(39.4339388376727,39.4142511981,1.01136366600187));
#10617=CARTESIAN_POINT('',(39.4234098165159,39.4247485561619,1.07694457823636));
#10618=CARTESIAN_POINT('',(39.4130698171015,39.4351312953603,1.13362140878807));
#10619=CARTESIAN_POINT('',(39.4038149478563,39.444481192001,1.17994253388035));
#10620=CARTESIAN_POINT('',(39.3944723266228,39.4539768341282,1.22324682696701));
#10621=CARTESIAN_POINT('',(39.3848493055035,39.4638176460589,1.26490032580979));
#10622=CARTESIAN_POINT('',(39.3746735414064,39.4742918825573,1.30620252849526));
#10623=CARTESIAN_POINT('',(39.3639845401649,39.4853706658913,1.34703780369939));
#10624=CARTESIAN_POINT('',(39.3528004307899,39.4970471114381,1.38739084907457));
#10625=CARTESIAN_POINT('',(39.3411638110779,39.5092888520986,1.42716286648289));
#10626=CARTESIAN_POINT('',(39.3291001447592,39.5220811176148,1.46632846722041));
#10627=CARTESIAN_POINT('',(39.3166756079193,39.5353651550062,1.50474407464234));
#10628=CARTESIAN_POINT('',(39.3038965659753,39.5491452032553,1.54246365102167));
#10629=CARTESIAN_POINT('',(39.2908571923417,39.5633302134377,1.57928358462751));
#10630=CARTESIAN_POINT('',(39.2776081751725,39.577873785452,1.61515078206844));
#10631=CARTESIAN_POINT('',(39.2629037010115,39.5941634045917,1.65339792679477));
#10632=CARTESIAN_POINT('',(39.2467003862912,39.6123056557766,1.69373673069958));
#10633=CARTESIAN_POINT('',(39.2290007890748,39.6323695797806,1.73578359991575));
#10634=CARTESIAN_POINT('',(39.212861053302,39.6508945199682,1.77247438683703));
#10635=CARTESIAN_POINT('',(39.1983407964714,39.6677435284505,1.80431559779851));
#10636=CARTESIAN_POINT('',(39.1851395605965,39.6832034905451,1.83243215712848));
#10637=CARTESIAN_POINT('',(39.1712069761195,39.699677680124,1.86124952382791));
#10638=CARTESIAN_POINT('',(39.1536804853877,39.7206195658801,1.89640833197782));
#10639=CARTESIAN_POINT('',(39.1315904369823,39.7473888184775,1.93900000796949));
#10640=CARTESIAN_POINT('',(39.103936445061,39.7815449452038,1.98971198754927));
#10641=CARTESIAN_POINT('',(39.0712182643837,39.8228651805692,2.04650570110753));
#10642=CARTESIAN_POINT('',(39.0293680818183,39.877167914025,2.11473783140012));
#10643=CARTESIAN_POINT('',(38.9740137523422,39.9516996441548,2.19802232581476));
#10644=CARTESIAN_POINT('',(38.9061569137595,40.0479562675479,2.2899842668796));
#10645=CARTESIAN_POINT('',(38.8332143128891,40.1583494807095,2.37768596453416));
#10646=CARTESIAN_POINT('',(38.7669843650861,40.2657401437743,2.4481984065921));
#10647=CARTESIAN_POINT('',(38.7143353016676,40.356646975151,2.49844847009715));
#10648=CARTESIAN_POINT('',(38.6755299562007,40.4269694716924,2.53244444007185));
#10649=CARTESIAN_POINT('',(38.6431619767467,40.4878448317312,2.55893578131306));
#10650=CARTESIAN_POINT('',(38.6124120263025,40.5478654851437,2.58238098145103));
#10651=CARTESIAN_POINT('',(38.5831544830673,40.60733854732,2.60295764616459));
#10652=CARTESIAN_POINT('',(38.5586906026269,40.658955732067,2.61886850576992));
#10653=CARTESIAN_POINT('',(38.5382934262165,40.7033238269585,2.63126619409269));
#10654=CARTESIAN_POINT('',(38.5198489594825,40.7445540863589,2.64177932939341));
#10655=CARTESIAN_POINT('',(38.501475598235,40.7868077971246,2.65153441083726));
#10656=CARTESIAN_POINT('',(38.4831435631985,40.8302337346209,2.66052463354833));
#10657=CARTESIAN_POINT('',(38.4649923933716,40.8745792289523,2.6686618194728));
#10658=CARTESIAN_POINT('',(38.447038392989,40.9198725096874,2.67592580031814));
#10659=CARTESIAN_POINT('',(38.4293632107239,40.9659719628968,2.68227328988704));
#10660=CARTESIAN_POINT('',(38.4119465389918,41.0130001753375,2.68769934015925));
#10661=CARTESIAN_POINT('',(38.3948802394436,41.0607777932133,2.69216412185046));
#10662=CARTESIAN_POINT('',(38.3781773447184,41.1093295254466,2.69565729821798));
#10663=CARTESIAN_POINT('',(38.3618965824506,41.1585431923531,2.69816099542291));
#10664=CARTESIAN_POINT('',(38.3460458683598,41.2084557805401,2.6996675933756));
#10665=CARTESIAN_POINT('',(38.335840514842,41.2419910710852,2.70000008905339));
#10666=CARTESIAN_POINT('',(38.3308197141405,41.2588570815571,2.7));
#10667=CARTESIAN_POINT('',(39.4654205994245,39.3832985607212,-7.));
#10668=CARTESIAN_POINT('',(39.4654205994245,39.3832985607212,-7.));
#10669=VECTOR('',#10670,1.);
#10670=DIRECTION('',(0.,0.,1.));
#10671=CARTESIAN_POINT('',(41.3181470780337,38.3136264296124,-7.));
#10672=AXIS2_PLACEMENT_3D('',#10673,#10674,#10675);
#10673=CARTESIAN_POINT('',(42.5,42.5,-7.));
#10674=DIRECTION('',(0.,0.,-1.));
#10675=DIRECTION('',(-0.697604459902418,-0.716483089489386,0.));
#10676=CARTESIAN_POINT('',(41.3181470780337,38.3136264296124,0.578679656440359));
#10677=CARTESIAN_POINT('',(41.3181470780337,38.3136264296124,-7.));
#10678=VECTOR('',#10679,1.);
#10679=DIRECTION('',(0.,0.,1.));
#10680=CARTESIAN_POINT('',(43.5097288537946,38.2688125021674,2.7));
#10681=CARTESIAN_POINT('',(43.4905913051565,38.2642453358253,2.70000014213735));
#10682=CARTESIAN_POINT('',(43.4523599382012,38.2553957538642,2.69958395378095));
#10683=CARTESIAN_POINT('',(43.3949982335454,38.242932989266,2.69769111851152));
#10684=CARTESIAN_POINT('',(43.3378607429481,38.2313216782395,2.69452647920455));
#10685=CARTESIAN_POINT('',(43.2809036948734,38.2205371574159,2.69008077804903));
#10686=CARTESIAN_POINT('',(43.2241617124958,38.2105722193907,2.68434595826223));
#10687=CARTESIAN_POINT('',(43.1676319158547,38.2014127308888,2.6773095067722));
#10688=CARTESIAN_POINT('',(43.1114570803964,38.1930653299153,2.66898093488396));
#10689=CARTESIAN_POINT('',(43.0556278531703,38.1855097761222,2.65935384534788));
#10690=CARTESIAN_POINT('',(43.0002601406316,38.1787423556678,2.64844352043381));
#10691=CARTESIAN_POINT('',(42.9453885334254,38.1727454928764,2.63625575500978));
#10692=CARTESIAN_POINT('',(42.8912034670075,38.1675140910701,2.62283955102339));
#10693=CARTESIAN_POINT('',(42.8376728002481,38.1630166635607,2.60819858194795));
#10694=CARTESIAN_POINT('',(42.7849129380435,38.1592345843516,2.59237679918992));
#10695=CARTESIAN_POINT('',(42.7328860993902,38.1561360660988,2.57537660034305));
#10696=CARTESIAN_POINT('',(42.6760867861824,38.1534299354133,2.55526220753373));
#10697=CARTESIAN_POINT('',(42.6129259222071,38.1512835202383,2.53083672492812));
#10698=CARTESIAN_POINT('',(42.552476747911,38.1501892022724,2.50504821943741));
#10699=CARTESIAN_POINT('',(42.5042578851234,38.1499487259726,2.48279234957952));
#10700=CARTESIAN_POINT('',(42.4519011772816,38.1501340531907,2.45739027748886));
#10701=CARTESIAN_POINT('',(42.3808321042009,38.1513168872685,2.42025786228286));
#10702=CARTESIAN_POINT('',(42.2881006286674,38.1547976467639,2.36583503905285));
#10703=CARTESIAN_POINT('',(42.197797169555,38.1602229975461,2.30585779614826));
#10704=CARTESIAN_POINT('',(42.1105665216912,38.1671998024984,2.24122356415703));
#10705=CARTESIAN_POINT('',(42.0134064282766,38.1768503628678,2.16117640970689));
#10706=CARTESIAN_POINT('',(41.9031195460118,38.1905882107793,2.05661746584829));
#10707=CARTESIAN_POINT('',(41.7966814863104,38.2068458556171,1.9371745819988));
#10708=CARTESIAN_POINT('',(41.7121218647028,38.2217429810167,1.82620143375793));
#10709=CARTESIAN_POINT('',(41.6492607548213,38.2338858495422,1.73254451691888));
#10710=CARTESIAN_POINT('',(41.6012575885993,38.2437810520805,1.6529398283119));
#10711=CARTESIAN_POINT('',(41.5653955635669,38.2515486603437,1.58745089070719));
#10712=CARTESIAN_POINT('',(41.5376976012565,38.2577529831756,1.53286291126454));
#10713=CARTESIAN_POINT('',(41.5149431463055,38.262979852076,1.48510207066687));
#10714=CARTESIAN_POINT('',(41.4929292494058,38.2681595449494,1.43568699816655));
#10715=CARTESIAN_POINT('',(41.4718294073615,38.2732383183627,1.38480492554371));
#10716=CARTESIAN_POINT('',(41.4519544779707,38.2781246587701,1.33309302285583));
#10717=CARTESIAN_POINT('',(41.4336001202021,38.282725933623,1.28134323850033));
#10718=CARTESIAN_POINT('',(41.4169247749252,38.2869801162199,1.23021958063271));
#10719=CARTESIAN_POINT('',(41.4020870439548,38.2908247282911,1.18060574221663));
#10720=CARTESIAN_POINT('',(41.3889173191101,38.2942837293895,1.1324563078245));
#10721=CARTESIAN_POINT('',(41.3774792034279,38.297323750423,1.08659342873904));
#10722=CARTESIAN_POINT('',(41.3675833896253,38.2999807014691,1.04297460943367));
#10723=CARTESIAN_POINT('',(41.3592302589376,38.3022428059737,1.00245115951324));
#10724=CARTESIAN_POINT('',(41.3520795901731,38.3041932695375,0.96423029494158));
#10725=CARTESIAN_POINT('',(41.3460058705347,38.3058601708863,0.928374127088092));
#10726=CARTESIAN_POINT('',(41.3407725419563,38.3073039719758,0.894105946202971));
#10727=CARTESIAN_POINT('',(41.336301393796,38.3085430111915,0.86148130911943));
#10728=CARTESIAN_POINT('',(41.3324199389712,38.3096227562087,0.829687024570076));
#10729=CARTESIAN_POINT('',(41.3290483215765,38.3105637961714,0.798324256812395));
#10730=CARTESIAN_POINT('',(41.3261314540919,38.3113802719901,0.766964484719971));
#10731=CARTESIAN_POINT('',(41.3236674183256,38.3120716997918,0.735614183508581));
#10732=CARTESIAN_POINT('',(41.3216529593008,38.3126381346576,0.704256432734527));
#10733=CARTESIAN_POINT('',(41.320086776253,38.3130792431232,0.672888906056063));
#10734=CARTESIAN_POINT('',(41.3189678848141,38.3133947634914,0.641501047199519));
#10735=CARTESIAN_POINT('',(41.318296352265,38.3135842780056,0.610096616028169));
#10736=CARTESIAN_POINT('',(41.3181470738828,38.3136264432118,0.589152998479634));
#10737=CARTESIAN_POINT('',(41.3181470780337,38.3136264296124,0.578679656440359));
#10738=CARTESIAN_POINT('',(45.5345794005755,45.6167014392788,-3.9));
#10739=CARTESIAN_POINT('',(45.5345794005755,45.6167014392788,-3.9));
#10740=VECTOR('',#10741,1.);
#10741=DIRECTION('',(0.,0.,1.));
#10742=AXIS2_PLACEMENT_3D('',#10743,#10744,#10745);
#10743=CARTESIAN_POINT('',(42.5,42.5,-3.9));
#10744=DIRECTION('',(0.,0.,-1.));
#10745=DIRECTION('',(0.271690326888809,0.962384728824732,0.));
#10746=CARTESIAN_POINT('',(40.8426890059777,36.6294531541672,0.578679656440359));
#10747=CARTESIAN_POINT('',(41.3181470780337,38.3136264296124,0.578679656440358));
#10748=VECTOR('',#10749,1.);
#10749=DIRECTION('',(-0.271690326888813,-0.96238472882473,0.));
#10750=CARTESIAN_POINT('',(41.4706840736385,36.487470688326,2.09999999972501));
#10751=CARTESIAN_POINT('',(40.8426890059778,36.6294531541677,0.578679656440359));
#10752=CARTESIAN_POINT('',(40.8426863278564,36.6294581995915,0.623218754528409));
#10753=CARTESIAN_POINT('',(40.8458378532644,36.6285605745693,0.72703241416816));
#10754=CARTESIAN_POINT('',(40.8637845313217,36.6235178516662,0.904128378511191));
#10755=CARTESIAN_POINT('',(40.9062386406383,36.6117832315955,1.12229084309697));
#10756=CARTESIAN_POINT('',(40.9816620912563,36.591715640366,1.36222794468153));
#10757=CARTESIAN_POINT('',(41.084696711664,36.566077122808,1.58757519638795));
#10758=CARTESIAN_POINT('',(41.1938427082742,36.5411633373074,1.76869542283746));
#10759=CARTESIAN_POINT('',(41.2851528350599,36.5220114742394,1.89356132546429));
#10760=CARTESIAN_POINT('',(41.3571635891931,36.5079101158474,1.98030143613011));
#10761=CARTESIAN_POINT('',(41.4147075515053,36.4972333028467,2.04370657431073));
#10762=CARTESIAN_POINT('',(41.452522009473,36.4905799042312,2.08219433038103));
#10763=CARTESIAN_POINT('',(41.4706840736799,36.4874706883189,2.09999999958751));
#10764=CARTESIAN_POINT('',(41.4706840736799,36.4874706883189,2.09999999958751));
#10765=CARTESIAN_POINT('',(41.4765621511602,36.4784784356078,2.10787145105308));
#10766=CARTESIAN_POINT('',(41.4885054374218,36.4605918883069,2.12351240296938));
#10767=CARTESIAN_POINT('',(41.5070309719275,36.4340072332832,2.14671311017716));
#10768=CARTESIAN_POINT('',(41.5260942285006,36.4077901234242,2.16954895014081));
#10769=CARTESIAN_POINT('',(41.5456888917264,36.3819595084976,2.19200647831236));
#10770=CARTESIAN_POINT('',(41.5657651785905,36.3565877601238,2.21402595825464));
#10771=CARTESIAN_POINT('',(41.5863254700484,36.3316750499261,2.23561057067543));
#10772=CARTESIAN_POINT('',(41.6073274093435,36.3072730500451,2.25671894505293));
#10773=CARTESIAN_POINT('',(41.6288209846744,36.2833255928384,2.27740300256132));
#10774=CARTESIAN_POINT('',(41.6507713425301,36.2598766764235,2.29762795589404));
#10775=CARTESIAN_POINT('',(41.6731861175676,36.2369218411706,2.31740092349381));
#10776=CARTESIAN_POINT('',(41.695982972188,36.2145437648243,2.3366540671234));
#10777=CARTESIAN_POINT('',(41.7192007313201,36.1927008832645,2.35542653504318));
#10778=CARTESIAN_POINT('',(41.7436579423358,36.1706556126803,2.37435488274329));
#10779=CARTESIAN_POINT('',(41.7703431149521,36.1476722004055,2.39407159183387));
#10780=CARTESIAN_POINT('',(41.8055436623235,36.1188573900303,2.41877162562126));
#10781=CARTESIAN_POINT('',(41.8546123332058,36.0814420540366,2.45081902133423));
#10782=CARTESIAN_POINT('',(41.9183181719985,36.0377641772484,2.48821806894636));
#10783=CARTESIAN_POINT('',(41.9849403516916,35.9976152402379,2.52263428674475));
#10784=CARTESIAN_POINT('',(42.0402604135623,35.9680784339674,2.54802230000605));
#10785=CARTESIAN_POINT('',(42.0816185644334,35.947865817532,2.56544821244619));
#10786=CARTESIAN_POINT('',(42.1137179339015,35.933189759434,2.5781365656202));
#10787=CARTESIAN_POINT('',(42.1440751063588,35.9201569105078,2.58943976589925));
#10788=CARTESIAN_POINT('',(42.1748754038912,35.9077320688717,2.60025434689197));
#10789=CARTESIAN_POINT('',(42.2084709086218,35.8950858825987,2.61131181841206));
#10790=CARTESIAN_POINT('',(42.2508305246391,35.8803881022583,2.62424261689967));
#10791=CARTESIAN_POINT('',(42.301227172067,35.8647840212644,2.63810985687985));
#10792=CARTESIAN_POINT('',(42.358879908387,35.8494392508319,2.65197182606284));
#10793=CARTESIAN_POINT('',(42.4154891778673,35.8367813281058,2.66367551879559));
#10794=CARTESIAN_POINT('',(42.4695244707432,35.8268218191171,2.67318149078951));
#10795=CARTESIAN_POINT('',(42.5193780383695,35.8193703584574,2.68059977506114));
#10796=CARTESIAN_POINT('',(42.5671518050702,35.8137436700471,2.68653930953024));
#10797=CARTESIAN_POINT('',(42.6139805217532,35.8096287475968,2.69128730977812));
#10798=CARTESIAN_POINT('',(42.6610035603845,35.8068778578214,2.69500329303754));
#10799=CARTESIAN_POINT('',(42.7011304938523,35.8056860680892,2.69730048909269));
#10800=CARTESIAN_POINT('',(42.7286229447207,35.8054731029824,2.69842122796537));
#10801=CARTESIAN_POINT('',(42.7522433961236,35.8055375472024,2.69919909050128));
#10802=CARTESIAN_POINT('',(42.779113150801,35.8059658542347,2.69981884219051));
#10803=CARTESIAN_POINT('',(42.8029042986578,35.8068398199748,2.70000006072604));
#10804=CARTESIAN_POINT('',(42.8148493082717,35.8074018562979,2.7));
#10805=CARTESIAN_POINT('',(37.8076548378029,38.6023216039794,2.0999999999883));
#10806=AXIS2_PLACEMENT_3D('',#10807,#10808,#10809);
#10807=CARTESIAN_POINT('',(42.5,42.5,2.1));
#10808=DIRECTION('',(0.,0.,-1.));
#10809=DIRECTION('',(-0.168740315810548,-0.985660542895046,0.));
#10810=CARTESIAN_POINT('',(37.8076548378032,38.6023216039791,2.09999999998246));
#10811=CARTESIAN_POINT('',(37.7969283759977,38.6029160362922,2.10787138086576));
#10812=CARTESIAN_POINT('',(37.7754667186528,38.6043159372828,2.12351219520761));
#10813=CARTESIAN_POINT('',(37.7431812479606,38.6070671606626,2.14671270330251));
#10814=CARTESIAN_POINT('',(37.7109452085059,38.6104678270254,2.16954835784548));
#10815=CARTESIAN_POINT('',(37.678778168573,38.6145219427341,2.19200571421831));
#10816=CARTESIAN_POINT('',(37.6467676888774,38.6192225816994,2.21402504005829));
#10817=CARTESIAN_POINT('',(37.614912727371,38.6245718926563,2.23560951568337));
#10818=CARTESIAN_POINT('',(37.5832792055811,38.6305590319324,2.2567177741221));
#10819=CARTESIAN_POINT('',(37.5517934926421,38.6371992067608,2.27740173205219));
#10820=CARTESIAN_POINT('',(37.5205111122964,38.6444842347412,2.29762660580784));
#10821=CARTESIAN_POINT('',(37.4894243847478,38.6524184993464,2.31739951331715));
#10822=CARTESIAN_POINT('',(37.4586460674373,38.6609720383149,2.33665262317139));
#10823=CARTESIAN_POINT('',(37.4281207584864,38.6701576934355,2.35542507872777));
#10824=CARTESIAN_POINT('',(37.3968004066348,38.6803155593993,2.37435344218945));
#10825=CARTESIAN_POINT('',(37.3635535775993,38.6919338345349,2.39407019424119));
#10826=CARTESIAN_POINT('',(37.3209988414462,38.7080109536795,2.41877032569333));
#10827=CARTESIAN_POINT('',(37.2640616744161,38.7317979745459,2.45081788203411));
#10828=CARTESIAN_POINT('',(37.1943823180767,38.7651299192935,2.48821713783519));
#10829=CARTESIAN_POINT('',(37.1263009333326,38.8027519986131,2.52263355294946));
#10830=CARTESIAN_POINT('',(37.0730610488913,38.8358922350413,2.54802170862452));
#10831=CARTESIAN_POINT('',(37.034877184308,38.8616031826074,2.56544771124139));
#10832=CARTESIAN_POINT('',(37.006117572016,38.8820640465854,2.57813611899997));
#10833=CARTESIAN_POINT('',(36.9796521424131,38.9018377179634,2.58943936098295));
#10834=CARTESIAN_POINT('',(36.9534917151969,38.922299141621,2.60025397615056));
#10835=CARTESIAN_POINT('',(36.9257419979104,38.9450706102127,2.61131148037516));
#10836=CARTESIAN_POINT('',(36.8918334864735,38.9744062233649,2.62424231619245));
#10837=CARTESIAN_POINT('',(36.8531215700833,39.0102489646598,2.63810959833611));
#10838=CARTESIAN_POINT('',(36.8110061671691,39.0525053297089,2.65197161339352));
#10839=CARTESIAN_POINT('',(36.7717393712895,39.095201465108,2.66367534938864));
#10840=CARTESIAN_POINT('',(36.7360964573736,39.1370176923586,2.67318136007981));
#10841=CARTESIAN_POINT('',(36.7047164415137,39.1764664754599,2.68059967726653));
#10842=CARTESIAN_POINT('',(36.6759566266308,39.215026494356,2.68653923993903));
#10843=CARTESIAN_POINT('',(36.6489785659727,39.2535239695602,2.69128726355829));
#10844=CARTESIAN_POINT('',(36.6230846309618,39.292871757539,2.69500326707713));
#10845=CARTESIAN_POINT('',(36.6003778603098,39.3296354051567,2.69747591513832));
#10846=CARTESIAN_POINT('',(36.5805398306765,39.3636031029971,2.69899813012257));
#10847=CARTESIAN_POINT('',(36.5632398585547,39.3947019208849,2.69981883369755));
#10848=CARTESIAN_POINT('',(36.5521010928934,39.4157426894464,2.70000007877693));
#10849=CARTESIAN_POINT('',(36.5466153362245,39.4263684272303,2.7));
#10850=CARTESIAN_POINT('',(38.2446127945938,38.1294531541133,0.578679656440354));
#10851=CARTESIAN_POINT('',(37.8076548378032,38.6023216039791,2.09999999998246));
#10852=CARTESIAN_POINT('',(37.8356875996569,38.5685747179728,2.05761807003308));
#10853=CARTESIAN_POINT('',(37.889172895226,38.505639588767,1.97051652516755));
#10854=CARTESIAN_POINT('',(37.9622366211653,38.4229664087269,1.83224066716536));
#10855=CARTESIAN_POINT('',(38.0317656531128,38.3469081364478,1.67867554997681));
#10856=CARTESIAN_POINT('',(38.099928925338,38.2747663934817,1.49771469321323));
#10857=CARTESIAN_POINT('',(38.1604912169453,38.2127365101645,1.29027181998943));
#10858=CARTESIAN_POINT('',(38.2027100474944,38.170572039272,1.08722585781429));
#10859=CARTESIAN_POINT('',(38.2258280290731,38.147805256215,0.921320779120411));
#10860=CARTESIAN_POINT('',(38.2375817654167,38.1363056709756,0.792392962522213));
#10861=CARTESIAN_POINT('',(38.2433719678183,38.1306600737745,0.684024489065216));
#10862=CARTESIAN_POINT('',(38.2446143583772,38.1294531343115,0.613259257741449));
#10863=CARTESIAN_POINT('',(38.2446127945942,38.1294531541137,0.578679656440355));
#10864=CARTESIAN_POINT('',(38.2446127945932,38.1294531541126,0.578679656440355));
#10865=VECTOR('',#10866,1.);
#10866=DIRECTION('',(0.69760445990242,0.716483089489384,-6.34413156927568E-17));
#10867=CARTESIAN_POINT('',(43.8630465741804,47.3281998946726,0.578679656440356));
#10868=CARTESIAN_POINT('',(43.6818529219663,46.6863735703876,0.578679656440357));
#10869=VECTOR('',#10870,1.);
#10870=DIRECTION('',(0.27169032688881,0.962384728824731,0.));
#10871=CARTESIAN_POINT('',(43.863046574167,47.328199894625,0.578679656440356));
#10872=CARTESIAN_POINT('',(43.8630465721896,47.3281998876208,0.678800958489023));
#10873=CARTESIAN_POINT('',(43.8498995746729,47.3306680908941,0.8663671696373));
#10874=CARTESIAN_POINT('',(43.7967812049226,47.3402827509323,1.12690067997741));
#10875=CARTESIAN_POINT('',(43.720014875593,47.3533548417859,1.3603295508027));
#10876=CARTESIAN_POINT('',(43.6198244477001,47.368980317044,1.57848925337637));
#10877=CARTESIAN_POINT('',(43.4937046804106,47.3862461289845,1.78566110352773));
#10878=CARTESIAN_POINT('',(43.3444791293315,47.4031146984567,1.97619122357211));
#10879=CARTESIAN_POINT('',(43.1753808551924,47.417515963954,2.14670471584236));
#10880=CARTESIAN_POINT('',(42.9908206307165,47.4274288990238,2.29412804117016));
#10881=CARTESIAN_POINT('',(42.7943982883656,47.4313250826265,2.41786052737146));
#10882=CARTESIAN_POINT('',(42.5884883010281,47.4282016435584,2.51864401422337));
#10883=CARTESIAN_POINT('',(42.3740109077044,47.417224576243,2.59726134610437));
#10884=CARTESIAN_POINT('',(42.1475837101007,47.3975494816726,2.65530079419579));
#10885=CARTESIAN_POINT('',(41.9084486803197,47.3679928288446,2.6917486078862));
#10886=CARTESIAN_POINT('',(41.7430710413688,47.3422412261399,2.7));
#10887=CARTESIAN_POINT('',(41.6585332840895,47.3272076572302,2.7));
#10888=CARTESIAN_POINT('',(37.8271288968918,46.4210044189896,1.5));
#10889=CARTESIAN_POINT('',(37.8271288968918,46.4210044189896,1.5));
#10890=VECTOR('',#10891,1.);
#10891=DIRECTION('',(0.541675220429267,-0.454519477660649,0.707106781186545));
#10892=CARTESIAN_POINT('',(41.4524598026421,48.5093809610408,1.5));
#10893=CARTESIAN_POINT('',(41.4524598026421,48.5093809610408,1.5));
#10894=CARTESIAN_POINT('',(41.468622204405,48.4166614345631,1.594117659453));
#10895=CARTESIAN_POINT('',(41.5009470032684,48.2312223766009,1.78235298249116));
#10896=CARTESIAN_POINT('',(41.5507812213393,47.9453372090342,2.07254908571323));
#10897=CARTESIAN_POINT('',(41.6033085810137,47.6439987236881,2.37843142626581));
#10898=CARTESIAN_POINT('',(41.6396754517694,47.4353801024681,2.59019610322509));
#10899=CARTESIAN_POINT('',(41.6585332840896,47.3272076572298,2.7));
#10900=AXIS2_PLACEMENT_3D('',#10901,#10902,#10903);
#10901=CARTESIAN_POINT('',(42.5,42.5,1.5));
#10902=DIRECTION('',(0.,0.,-1.));
#10903=DIRECTION('',(-0.7660444431325,0.642787609670425,0.));
#10904=CARTESIAN_POINT('',(17.3954008565091,22.0714191229154,1.5));
#10905=CARTESIAN_POINT('',(17.3954008565091,22.0714191229154,1.5));
#10906=VECTOR('',#10907,1.);
#10907=DIRECTION('',(0.54167521985944,-0.454519478339736,0.707106781186548));
#10908=CARTESIAN_POINT('',(17.3954008565091,22.0714191229154,1.5));
#10909=VECTOR('',#10910,1.);
#10910=DIRECTION('',(0.642787609670424,0.766044443132501,0.));
#10911=CARTESIAN_POINT('',(6.51970740368832,17.,1.5));
#10912=CARTESIAN_POINT('',(6.51970740368832,17.,1.5));
#10913=VECTOR('',#10914,1.);
#10914=DIRECTION('',(-2.89504114815172E-10,-0.707106781186547,0.707106781186548));
#10915=AXIS2_PLACEMENT_3D('',#10916,#10917,#10918);
#10916=CARTESIAN_POINT('',(6.51970741531357,31.1972095242992,1.5));
#10917=DIRECTION('',(0.,0.,1.));
#10918=DIRECTION('',(-8.18840621628018E-10,-1.,0.));
#10919=CARTESIAN_POINT('',(-6.51970740368832,17.,1.5));
#10920=CARTESIAN_POINT('',(6.51970740368832,17.,1.5));
#10921=VECTOR('',#10922,1.);
#10922=DIRECTION('',(-1.,0.,6.81148987757998E-17));
#10923=CARTESIAN_POINT('',(-6.51970740368832,17.,1.5));
#10924=VECTOR('',#10925,1.);
#10925=DIRECTION('',(2.89504114815172E-10,-0.707106781186548,0.707106781186548));
#10926=CARTESIAN_POINT('',(-17.3954008565091,22.0714191229154,1.5));
#10927=AXIS2_PLACEMENT_3D('',#10928,#10929,#10930);
#10928=CARTESIAN_POINT('',(-6.51970741531358,31.1972095242992,1.5));
#10929=DIRECTION('',(0.,0.,-1.));
#10930=DIRECTION('',(8.18840746748158E-10,-1.,0.));
#10931=CARTESIAN_POINT('',(-17.3954008565091,22.0714191229154,1.5));
#10932=VECTOR('',#10933,1.);
#10933=DIRECTION('',(-0.54167521985944,-0.454519478339736,0.707106781186548));
#10934=CARTESIAN_POINT('',(-37.8271288968918,46.4210044189896,1.5));
#10935=CARTESIAN_POINT('',(-17.3954008565091,22.0714191229154,1.5));
#10936=VECTOR('',#10937,1.);
#10937=DIRECTION('',(-0.642787609670424,0.7660444431325,0.));
#10938=CARTESIAN_POINT('',(-37.8271288968918,46.4210044189896,1.5));
#10939=VECTOR('',#10940,1.);
#10940=DIRECTION('',(-0.541675220429264,-0.45451947766065,0.707106781186546));
#10941=CARTESIAN_POINT('',(-41.4524598026421,48.5093809610408,1.5));
#10942=AXIS2_PLACEMENT_3D('',#10943,#10944,#10945);
#10943=CARTESIAN_POINT('',(-42.5,42.5,1.5));
#10944=DIRECTION('',(0.,0.,1.));
#10945=DIRECTION('',(0.7660444431325,0.642787609670425,0.));
#10946=CARTESIAN_POINT('',(-41.4524598026421,48.5093809610408,1.5));
#10947=CARTESIAN_POINT('',(-41.468622204405,48.4166614345631,1.594117659453));
#10948=CARTESIAN_POINT('',(-41.5009470032684,48.2312223766009,1.78235298249116));
#10949=CARTESIAN_POINT('',(-41.5507812213393,47.9453372090342,2.07254908571323));
#10950=CARTESIAN_POINT('',(-41.6033085810137,47.6439987236881,2.37843142626581));
#10951=CARTESIAN_POINT('',(-41.6396754517694,47.435380102468,2.59019610322509));
#10952=CARTESIAN_POINT('',(-41.6585332840896,47.3272076572298,2.7));
#10953=CARTESIAN_POINT('',(-43.8630465741804,47.3281998946726,0.578679656440356));
#10954=CARTESIAN_POINT('',(-43.863046574167,47.328199894625,0.578679656440356));
#10955=CARTESIAN_POINT('',(-43.8630465721896,47.3281998876208,0.678800958488894));
#10956=CARTESIAN_POINT('',(-43.8498995746729,47.3306680908941,0.86636716963692));
#10957=CARTESIAN_POINT('',(-43.7967812049228,47.3402827509323,1.12690067997685));
#10958=CARTESIAN_POINT('',(-43.7200148755932,47.3533548417858,1.36032955080224));
#10959=CARTESIAN_POINT('',(-43.6198244477001,47.3689803170441,1.57848925337653));
#10960=CARTESIAN_POINT('',(-43.4937046804102,47.3862461289845,1.78566110352828));
#10961=CARTESIAN_POINT('',(-43.3444791293308,47.4031146984567,1.97619122357288));
#10962=CARTESIAN_POINT('',(-43.1753808551918,47.4175159639541,2.14670471584284));
#10963=CARTESIAN_POINT('',(-42.9908206307158,47.4274288990238,2.2941280411707));
#10964=CARTESIAN_POINT('',(-42.7943982883649,47.4313250826265,2.41786052737184));
#10965=CARTESIAN_POINT('',(-42.5884883010271,47.4282016435583,2.51864401422378));
#10966=CARTESIAN_POINT('',(-42.3740109077035,47.4172245762429,2.59726134610467));
#10967=CARTESIAN_POINT('',(-42.1475837100994,47.3975494816724,2.65530079419606));
#10968=CARTESIAN_POINT('',(-41.9084486803188,47.3679928288445,2.69174860788627));
#10969=CARTESIAN_POINT('',(-41.7430710413682,47.3422412261398,2.7));
#10970=CARTESIAN_POINT('',(-41.6585332840895,47.3272076572302,2.7));
#10971=CARTESIAN_POINT('',(-43.6818529219663,46.6863735703876,0.578679656440357));
#10972=CARTESIAN_POINT('',(-43.6818529219663,46.6863735703876,0.578679656440357));
#10973=VECTOR('',#10974,1.);
#10974=DIRECTION('',(-0.27169032688881,0.962384728824731,0.));
#10975=CARTESIAN_POINT('',(-41.4902711462054,46.7311874978326,2.7));
#10976=CARTESIAN_POINT('',(-41.5094086948055,46.7357546641657,2.70000014213739));
#10977=CARTESIAN_POINT('',(-41.5476400616922,46.7446042461114,2.6995839537825));
#10978=CARTESIAN_POINT('',(-41.6050017662537,46.7570670106913,2.69769111851974));
#10979=CARTESIAN_POINT('',(-41.66213925678,46.7686783217068,2.69452647922222));
#10980=CARTESIAN_POINT('',(-41.719096304812,46.7794628425266,2.69008077807701));
#10981=CARTESIAN_POINT('',(-41.7758382872074,46.7894277805594,2.68434595829598));
#10982=CARTESIAN_POINT('',(-41.8323680839298,46.7985872690783,2.67730950680251));
#10983=CARTESIAN_POINT('',(-41.8885429195694,46.8069346700808,2.66898093489124));
#10984=CARTESIAN_POINT('',(-41.9443721470642,46.8144902239093,2.65935384530715));
#10985=CARTESIAN_POINT('',(-41.9997398599248,46.8212576443982,2.64844352032022));
#10986=CARTESIAN_POINT('',(-42.0546114674718,46.8272545072174,2.63625575480221));
#10987=CARTESIAN_POINT('',(-42.1087965341803,46.8324859090382,2.62283955071638));
#10988=CARTESIAN_POINT('',(-42.1623272011252,46.8369833365467,2.60819858155546));
#10989=CARTESIAN_POINT('',(-42.2150870632625,46.8407654157334,2.5923767987795));
#10990=CARTESIAN_POINT('',(-42.2671139015632,46.8438639339502,2.57537660001383));
#10991=CARTESIAN_POINT('',(-42.323913213693,46.8465700645751,2.55526220756433));
#10992=CARTESIAN_POINT('',(-42.3870740761031,46.8487164797083,2.53083672559161));
#10993=CARTESIAN_POINT('',(-42.4475232505242,46.8498107977117,2.50504822013504));
#10994=CARTESIAN_POINT('',(-42.4957421120932,46.8500512740224,2.48279235089292));
#10995=CARTESIAN_POINT('',(-42.5480988198554,46.8498659468359,2.45739027892061));
#10996=CARTESIAN_POINT('',(-42.6191678953431,46.8486831127855,2.42025786266539));
#10997=CARTESIAN_POINT('',(-42.7118993780818,46.8452023529606,2.3658350350162));
#10998=CARTESIAN_POINT('',(-42.8022028405732,46.8397770017629,2.30585778915055));
#10999=CARTESIAN_POINT('',(-42.8894334827437,46.8328001970708,2.24122356045288));
#11000=CARTESIAN_POINT('',(-42.9865935536982,46.8231496387121,2.16117642422198));
#11001=CARTESIAN_POINT('',(-43.0968804262175,46.8094117942304,2.0566174957135));
#11002=CARTESIAN_POINT('',(-43.2033185910218,46.7931541295112,1.93717449691348));
#11003=CARTESIAN_POINT('',(-43.2878781665232,46.7782570193742,1.82620137063849));
#11004=CARTESIAN_POINT('',(-43.3538892875853,46.7655056397781,1.72785131565009));
#11005=CARTESIAN_POINT('',(-43.4075439892376,46.7543812871884,1.63803984467163));
#11006=CARTESIAN_POINT('',(-43.4508997174065,46.7448535833769,1.55646161375874));
#11007=CARTESIAN_POINT('',(-43.4829665422754,46.7375128449409,1.48981780886922));
#11008=CARTESIAN_POINT('',(-43.507363797535,46.7317708804508,1.43501136541229));
#11009=CARTESIAN_POINT('',(-43.5285592601586,46.7266672825857,1.38383871922603));
#11010=CARTESIAN_POINT('',(-43.5485239233722,46.7217566930053,1.33180545885086));
#11011=CARTESIAN_POINT('',(-43.5669563865276,46.7171334106288,1.27971554879777));
#11012=CARTESIAN_POINT('',(-43.5836940753237,46.7128608172777,1.22824626235464));
#11013=CARTESIAN_POINT('',(-43.6000739724685,46.7086139189451,1.17326686601824));
#11014=CARTESIAN_POINT('',(-43.615590612178,46.7045265235933,1.11543698827518));
#11015=CARTESIAN_POINT('',(-43.6298010810804,46.7007272067318,1.0554932573819));
#11016=CARTESIAN_POINT('',(-43.6413084172655,46.6976127382827,1.00022761952406));
#11017=CARTESIAN_POINT('',(-43.6505939614055,46.6950753845758,0.949356861683813));
#11018=CARTESIAN_POINT('',(-43.6580550237445,46.6930209692224,0.9026036180964));
#11019=CARTESIAN_POINT('',(-43.6636809064787,46.6914621563603,0.861864771565657));
#11020=CARTESIAN_POINT('',(-43.6679591113501,46.6902715862405,0.826351830731715));
#11021=CARTESIAN_POINT('',(-43.6712555080679,46.6893512516527,0.795257873059626));
#11022=CARTESIAN_POINT('',(-43.674101241689,46.6885544919792,0.764212803042119));
#11023=CARTESIAN_POINT('',(-43.6764994294111,46.6878814195936,0.733233277066625));
#11024=CARTESIAN_POINT('',(-43.6784564681754,46.6873310623835,0.702287591227816));
#11025=CARTESIAN_POINT('',(-43.6799753346914,46.6869032482711,0.671373314552883));
#11026=CARTESIAN_POINT('',(-43.681059006864,46.6865976483326,0.64046683355548));
#11027=CARTESIAN_POINT('',(-43.6817086113462,46.6864143200663,0.609571945864081));
#11028=CARTESIAN_POINT('',(-43.6818529262894,46.6863735575436,0.588975730704085));
#11029=CARTESIAN_POINT('',(-43.6818529219663,46.6863735703876,0.578679656440357));
#11030=CARTESIAN_POINT('',(-43.6818529219663,46.6863735703876,-3.9));
#11031=CARTESIAN_POINT('',(-45.5345794005755,45.6167014392788,-3.9));
#11032=AXIS2_PLACEMENT_3D('',#11033,#11034,#11035);
#11033=CARTESIAN_POINT('',(-42.5,42.5,-3.9));
#11034=DIRECTION('',(0.,0.,1.));
#11035=DIRECTION('',(-0.271690326888809,0.962384728824732,0.));
#11036=CARTESIAN_POINT('',(-45.5345794005755,45.6167014392788,0.578679656440356));
#11037=CARTESIAN_POINT('',(-45.5345794005755,45.6167014392788,-3.9));
#11038=VECTOR('',#11039,1.);
#11039=DIRECTION('',(0.,0.,1.));
#11040=CARTESIAN_POINT('',(-45.5345794005755,45.6167014392788,0.578679656440357));
#11041=CARTESIAN_POINT('',(-45.5345793695885,45.6167014316957,0.591508596507415));
#11042=CARTESIAN_POINT('',(-45.5347464779129,45.6165387948777,0.617210167637648));
#11043=CARTESIAN_POINT('',(-45.5355001615365,45.6158047709689,0.655815826906894));
#11044=CARTESIAN_POINT('',(-45.5367638744971,45.6145732696508,0.694586000128991));
#11045=CARTESIAN_POINT('',(-45.5385446593533,45.6128361731397,0.733512630218858));
#11046=CARTESIAN_POINT('',(-45.5409472207876,45.6104894764521,0.774244358480716));
#11047=CARTESIAN_POINT('',(-45.5441696605491,45.6073365092697,0.818308043551794));
#11048=CARTESIAN_POINT('',(-45.5490879477294,45.6025127146521,0.87356232222592));
#11049=CARTESIAN_POINT('',(-45.5562166005924,45.5954954066677,0.938448511195936));
#11050=CARTESIAN_POINT('',(-45.5660611623273,45.5857488019,1.01136366600188));
#11051=CARTESIAN_POINT('',(-45.5765901834841,45.5752514438381,1.07694457823637));
#11052=CARTESIAN_POINT('',(-45.5869301828985,45.5648687046397,1.13362140878809));
#11053=CARTESIAN_POINT('',(-45.5961850521438,45.555518807999,1.17994253388036));
#11054=CARTESIAN_POINT('',(-45.6055276733772,45.5460231658718,1.22324682696701));
#11055=CARTESIAN_POINT('',(-45.6151506944965,45.5361823539411,1.2649003258098));
#11056=CARTESIAN_POINT('',(-45.6253264585936,45.5257081174427,1.30620252849526));
#11057=CARTESIAN_POINT('',(-45.6360154598352,45.5146293341087,1.34703780369939));
#11058=CARTESIAN_POINT('',(-45.6471995692101,45.5029528885619,1.38739084907457));
#11059=CARTESIAN_POINT('',(-45.6588361889222,45.4907111479014,1.42716286648289));
#11060=CARTESIAN_POINT('',(-45.6708998552408,45.4779188823852,1.46632846722041));
#11061=CARTESIAN_POINT('',(-45.6833243920808,45.4646348449938,1.50474407464234));
#11062=CARTESIAN_POINT('',(-45.6961034340247,45.4508547967447,1.54246365102168));
#11063=CARTESIAN_POINT('',(-45.7091428076583,45.4366697865623,1.57928358462751));
#11064=CARTESIAN_POINT('',(-45.7223918248275,45.422126214548,1.61515078206846));
#11065=CARTESIAN_POINT('',(-45.7370962989885,45.4058365954082,1.65339792679478));
#11066=CARTESIAN_POINT('',(-45.7532996137088,45.3876943442233,1.69373673069958));
#11067=CARTESIAN_POINT('',(-45.7709992109252,45.3676304202194,1.73578359991577));
#11068=CARTESIAN_POINT('',(-45.7871389466981,45.3491054800317,1.77247438683704));
#11069=CARTESIAN_POINT('',(-45.8016592035286,45.3322564715495,1.80431559779853));
#11070=CARTESIAN_POINT('',(-45.8148604394035,45.3167965094548,1.83243215712848));
#11071=CARTESIAN_POINT('',(-45.8287930238805,45.300322319876,1.86124952382792));
#11072=CARTESIAN_POINT('',(-45.8463195146123,45.2793804341199,1.89640833197782));
#11073=CARTESIAN_POINT('',(-45.8684095630178,45.2526111815225,1.93900000796952));
#11074=CARTESIAN_POINT('',(-45.896063554939,45.2184550547962,1.98971198754928));
#11075=CARTESIAN_POINT('',(-45.9287817356163,45.1771348194307,2.04650570110755));
#11076=CARTESIAN_POINT('',(-45.9706319181817,45.122832085975,2.11473783140013));
#11077=CARTESIAN_POINT('',(-46.0259862476578,45.0483003558452,2.19802232581479));
#11078=CARTESIAN_POINT('',(-46.0938430862405,44.9520437324521,2.28998426687962));
#11079=CARTESIAN_POINT('',(-46.166785687111,44.8416505192905,2.37768596453416));
#11080=CARTESIAN_POINT('',(-46.233015634914,44.7342598562257,2.44819840659211));
#11081=CARTESIAN_POINT('',(-46.2856646983325,44.6433530248491,2.49844847009716));
#11082=CARTESIAN_POINT('',(-46.3244700437993,44.5730305283076,2.53244444007184));
#11083=CARTESIAN_POINT('',(-46.3568380232534,44.5121551682687,2.55893578131306));
#11084=CARTESIAN_POINT('',(-46.3875879736975,44.4521345148563,2.58238098145104));
#11085=CARTESIAN_POINT('',(-46.4168455169327,44.39266145268,2.60295764616459));
#11086=CARTESIAN_POINT('',(-46.4413093973731,44.341044267933,2.61886850576992));
#11087=CARTESIAN_POINT('',(-46.4617065737835,44.2966761730415,2.63126619409269));
#11088=CARTESIAN_POINT('',(-46.4801510405175,44.2554459136411,2.64177932939341));
#11089=CARTESIAN_POINT('',(-46.498524401765,44.2131922028754,2.65153441083726));
#11090=CARTESIAN_POINT('',(-46.5168564368015,44.1697662653791,2.66052463354833));
#11091=CARTESIAN_POINT('',(-46.5350076066284,44.1254207710477,2.6686618194728));
#11092=CARTESIAN_POINT('',(-46.552961607011,44.0801274903126,2.67592580031814));
#11093=CARTESIAN_POINT('',(-46.5706367892761,44.0340280371031,2.68227328988704));
#11094=CARTESIAN_POINT('',(-46.5880534610082,43.9869998246625,2.68769934015925));
#11095=CARTESIAN_POINT('',(-46.6051197605565,43.9392222067867,2.69216412185047));
#11096=CARTESIAN_POINT('',(-46.6218226552817,43.8906704745533,2.69565729821798));
#11097=CARTESIAN_POINT('',(-46.6381034175494,43.8414568076469,2.69816099542291));
#11098=CARTESIAN_POINT('',(-46.6539541316402,43.7915442194598,2.6996675933756));
#11099=CARTESIAN_POINT('',(-46.664159485158,43.7580089289148,2.70000008905339));
#11100=CARTESIAN_POINT('',(-46.6691802858595,43.7411429184429,2.7));
#11101=CARTESIAN_POINT('',(-41.3181470780337,38.3136264296124,0.578679656440359));
#11102=CARTESIAN_POINT('',(-43.5097288537946,38.2688125021674,2.7));
#11103=CARTESIAN_POINT('',(-43.4905913051565,38.2642453358253,2.70000014213735));
#11104=CARTESIAN_POINT('',(-43.4523599382012,38.2553957538642,2.69958395378095));
#11105=CARTESIAN_POINT('',(-43.3949982335454,38.242932989266,2.69769111851152));
#11106=CARTESIAN_POINT('',(-43.3378607429481,38.2313216782395,2.69452647920455));
#11107=CARTESIAN_POINT('',(-43.2809036948733,38.2205371574159,2.69008077804903));
#11108=CARTESIAN_POINT('',(-43.2241617124958,38.2105722193906,2.68434595826223));
#11109=CARTESIAN_POINT('',(-43.1676319158547,38.2014127308888,2.6773095067722));
#11110=CARTESIAN_POINT('',(-43.1114570803964,38.1930653299153,2.66898093488396));
#11111=CARTESIAN_POINT('',(-43.0556278531703,38.1855097761222,2.65935384534788));
#11112=CARTESIAN_POINT('',(-43.0002601406315,38.1787423556677,2.6484435204338));
#11113=CARTESIAN_POINT('',(-42.9453885334254,38.1727454928764,2.63625575500977));
#11114=CARTESIAN_POINT('',(-42.8912034670075,38.1675140910701,2.62283955102338));
#11115=CARTESIAN_POINT('',(-42.8376728002481,38.1630166635606,2.60819858194795));
#11116=CARTESIAN_POINT('',(-42.7849129380435,38.1592345843516,2.59237679918992));
#11117=CARTESIAN_POINT('',(-42.7328860993902,38.1561360660988,2.57537660034305));
#11118=CARTESIAN_POINT('',(-42.6760867861824,38.1534299354133,2.55526220753374));
#11119=CARTESIAN_POINT('',(-42.6129259222071,38.1512835202383,2.53083672492812));
#11120=CARTESIAN_POINT('',(-42.552476747911,38.1501892022724,2.50504821943742));
#11121=CARTESIAN_POINT('',(-42.5042578851234,38.1499487259726,2.48279234957952));
#11122=CARTESIAN_POINT('',(-42.4519011772817,38.1501340531907,2.45739027748887));
#11123=CARTESIAN_POINT('',(-42.3808321042009,38.1513168872685,2.42025786228288));
#11124=CARTESIAN_POINT('',(-42.2881006286674,38.1547976467639,2.36583503905285));
#11125=CARTESIAN_POINT('',(-42.197797169555,38.1602229975461,2.30585779614829));
#11126=CARTESIAN_POINT('',(-42.1105665216912,38.1671998024984,2.24122356415704));
#11127=CARTESIAN_POINT('',(-42.0134064282767,38.1768503628678,2.16117640970692));
#11128=CARTESIAN_POINT('',(-41.9031195460118,38.1905882107793,2.0566174658483));
#11129=CARTESIAN_POINT('',(-41.7966814863104,38.206845855617,1.93717458199882));
#11130=CARTESIAN_POINT('',(-41.7121218647028,38.2217429810167,1.82620143375792));
#11131=CARTESIAN_POINT('',(-41.6492607548213,38.2338858495422,1.7325445169189));
#11132=CARTESIAN_POINT('',(-41.6012575885993,38.2437810520805,1.65293982831189));
#11133=CARTESIAN_POINT('',(-41.5653955635669,38.2515486603437,1.58745089070719));
#11134=CARTESIAN_POINT('',(-41.5376976012565,38.2577529831755,1.53286291126454));
#11135=CARTESIAN_POINT('',(-41.5149431463055,38.262979852076,1.48510207066687));
#11136=CARTESIAN_POINT('',(-41.4929292494058,38.2681595449493,1.43568699816654));
#11137=CARTESIAN_POINT('',(-41.4718294073615,38.2732383183626,1.38480492554372));
#11138=CARTESIAN_POINT('',(-41.4519544779707,38.2781246587701,1.33309302285583));
#11139=CARTESIAN_POINT('',(-41.4336001202021,38.282725933623,1.28134323850034));
#11140=CARTESIAN_POINT('',(-41.4169247749252,38.2869801162199,1.23021958063271));
#11141=CARTESIAN_POINT('',(-41.4020870439548,38.2908247282911,1.18060574221663));
#11142=CARTESIAN_POINT('',(-41.3889173191101,38.2942837293895,1.13245630782451));
#11143=CARTESIAN_POINT('',(-41.3774792034279,38.2973237504229,1.08659342873904));
#11144=CARTESIAN_POINT('',(-41.3675833896253,38.2999807014691,1.04297460943367));
#11145=CARTESIAN_POINT('',(-41.3592302589376,38.3022428059737,1.00245115951324));
#11146=CARTESIAN_POINT('',(-41.3520795901731,38.3041932695375,0.964230294941586));
#11147=CARTESIAN_POINT('',(-41.3460058705347,38.3058601708863,0.928374127088095));
#11148=CARTESIAN_POINT('',(-41.3407725419563,38.3073039719757,0.894105946202974));
#11149=CARTESIAN_POINT('',(-41.336301393796,38.3085430111916,0.861481309119429));
#11150=CARTESIAN_POINT('',(-41.3324199389712,38.3096227562087,0.829687024570074));
#11151=CARTESIAN_POINT('',(-41.3290483215765,38.3105637961714,0.798324256812391));
#11152=CARTESIAN_POINT('',(-41.326131454092,38.3113802719902,0.76696448471997));
#11153=CARTESIAN_POINT('',(-41.3236674183256,38.3120716997918,0.735614183508578));
#11154=CARTESIAN_POINT('',(-41.3216529593009,38.3126381346576,0.704256432734523));
#11155=CARTESIAN_POINT('',(-41.320086776253,38.3130792431232,0.67288890605606));
#11156=CARTESIAN_POINT('',(-41.3189678848141,38.3133947634914,0.641501047199516));
#11157=CARTESIAN_POINT('',(-41.3182963522649,38.3135842780056,0.610096616028168));
#11158=CARTESIAN_POINT('',(-41.3181470738828,38.3136264432118,0.589152998479634));
#11159=CARTESIAN_POINT('',(-41.3181470780337,38.3136264296124,0.578679656440359));
#11160=CARTESIAN_POINT('',(-41.3181470780337,38.3136264296124,-7.));
#11161=CARTESIAN_POINT('',(-41.3181470780337,38.3136264296124,-7.));
#11162=VECTOR('',#11163,1.);
#11163=DIRECTION('',(0.,0.,1.));
#11164=CARTESIAN_POINT('',(-39.4654205994245,39.3832985607212,-7.));
#11165=AXIS2_PLACEMENT_3D('',#11166,#11167,#11168);
#11166=CARTESIAN_POINT('',(-42.5,42.5,-7.));
#11167=DIRECTION('',(0.,0.,1.));
#11168=DIRECTION('',(0.697604459902418,-0.716483089489386,0.));
#11169=CARTESIAN_POINT('',(-39.4654205994245,39.3832985607212,0.578679656440353));
#11170=CARTESIAN_POINT('',(-39.4654205994245,39.3832985607212,-7.));
#11171=VECTOR('',#11172,1.);
#11172=DIRECTION('',(0.,0.,1.));
#11173=CARTESIAN_POINT('',(-39.4654205994245,39.3832985607212,0.578679656440354));
#11174=CARTESIAN_POINT('',(-39.4654206304115,39.3832985683043,0.591508596507412));
#11175=CARTESIAN_POINT('',(-39.4652535220871,39.3834612051222,0.617210167637644));
#11176=CARTESIAN_POINT('',(-39.4644998384636,39.3841952290311,0.655815826906889));
#11177=CARTESIAN_POINT('',(-39.463236125503,39.3854267303492,0.694586000128984));
#11178=CARTESIAN_POINT('',(-39.4614553406468,39.3871638268603,0.733512630218851));
#11179=CARTESIAN_POINT('',(-39.4590527792125,39.3895105235479,0.774244358480709));
#11180=CARTESIAN_POINT('',(-39.4558303394509,39.3926634907303,0.818308043551784));
#11181=CARTESIAN_POINT('',(-39.4509120522706,39.3974872853479,0.873562322225915));
#11182=CARTESIAN_POINT('',(-39.4437833994077,39.4045045933322,0.93844851119593));
#11183=CARTESIAN_POINT('',(-39.4339388376727,39.4142511980999,1.01136366600187));
#11184=CARTESIAN_POINT('',(-39.4234098165159,39.4247485561619,1.07694457823636));
#11185=CARTESIAN_POINT('',(-39.4130698171015,39.4351312953603,1.13362140878807));
#11186=CARTESIAN_POINT('',(-39.4038149478563,39.444481192001,1.17994253388036));
#11187=CARTESIAN_POINT('',(-39.3944723266228,39.4539768341282,1.22324682696701));
#11188=CARTESIAN_POINT('',(-39.3848493055036,39.4638176460589,1.26490032580979));
#11189=CARTESIAN_POINT('',(-39.3746735414064,39.4742918825573,1.30620252849526));
#11190=CARTESIAN_POINT('',(-39.3639845401649,39.4853706658913,1.34703780369939));
#11191=CARTESIAN_POINT('',(-39.35280043079,39.4970471114381,1.38739084907456));
#11192=CARTESIAN_POINT('',(-39.3411638110779,39.5092888520986,1.42716286648289));
#11193=CARTESIAN_POINT('',(-39.3291001447592,39.5220811176148,1.46632846722041));
#11194=CARTESIAN_POINT('',(-39.3166756079193,39.5353651550062,1.50474407464234));
#11195=CARTESIAN_POINT('',(-39.3038965659753,39.5491452032553,1.54246365102168));
#11196=CARTESIAN_POINT('',(-39.2908571923417,39.5633302134377,1.57928358462751));
#11197=CARTESIAN_POINT('',(-39.2776081751725,39.577873785452,1.61515078206845));
#11198=CARTESIAN_POINT('',(-39.2629037010115,39.5941634045917,1.65339792679477));
#11199=CARTESIAN_POINT('',(-39.2467003862912,39.6123056557766,1.69373673069957));
#11200=CARTESIAN_POINT('',(-39.2290007890748,39.6323695797806,1.73578359991576));
#11201=CARTESIAN_POINT('',(-39.212861053302,39.6508945199683,1.77247438683702));
#11202=CARTESIAN_POINT('',(-39.1983407964714,39.6677435284505,1.80431559779852));
#11203=CARTESIAN_POINT('',(-39.1851395605965,39.6832034905451,1.83243215712847));
#11204=CARTESIAN_POINT('',(-39.1712069761195,39.699677680124,1.86124952382792));
#11205=CARTESIAN_POINT('',(-39.1536804853877,39.7206195658801,1.89640833197781));
#11206=CARTESIAN_POINT('',(-39.1315904369823,39.7473888184775,1.93900000796951));
#11207=CARTESIAN_POINT('',(-39.103936445061,39.7815449452038,1.98971198754926));
#11208=CARTESIAN_POINT('',(-39.0712182643837,39.8228651805692,2.04650570110754));
#11209=CARTESIAN_POINT('',(-39.0293680818183,39.877167914025,2.11473783140013));
#11210=CARTESIAN_POINT('',(-38.9740137523422,39.9516996441548,2.19802232581479));
#11211=CARTESIAN_POINT('',(-38.9061569137595,40.0479562675479,2.28998426687963));
#11212=CARTESIAN_POINT('',(-38.833214312889,40.1583494807095,2.37768596453416));
#11213=CARTESIAN_POINT('',(-38.7669843650861,40.2657401437743,2.44819840659211));
#11214=CARTESIAN_POINT('',(-38.7143353016676,40.3566469751509,2.49844847009716));
#11215=CARTESIAN_POINT('',(-38.6755299562008,40.4269694716923,2.53244444007184));
#11216=CARTESIAN_POINT('',(-38.6431619767467,40.4878448317312,2.55893578131306));
#11217=CARTESIAN_POINT('',(-38.6124120263025,40.5478654851437,2.58238098145103));
#11218=CARTESIAN_POINT('',(-38.5831544830673,40.60733854732,2.60295764616458));
#11219=CARTESIAN_POINT('',(-38.5586906026269,40.658955732067,2.61886850576991));
#11220=CARTESIAN_POINT('',(-38.5382934262165,40.7033238269585,2.63126619409269));
#11221=CARTESIAN_POINT('',(-38.5198489594825,40.7445540863589,2.64177932939341));
#11222=CARTESIAN_POINT('',(-38.501475598235,40.7868077971245,2.65153441083726));
#11223=CARTESIAN_POINT('',(-38.4831435631985,40.8302337346209,2.66052463354833));
#11224=CARTESIAN_POINT('',(-38.4649923933716,40.8745792289522,2.6686618194728));
#11225=CARTESIAN_POINT('',(-38.447038392989,40.9198725096873,2.67592580031814));
#11226=CARTESIAN_POINT('',(-38.4293632107239,40.9659719628969,2.68227328988705));
#11227=CARTESIAN_POINT('',(-38.4119465389918,41.0130001753375,2.68769934015925));
#11228=CARTESIAN_POINT('',(-38.3948802394436,41.0607777932133,2.69216412185047));
#11229=CARTESIAN_POINT('',(-38.3781773447183,41.1093295254466,2.69565729821798));
#11230=CARTESIAN_POINT('',(-38.3618965824506,41.1585431923531,2.69816099542291));
#11231=CARTESIAN_POINT('',(-38.3460458683598,41.2084557805401,2.6996675933756));
#11232=CARTESIAN_POINT('',(-38.335840514842,41.2419910710852,2.70000008905339));
#11233=CARTESIAN_POINT('',(-38.3308197141405,41.2588570815571,2.7));
#11234=CARTESIAN_POINT('',(-43.6818529219663,46.6863735703876,-3.9));
#11235=VECTOR('',#11236,1.);
#11236=DIRECTION('',(0.,0.,1.));
#11237=CARTESIAN_POINT('',(-37.8076548378029,38.6023216039794,2.0999999999883));
#11238=CARTESIAN_POINT('',(-37.8076548378032,38.6023216039791,2.09999999998246));
#11239=CARTESIAN_POINT('',(-37.7969283759977,38.6029160362922,2.10787138086576));
#11240=CARTESIAN_POINT('',(-37.7754667186528,38.6043159372828,2.12351219520761));
#11241=CARTESIAN_POINT('',(-37.7431812479606,38.6070671606626,2.14671270330252));
#11242=CARTESIAN_POINT('',(-37.7109452085059,38.6104678270254,2.16954835784548));
#11243=CARTESIAN_POINT('',(-37.678778168573,38.6145219427341,2.19200571421833));
#11244=CARTESIAN_POINT('',(-37.6467676888774,38.6192225816994,2.2140250400583));
#11245=CARTESIAN_POINT('',(-37.614912727371,38.6245718926563,2.23560951568338));
#11246=CARTESIAN_POINT('',(-37.5832792055811,38.6305590319324,2.25671777412212));
#11247=CARTESIAN_POINT('',(-37.5517934926421,38.6371992067608,2.27740173205219));
#11248=CARTESIAN_POINT('',(-37.5205111122964,38.6444842347411,2.29762660580785));
#11249=CARTESIAN_POINT('',(-37.4894243847478,38.6524184993464,2.31739951331715));
#11250=CARTESIAN_POINT('',(-37.4586460674373,38.6609720383149,2.33665262317139));
#11251=CARTESIAN_POINT('',(-37.4281207584864,38.6701576934354,2.35542507872778));
#11252=CARTESIAN_POINT('',(-37.3968004066348,38.6803155593993,2.37435344218945));
#11253=CARTESIAN_POINT('',(-37.3635535775993,38.6919338345349,2.3940701942412));
#11254=CARTESIAN_POINT('',(-37.3209988414462,38.7080109536795,2.41877032569333));
#11255=CARTESIAN_POINT('',(-37.2640616744162,38.731797974546,2.45081788203412));
#11256=CARTESIAN_POINT('',(-37.1943823180767,38.7651299192935,2.4882171378352));
#11257=CARTESIAN_POINT('',(-37.1263009333326,38.8027519986131,2.52263355294947));
#11258=CARTESIAN_POINT('',(-37.0730610488913,38.8358922350413,2.54802170862453));
#11259=CARTESIAN_POINT('',(-37.034877184308,38.8616031826074,2.5654477112414));
#11260=CARTESIAN_POINT('',(-37.006117572016,38.8820640465854,2.57813611899998));
#11261=CARTESIAN_POINT('',(-36.979652142413,38.9018377179634,2.58943936098295));
#11262=CARTESIAN_POINT('',(-36.9534917151969,38.922299141621,2.60025397615055));
#11263=CARTESIAN_POINT('',(-36.9257419979104,38.9450706102127,2.61131148037517));
#11264=CARTESIAN_POINT('',(-36.8918334864735,38.9744062233648,2.62424231619244));
#11265=CARTESIAN_POINT('',(-36.8531215700834,39.0102489646598,2.6381095983361));
#11266=CARTESIAN_POINT('',(-36.8110061671691,39.0525053297089,2.65197161339351));
#11267=CARTESIAN_POINT('',(-36.7717393712895,39.095201465108,2.66367534938864));
#11268=CARTESIAN_POINT('',(-36.7360964573736,39.1370176923586,2.67318136007981));
#11269=CARTESIAN_POINT('',(-36.7047164415137,39.1764664754599,2.68059967726653));
#11270=CARTESIAN_POINT('',(-36.6759566266308,39.215026494356,2.68653923993903));
#11271=CARTESIAN_POINT('',(-36.6489785659726,39.2535239695602,2.69128726355829));
#11272=CARTESIAN_POINT('',(-36.6230846309619,39.292871757539,2.69500326707713));
#11273=CARTESIAN_POINT('',(-36.6003778603098,39.3296354051567,2.69747591513832));
#11274=CARTESIAN_POINT('',(-36.5805398306765,39.3636031029971,2.69899813012257));
#11275=CARTESIAN_POINT('',(-36.5632398585547,39.3947019208848,2.69981883369755));
#11276=CARTESIAN_POINT('',(-36.5521010928934,39.4157426894464,2.70000007877693));
#11277=CARTESIAN_POINT('',(-36.5466153362245,39.4263684272303,2.7));
#11278=CARTESIAN_POINT('',(-38.2446127945938,38.1294531541133,0.578679656440354));
#11279=CARTESIAN_POINT('',(-38.2446127945932,38.1294531541126,0.578679656440355));
#11280=VECTOR('',#11281,1.);
#11281=DIRECTION('',(-0.697604459902418,0.716483089489387,-6.34413156927566E-17));
#11282=CARTESIAN_POINT('',(-37.8076548378032,38.6023216039791,2.09999999998246));
#11283=CARTESIAN_POINT('',(-37.8356875996569,38.5685747179728,2.05761807003308));
#11284=CARTESIAN_POINT('',(-37.889172895226,38.505639588767,1.97051652516755));
#11285=CARTESIAN_POINT('',(-37.9622366211653,38.4229664087269,1.83224066716535));
#11286=CARTESIAN_POINT('',(-38.0317656531128,38.3469081364478,1.6786755499768));
#11287=CARTESIAN_POINT('',(-38.099928925338,38.2747663934817,1.49771469321323));
#11288=CARTESIAN_POINT('',(-38.1604912169454,38.2127365101645,1.29027181998942));
#11289=CARTESIAN_POINT('',(-38.2027100474944,38.170572039272,1.08722585781429));
#11290=CARTESIAN_POINT('',(-38.2258280290731,38.1478052562149,0.921320779120412));
#11291=CARTESIAN_POINT('',(-38.2375817654167,38.1363056709757,0.792392962522212));
#11292=CARTESIAN_POINT('',(-38.2433719678183,38.1306600737745,0.684024489065216));
#11293=CARTESIAN_POINT('',(-38.2446143583772,38.1294531343115,0.613259257741448));
#11294=CARTESIAN_POINT('',(-38.2446127945942,38.1294531541136,0.578679656440355));
#11295=CARTESIAN_POINT('',(-41.4706840736385,36.487470688326,2.09999999972501));
#11296=AXIS2_PLACEMENT_3D('',#11297,#11298,#11299);
#11297=CARTESIAN_POINT('',(-42.5,42.5,2.1));
#11298=DIRECTION('',(0.,0.,1.));
#11299=DIRECTION('',(0.168740315810548,-0.985660542895046,0.));
#11300=CARTESIAN_POINT('',(-41.4706840736799,36.4874706883189,2.09999999958751));
#11301=CARTESIAN_POINT('',(-41.4765621511602,36.4784784356078,2.10787145105308));
#11302=CARTESIAN_POINT('',(-41.4885054374218,36.4605918883069,2.12351240296938));
#11303=CARTESIAN_POINT('',(-41.5070309719276,36.4340072332832,2.14671311017716));
#11304=CARTESIAN_POINT('',(-41.5260942285007,36.4077901234242,2.16954895014081));
#11305=CARTESIAN_POINT('',(-41.5456888917264,36.3819595084976,2.19200647831236));
#11306=CARTESIAN_POINT('',(-41.5657651785905,36.3565877601238,2.21402595825464));
#11307=CARTESIAN_POINT('',(-41.5863254700485,36.3316750499261,2.23561057067542));
#11308=CARTESIAN_POINT('',(-41.6073274093435,36.307273050045,2.25671894505293));
#11309=CARTESIAN_POINT('',(-41.6288209846744,36.2833255928384,2.27740300256132));
#11310=CARTESIAN_POINT('',(-41.6507713425301,36.2598766764235,2.29762795589403));
#11311=CARTESIAN_POINT('',(-41.6731861175676,36.2369218411706,2.31740092349381));
#11312=CARTESIAN_POINT('',(-41.695982972188,36.2145437648243,2.33665406712339));
#11313=CARTESIAN_POINT('',(-41.7192007313201,36.1927008832645,2.35542653504318));
#11314=CARTESIAN_POINT('',(-41.7436579423358,36.1706556126803,2.37435488274329));
#11315=CARTESIAN_POINT('',(-41.7703431149521,36.1476722004055,2.39407159183388));
#11316=CARTESIAN_POINT('',(-41.8055436623235,36.1188573900303,2.41877162562126));
#11317=CARTESIAN_POINT('',(-41.8546123332058,36.0814420540366,2.45081902133423));
#11318=CARTESIAN_POINT('',(-41.9183181719985,36.0377641772484,2.48821806894637));
#11319=CARTESIAN_POINT('',(-41.9849403516916,35.9976152402378,2.52263428674476));
#11320=CARTESIAN_POINT('',(-42.0402604135623,35.9680784339674,2.54802230000606));
#11321=CARTESIAN_POINT('',(-42.0816185644335,35.947865817532,2.56544821244619));
#11322=CARTESIAN_POINT('',(-42.1137179339015,35.933189759434,2.57813656562021));
#11323=CARTESIAN_POINT('',(-42.1440751063588,35.9201569105078,2.58943976589926));
#11324=CARTESIAN_POINT('',(-42.1748754038912,35.9077320688717,2.60025434689196));
#11325=CARTESIAN_POINT('',(-42.2084709086218,35.8950858825987,2.61131181841206));
#11326=CARTESIAN_POINT('',(-42.250830524639,35.8803881022583,2.62424261689966));
#11327=CARTESIAN_POINT('',(-42.301227172067,35.8647840212645,2.63810985687985));
#11328=CARTESIAN_POINT('',(-42.358879908387,35.8494392508319,2.65197182606284));
#11329=CARTESIAN_POINT('',(-42.4154891778673,35.8367813281058,2.66367551879559));
#11330=CARTESIAN_POINT('',(-42.4695244707432,35.8268218191171,2.67318149078951));
#11331=CARTESIAN_POINT('',(-42.5193780383695,35.8193703584574,2.68059977506115));
#11332=CARTESIAN_POINT('',(-42.5671518050701,35.8137436700471,2.68653930953024));
#11333=CARTESIAN_POINT('',(-42.6139805217532,35.8096287475968,2.69128730977812));
#11334=CARTESIAN_POINT('',(-42.6610035603845,35.8068778578214,2.69500329303754));
#11335=CARTESIAN_POINT('',(-42.7011304938523,35.8056860680892,2.69730048909269));
#11336=CARTESIAN_POINT('',(-42.7286229447207,35.8054731029823,2.69842122796537));
#11337=CARTESIAN_POINT('',(-42.7522433961236,35.8055375472024,2.69919909050128));
#11338=CARTESIAN_POINT('',(-42.779113150801,35.8059658542347,2.69981884219051));
#11339=CARTESIAN_POINT('',(-42.8029042986578,35.8068398199748,2.70000006072604));
#11340=CARTESIAN_POINT('',(-42.8148493082717,35.8074018562979,2.7));
#11341=CARTESIAN_POINT('',(-40.8426890059777,36.6294531541672,0.578679656440359));
#11342=CARTESIAN_POINT('',(-40.8426890059779,36.6294531541677,0.578679656440359));
#11343=CARTESIAN_POINT('',(-40.8426863278564,36.6294581995915,0.623218754528408));
#11344=CARTESIAN_POINT('',(-40.8458378532644,36.6285605745693,0.727032414168159));
#11345=CARTESIAN_POINT('',(-40.8637845313216,36.6235178516662,0.904128378511193));
#11346=CARTESIAN_POINT('',(-40.9062386406383,36.6117832315955,1.12229084309697));
#11347=CARTESIAN_POINT('',(-40.9816620912563,36.591715640366,1.36222794468152));
#11348=CARTESIAN_POINT('',(-41.084696711664,36.566077122808,1.58757519638795));
#11349=CARTESIAN_POINT('',(-41.1938427082743,36.5411633373074,1.76869542283746));
#11350=CARTESIAN_POINT('',(-41.2851528350598,36.5220114742394,1.89356132546428));
#11351=CARTESIAN_POINT('',(-41.3571635891931,36.5079101158473,1.98030143613011));
#11352=CARTESIAN_POINT('',(-41.4147075515053,36.4972333028467,2.04370657431072));
#11353=CARTESIAN_POINT('',(-41.4525220094731,36.4905799042312,2.08219433038103));
#11354=CARTESIAN_POINT('',(-41.4706840736799,36.4874706883189,2.09999999958751));
#11355=CARTESIAN_POINT('',(-41.3181470780337,38.3136264296124,0.578679656440358));
#11356=VECTOR('',#11357,1.);
#11357=DIRECTION('',(0.271690326888813,-0.96238472882473,0.));
#11358=CARTESIAN_POINT('',(-45.9998204760971,46.0945329072624,0.578679656440357));
#11359=CARTESIAN_POINT('',(-47.1012178183897,44.1848722763874,2.7));
#11360=CARTESIAN_POINT('',(-47.0684204591747,44.2744457620284,2.7));
#11361=CARTESIAN_POINT('',(-47.0041924148252,44.4408392556249,2.69023357490823));
#11362=CARTESIAN_POINT('',(-46.9052728598652,44.6710957871129,2.64906536803054));
#11363=CARTESIAN_POINT('',(-46.8081842654265,44.8764313696162,2.58770492400711));
#11364=CARTESIAN_POINT('',(-46.7092000281038,45.067809274936,2.50545303710776));
#11365=CARTESIAN_POINT('',(-46.6079595872405,45.2471728998326,2.40052293838089));
#11366=CARTESIAN_POINT('',(-46.5059794710505,45.4138734650421,2.27252409024949));
#11367=CARTESIAN_POINT('',(-46.4066703167417,45.5647613656612,2.12337709167535));
#11368=CARTESIAN_POINT('',(-46.310679795614,45.7013338331911,1.95015947826364));
#11369=CARTESIAN_POINT('',(-46.2228948622707,45.8192859720306,1.75714150918194));
#11370=CARTESIAN_POINT('',(-46.1459401754991,45.9179086286,1.5456051960465));
#11371=CARTESIAN_POINT('',(-46.0840615016481,45.9942817879939,1.32386567867723));
#11372=CARTESIAN_POINT('',(-46.0387696383227,46.0486834653607,1.09688043629486));
#11373=CARTESIAN_POINT('',(-46.0126007290936,46.0795596343421,0.888737545445674));
#11374=CARTESIAN_POINT('',(-46.0016319569919,46.0924206224136,0.716092675126067));
#11375=CARTESIAN_POINT('',(-45.9998206682042,46.0945331045683,0.619064184935763));
#11376=CARTESIAN_POINT('',(-45.9998204760627,46.094532907227,0.578679656440358));
#11377=CARTESIAN_POINT('',(-45.9998204760627,46.094532907227,0.578679656440357));
#11378=VECTOR('',#11379,1.);
#11379=DIRECTION('',(0.697604459902417,-0.716483089489387,0.));
#11380=CARTESIAN_POINT('',(-48.2280466718722,44.5974940583596,1.5));
#11381=CARTESIAN_POINT('',(-48.2321249868363,40.4136771258296,1.5));
#11382=AXIS2_PLACEMENT_3D('',#11383,#11384,#11385);
#11383=CARTESIAN_POINT('',(-42.5,42.5,1.5));
#11384=DIRECTION('',(0.,0.,1.));
#11385=DIRECTION('',(-0.939024044569191,0.343851484977043,0.));
#11386=CARTESIAN_POINT('',(-48.2321249868363,40.4136771258296,1.5));
#11387=VECTOR('',#11388,1.);
#11388=DIRECTION('',(0.664463024393576,0.241844762634511,0.707106781186547));
#11389=CARTESIAN_POINT('',(-48.2280466718721,44.5974940583599,1.5));
#11390=VECTOR('',#11391,1.);
#11391=DIRECTION('',(0.663990269612095,-0.243139716748333,0.707106781186546));
#11392=CARTESIAN_POINT('',(-37.8240405718599,11.8177002129031,1.5));
#11393=CARTESIAN_POINT('',(-48.2321249868363,40.4136771258296,1.5));
#11394=VECTOR('',#11395,1.);
#11395=DIRECTION('',(0.342020143306627,-0.939692620792839,0.));
#11396=CARTESIAN_POINT('',(-37.82404057186,11.8177002129031,1.5));
#11397=VECTOR('',#11398,1.);
#11398=DIRECTION('',(0.664463857324657,0.241842474156786,0.707106781188642));
#11399=CARTESIAN_POINT('',(-37.8240405718599,-11.8177002129031,1.5));
#11400=CARTESIAN_POINT('',(-37.8240405718599,-11.8177002129031,1.5));
#11401=VECTOR('',#11402,1.);
#11402=DIRECTION('',(0.664463857324654,-0.241842474156786,0.707106781188644));
#11403=AXIS2_PLACEMENT_3D('',#11404,#11405,#11406);
#11404=CARTESIAN_POINT('',(-70.2936009530387,-1.13947005856061E-14,1.5));
#11405=DIRECTION('',(0.,0.,-1.));
#11406=DIRECTION('',(0.939694976672123,0.342013670512127,0.));
#11407=CARTESIAN_POINT('',(-48.2321249868363,-40.4136771258296,1.5));
#11408=CARTESIAN_POINT('',(-48.2321249868363,-40.4136771258296,1.5));
#11409=VECTOR('',#11410,1.);
#11410=DIRECTION('',(0.664463024393576,-0.241844762634511,0.707106781186547));
#11411=CARTESIAN_POINT('',(-48.2321249868363,-40.4136771258296,1.5));
#11412=VECTOR('',#11413,1.);
#11413=DIRECTION('',(0.342020143306626,0.939692620792839,0.));
#11414=CARTESIAN_POINT('',(-48.2280466718722,-44.5974940583596,1.5));
#11415=CARTESIAN_POINT('',(-48.2280466718721,-44.59749405836,1.5));
#11416=VECTOR('',#11417,1.);
#11417=DIRECTION('',(0.663990269612096,0.243139716748329,0.707106781186547));
#11418=AXIS2_PLACEMENT_3D('',#11419,#11420,#11421);
#11419=CARTESIAN_POINT('',(-42.5,-42.5,1.5));
#11420=DIRECTION('',(0.,0.,-1.));
#11421=DIRECTION('',(-0.939024044569191,-0.343851484977043,0.));
#11422=CARTESIAN_POINT('',(-45.5345794005755,-45.6167014392788,0.578679656440356));
#11423=CARTESIAN_POINT('',(-45.9998204760971,-46.0945329072624,0.578679656440357));
#11424=CARTESIAN_POINT('',(-45.9998204760626,-46.094532907227,0.578679656440357));
#11425=VECTOR('',#11426,1.);
#11426=DIRECTION('',(0.697604459902412,0.716483089489392,0.));
#11427=CARTESIAN_POINT('',(-45.5345794005755,-45.6167014392788,0.578679656440357));
#11428=CARTESIAN_POINT('',(-45.5345793695885,-45.6167014316957,0.591508596507416));
#11429=CARTESIAN_POINT('',(-45.5347464779129,-45.6165387948778,0.617210167637649));
#11430=CARTESIAN_POINT('',(-45.5355001615365,-45.6158047709689,0.655815826906893));
#11431=CARTESIAN_POINT('',(-45.536763874497,-45.6145732696508,0.69458600012899));
#11432=CARTESIAN_POINT('',(-45.5385446593533,-45.6128361731397,0.733512630218856));
#11433=CARTESIAN_POINT('',(-45.5409472207875,-45.6104894764521,0.774244358480713));
#11434=CARTESIAN_POINT('',(-45.5441696605491,-45.6073365092697,0.818308043551789));
#11435=CARTESIAN_POINT('',(-45.5490879477294,-45.6025127146521,0.873562322225917));
#11436=CARTESIAN_POINT('',(-45.5562166005924,-45.5954954066678,0.938448511195933));
#11437=CARTESIAN_POINT('',(-45.5660611623273,-45.5857488019,1.01136366600188));
#11438=CARTESIAN_POINT('',(-45.5765901834841,-45.5752514438381,1.07694457823637));
#11439=CARTESIAN_POINT('',(-45.5869301828985,-45.5648687046397,1.13362140878808));
#11440=CARTESIAN_POINT('',(-45.5961850521438,-45.555518807999,1.17994253388036));
#11441=CARTESIAN_POINT('',(-45.6055276733772,-45.5460231658718,1.22324682696702));
#11442=CARTESIAN_POINT('',(-45.6151506944965,-45.5361823539411,1.2649003258098));
#11443=CARTESIAN_POINT('',(-45.6253264585936,-45.5257081174427,1.30620252849526));
#11444=CARTESIAN_POINT('',(-45.6360154598351,-45.5146293341087,1.34703780369939));
#11445=CARTESIAN_POINT('',(-45.6471995692101,-45.5029528885619,1.38739084907457));
#11446=CARTESIAN_POINT('',(-45.6588361889221,-45.4907111479014,1.4271628664829));
#11447=CARTESIAN_POINT('',(-45.6708998552408,-45.4779188823852,1.46632846722042));
#11448=CARTESIAN_POINT('',(-45.6833243920808,-45.4646348449938,1.50474407464234));
#11449=CARTESIAN_POINT('',(-45.6961034340247,-45.4508547967447,1.54246365102169));
#11450=CARTESIAN_POINT('',(-45.7091428076583,-45.4366697865623,1.57928358462751));
#11451=CARTESIAN_POINT('',(-45.7223918248275,-45.422126214548,1.61515078206846));
#11452=CARTESIAN_POINT('',(-45.7370962989884,-45.4058365954082,1.65339792679478));
#11453=CARTESIAN_POINT('',(-45.7532996137088,-45.3876943442234,1.69373673069958));
#11454=CARTESIAN_POINT('',(-45.7709992109252,-45.3676304202194,1.73578359991578));
#11455=CARTESIAN_POINT('',(-45.787138946698,-45.3491054800317,1.77247438683703));
#11456=CARTESIAN_POINT('',(-45.8016592035286,-45.3322564715495,1.80431559779853));
#11457=CARTESIAN_POINT('',(-45.8148604394035,-45.3167965094549,1.83243215712849));
#11458=CARTESIAN_POINT('',(-45.8287930238806,-45.300322319876,1.86124952382792));
#11459=CARTESIAN_POINT('',(-45.8463195146123,-45.2793804341199,1.89640833197782));
#11460=CARTESIAN_POINT('',(-45.8684095630178,-45.2526111815225,1.93900000796952));
#11461=CARTESIAN_POINT('',(-45.896063554939,-45.2184550547962,1.98971198754928));
#11462=CARTESIAN_POINT('',(-45.9287817356163,-45.1771348194307,2.04650570110755));
#11463=CARTESIAN_POINT('',(-45.9706319181817,-45.122832085975,2.11473783140015));
#11464=CARTESIAN_POINT('',(-46.0259862476578,-45.0483003558452,2.19802232581479));
#11465=CARTESIAN_POINT('',(-46.0938430862405,-44.9520437324521,2.28998426687962));
#11466=CARTESIAN_POINT('',(-46.1667856871109,-44.8416505192905,2.37768596453416));
#11467=CARTESIAN_POINT('',(-46.233015634914,-44.7342598562257,2.4481984065921));
#11468=CARTESIAN_POINT('',(-46.2856646983324,-44.643353024849,2.49844847009716));
#11469=CARTESIAN_POINT('',(-46.3244700437993,-44.5730305283076,2.53244444007185));
#11470=CARTESIAN_POINT('',(-46.3568380232533,-44.5121551682688,2.55893578131306));
#11471=CARTESIAN_POINT('',(-46.3875879736975,-44.4521345148563,2.58238098145104));
#11472=CARTESIAN_POINT('',(-46.4168455169327,-44.39266145268,2.60295764616459));
#11473=CARTESIAN_POINT('',(-46.4413093973731,-44.341044267933,2.61886850576992));
#11474=CARTESIAN_POINT('',(-46.4617065737835,-44.2966761730415,2.63126619409269));
#11475=CARTESIAN_POINT('',(-46.4801510405175,-44.2554459136412,2.64177932939341));
#11476=CARTESIAN_POINT('',(-46.498524401765,-44.2131922028755,2.65153441083726));
#11477=CARTESIAN_POINT('',(-46.5168564368014,-44.1697662653791,2.66052463354832));
#11478=CARTESIAN_POINT('',(-46.5350076066285,-44.1254207710478,2.6686618194728));
#11479=CARTESIAN_POINT('',(-46.552961607011,-44.0801274903127,2.67592580031814));
#11480=CARTESIAN_POINT('',(-46.5706367892761,-44.0340280371032,2.68227328988704));
#11481=CARTESIAN_POINT('',(-46.5880534610082,-43.9869998246625,2.68769934015924));
#11482=CARTESIAN_POINT('',(-46.6051197605564,-43.9392222067867,2.69216412185047));
#11483=CARTESIAN_POINT('',(-46.6218226552817,-43.8906704745534,2.69565729821798));
#11484=CARTESIAN_POINT('',(-46.6381034175494,-43.8414568076469,2.69816099542291));
#11485=CARTESIAN_POINT('',(-46.6539541316402,-43.7915442194599,2.6996675933756));
#11486=CARTESIAN_POINT('',(-46.664159485158,-43.7580089289148,2.70000008905339));
#11487=CARTESIAN_POINT('',(-46.6691802858595,-43.7411429184429,2.7));
#11488=CARTESIAN_POINT('',(-47.1012178183897,-44.1848722763875,2.7));
#11489=CARTESIAN_POINT('',(-47.068420459175,-44.2744457620275,2.7));
#11490=CARTESIAN_POINT('',(-47.0041924148261,-44.4408392556226,2.69023357490841));
#11491=CARTESIAN_POINT('',(-46.9052728598671,-44.6710957871087,2.64906536803146));
#11492=CARTESIAN_POINT('',(-46.8081842654292,-44.8764313696108,2.58770492400901));
#11493=CARTESIAN_POINT('',(-46.7092000281074,-45.0678092749292,2.5054530371111));
#11494=CARTESIAN_POINT('',(-46.6079595872447,-45.2471728998255,2.40052293838565));
#11495=CARTESIAN_POINT('',(-46.505979471055,-45.413873465035,2.27252409025569));
#11496=CARTESIAN_POINT('',(-46.4066703167462,-45.5647613656547,2.12337709168259));
#11497=CARTESIAN_POINT('',(-46.3106797956182,-45.7013338331851,1.95015947827219));
#11498=CARTESIAN_POINT('',(-46.2228948622748,-45.8192859720253,1.75714150919185));
#11499=CARTESIAN_POINT('',(-46.1459401755026,-45.9179086285955,1.54560519605755));
#11500=CARTESIAN_POINT('',(-46.0840615016512,-45.9942817879902,1.32386567868999));
#11501=CARTESIAN_POINT('',(-46.0387696383253,-46.0486834653575,1.09688043631083));
#11502=CARTESIAN_POINT('',(-46.0126007290954,-46.0795596343401,0.888737545463816));
#11503=CARTESIAN_POINT('',(-46.0016319569922,-46.0924206224131,0.716092675139226));
#11504=CARTESIAN_POINT('',(-45.9998206682041,-46.0945331045683,0.619064184941761));
#11505=CARTESIAN_POINT('',(-45.9998204760626,-46.094532907227,0.578679656440358));
#11506=CARTESIAN_POINT('',(-43.6818529219663,-46.6863735703876,0.578679656440357));
#11507=CARTESIAN_POINT('',(-43.6818529219663,-46.6863735703876,-3.9));
#11508=CARTESIAN_POINT('',(-43.6818529219663,-46.6863735703876,-3.9));
#11509=VECTOR('',#11510,1.);
#11510=DIRECTION('',(0.,0.,1.));
#11511=CARTESIAN_POINT('',(-41.4902711462054,-46.7311874978326,2.7));
#11512=CARTESIAN_POINT('',(-41.5094086948055,-46.7357546641657,2.7000001421374));
#11513=CARTESIAN_POINT('',(-41.5476400616922,-46.7446042461114,2.6995839537825));
#11514=CARTESIAN_POINT('',(-41.6050017662537,-46.7570670106913,2.69769111851974));
#11515=CARTESIAN_POINT('',(-41.66213925678,-46.7686783217068,2.69452647922222));
#11516=CARTESIAN_POINT('',(-41.7190963048119,-46.7794628425266,2.69008077807701));
#11517=CARTESIAN_POINT('',(-41.7758382872074,-46.7894277805594,2.68434595829598));
#11518=CARTESIAN_POINT('',(-41.8323680839298,-46.7985872690783,2.67730950680251));
#11519=CARTESIAN_POINT('',(-41.8885429195694,-46.8069346700808,2.66898093489124));
#11520=CARTESIAN_POINT('',(-41.9443721470642,-46.8144902239094,2.65935384530716));
#11521=CARTESIAN_POINT('',(-41.9997398599248,-46.8212576443982,2.64844352032023));
#11522=CARTESIAN_POINT('',(-42.0546114674718,-46.8272545072174,2.63625575480221));
#11523=CARTESIAN_POINT('',(-42.1087965341802,-46.8324859090382,2.62283955071638));
#11524=CARTESIAN_POINT('',(-42.1623272011252,-46.8369833365467,2.60819858155546));
#11525=CARTESIAN_POINT('',(-42.2150870632625,-46.8407654157334,2.5923767987795));
#11526=CARTESIAN_POINT('',(-42.2671139015633,-46.8438639339502,2.57537660001383));
#11527=CARTESIAN_POINT('',(-42.3239132136929,-46.8465700645751,2.55526220756434));
#11528=CARTESIAN_POINT('',(-42.3870740761032,-46.8487164797083,2.53083672559162));
#11529=CARTESIAN_POINT('',(-42.4475232505241,-46.8498107977116,2.50504822013505));
#11530=CARTESIAN_POINT('',(-42.4957421120931,-46.8500512740224,2.48279235089292));
#11531=CARTESIAN_POINT('',(-42.5480988198554,-46.8498659468359,2.45739027892062));
#11532=CARTESIAN_POINT('',(-42.6191678953431,-46.8486831127855,2.4202578626654));
#11533=CARTESIAN_POINT('',(-42.7118993780818,-46.8452023529606,2.36583503501621));
#11534=CARTESIAN_POINT('',(-42.8022028405731,-46.839777001763,2.30585778915055));
#11535=CARTESIAN_POINT('',(-42.8894334827437,-46.8328001970708,2.24122356045288));
#11536=CARTESIAN_POINT('',(-42.9865935536982,-46.8231496387121,2.16117642422198));
#11537=CARTESIAN_POINT('',(-43.0968804262174,-46.8094117942304,2.05661749571351));
#11538=CARTESIAN_POINT('',(-43.2033185910218,-46.7931541295112,1.9371744969135));
#11539=CARTESIAN_POINT('',(-43.2878781665232,-46.7782570193742,1.82620137063849));
#11540=CARTESIAN_POINT('',(-43.3538892875853,-46.7655056397781,1.7278513156501));
#11541=CARTESIAN_POINT('',(-43.4075439892376,-46.7543812871884,1.63803984467163));
#11542=CARTESIAN_POINT('',(-43.4508997174065,-46.7448535833769,1.55646161375874));
#11543=CARTESIAN_POINT('',(-43.4829665422754,-46.737512844941,1.48981780886923));
#11544=CARTESIAN_POINT('',(-43.507363797535,-46.7317708804508,1.4350113654123));
#11545=CARTESIAN_POINT('',(-43.5285592601586,-46.7266672825857,1.38383871922603));
#11546=CARTESIAN_POINT('',(-43.5485239233722,-46.7217566930054,1.33180545885087));
#11547=CARTESIAN_POINT('',(-43.5669563865275,-46.7171334106288,1.27971554879777));
#11548=CARTESIAN_POINT('',(-43.5836940753237,-46.7128608172777,1.22824626235465));
#11549=CARTESIAN_POINT('',(-43.6000739724685,-46.7086139189451,1.17326686601824));
#11550=CARTESIAN_POINT('',(-43.615590612178,-46.7045265235933,1.11543698827519));
#11551=CARTESIAN_POINT('',(-43.6298010810804,-46.7007272067319,1.0554932573819));
#11552=CARTESIAN_POINT('',(-43.6413084172655,-46.6976127382828,1.00022761952406));
#11553=CARTESIAN_POINT('',(-43.6505939614055,-46.6950753845759,0.949356861683816));
#11554=CARTESIAN_POINT('',(-43.6580550237445,-46.6930209692224,0.9026036180964));
#11555=CARTESIAN_POINT('',(-43.6636809064787,-46.6914621563603,0.86186477156566));
#11556=CARTESIAN_POINT('',(-43.6679591113501,-46.6902715862405,0.826351830731713));
#11557=CARTESIAN_POINT('',(-43.671255508068,-46.6893512516527,0.795257873059628));
#11558=CARTESIAN_POINT('',(-43.674101241689,-46.6885544919792,0.764212803042122));
#11559=CARTESIAN_POINT('',(-43.6764994294111,-46.6878814195936,0.733233277066626));
#11560=CARTESIAN_POINT('',(-43.6784564681754,-46.6873310623836,0.702287591227818));
#11561=CARTESIAN_POINT('',(-43.6799753346914,-46.6869032482712,0.671373314552883));
#11562=CARTESIAN_POINT('',(-43.681059006864,-46.6865976483326,0.64046683355548));
#11563=CARTESIAN_POINT('',(-43.6817086113461,-46.6864143200663,0.609571945864082));
#11564=CARTESIAN_POINT('',(-43.6818529262894,-46.6863735575436,0.588975730704085));
#11565=CARTESIAN_POINT('',(-43.6818529219663,-46.6863735703876,0.578679656440357));
#11566=CARTESIAN_POINT('',(-39.4654205994245,-39.3832985607212,0.578679656440353));
#11567=CARTESIAN_POINT('',(-39.4654205994245,-39.3832985607212,0.578679656440354));
#11568=CARTESIAN_POINT('',(-39.4654206304115,-39.3832985683043,0.591508596507412));
#11569=CARTESIAN_POINT('',(-39.4652535220871,-39.3834612051222,0.617210167637645));
#11570=CARTESIAN_POINT('',(-39.4644998384635,-39.3841952290311,0.655815826906889));
#11571=CARTESIAN_POINT('',(-39.4632361255029,-39.3854267303492,0.694586000128985));
#11572=CARTESIAN_POINT('',(-39.4614553406467,-39.3871638268603,0.733512630218852));
#11573=CARTESIAN_POINT('',(-39.4590527792125,-39.3895105235479,0.774244358480711));
#11574=CARTESIAN_POINT('',(-39.4558303394509,-39.3926634907303,0.818308043551784));
#11575=CARTESIAN_POINT('',(-39.4509120522706,-39.3974872853479,0.873562322225915));
#11576=CARTESIAN_POINT('',(-39.4437833994076,-39.4045045933323,0.938448511195928));
#11577=CARTESIAN_POINT('',(-39.4339388376727,-39.4142511981,1.01136366600188));
#11578=CARTESIAN_POINT('',(-39.4234098165159,-39.4247485561619,1.07694457823636));
#11579=CARTESIAN_POINT('',(-39.4130698171015,-39.4351312953603,1.13362140878807));
#11580=CARTESIAN_POINT('',(-39.4038149478562,-39.444481192001,1.17994253388036));
#11581=CARTESIAN_POINT('',(-39.3944723266228,-39.4539768341282,1.22324682696701));
#11582=CARTESIAN_POINT('',(-39.3848493055035,-39.463817646059,1.26490032580979));
#11583=CARTESIAN_POINT('',(-39.3746735414064,-39.4742918825573,1.30620252849526));
#11584=CARTESIAN_POINT('',(-39.3639845401648,-39.4853706658913,1.34703780369938));
#11585=CARTESIAN_POINT('',(-39.35280043079,-39.4970471114381,1.38739084907458));
#11586=CARTESIAN_POINT('',(-39.3411638110779,-39.5092888520986,1.42716286648289));
#11587=CARTESIAN_POINT('',(-39.3291001447592,-39.5220811176148,1.46632846722041));
#11588=CARTESIAN_POINT('',(-39.3166756079192,-39.5353651550062,1.50474407464234));
#11589=CARTESIAN_POINT('',(-39.3038965659753,-39.5491452032553,1.54246365102168));
#11590=CARTESIAN_POINT('',(-39.2908571923417,-39.5633302134377,1.57928358462751));
#11591=CARTESIAN_POINT('',(-39.2776081751725,-39.577873785452,1.61515078206845));
#11592=CARTESIAN_POINT('',(-39.2629037010115,-39.5941634045918,1.65339792679477));
#11593=CARTESIAN_POINT('',(-39.2467003862912,-39.6123056557766,1.69373673069957));
#11594=CARTESIAN_POINT('',(-39.2290007890748,-39.6323695797806,1.73578359991576));
#11595=CARTESIAN_POINT('',(-39.212861053302,-39.6508945199683,1.77247438683703));
#11596=CARTESIAN_POINT('',(-39.1983407964714,-39.6677435284505,1.80431559779851));
#11597=CARTESIAN_POINT('',(-39.1851395605965,-39.6832034905451,1.83243215712848));
#11598=CARTESIAN_POINT('',(-39.1712069761195,-39.699677680124,1.86124952382793));
#11599=CARTESIAN_POINT('',(-39.1536804853877,-39.7206195658801,1.89640833197781));
#11600=CARTESIAN_POINT('',(-39.1315904369823,-39.7473888184775,1.93900000796952));
#11601=CARTESIAN_POINT('',(-39.103936445061,-39.7815449452038,1.98971198754928));
#11602=CARTESIAN_POINT('',(-39.0712182643837,-39.8228651805693,2.04650570110754));
#11603=CARTESIAN_POINT('',(-39.0293680818183,-39.877167914025,2.11473783140014));
#11604=CARTESIAN_POINT('',(-38.9740137523422,-39.9516996441548,2.19802232581477));
#11605=CARTESIAN_POINT('',(-38.9061569137595,-40.0479562675479,2.28998426687962));
#11606=CARTESIAN_POINT('',(-38.8332143128891,-40.1583494807095,2.37768596453415));
#11607=CARTESIAN_POINT('',(-38.766984365086,-40.2657401437743,2.4481984065921));
#11608=CARTESIAN_POINT('',(-38.7143353016676,-40.356646975151,2.49844847009716));
#11609=CARTESIAN_POINT('',(-38.6755299562007,-40.4269694716924,2.53244444007185));
#11610=CARTESIAN_POINT('',(-38.6431619767467,-40.4878448317313,2.55893578131306));
#11611=CARTESIAN_POINT('',(-38.6124120263025,-40.5478654851437,2.58238098145104));
#11612=CARTESIAN_POINT('',(-38.5831544830673,-40.60733854732,2.60295764616459));
#11613=CARTESIAN_POINT('',(-38.5586906026269,-40.658955732067,2.61886850576992));
#11614=CARTESIAN_POINT('',(-38.5382934262165,-40.7033238269585,2.63126619409269));
#11615=CARTESIAN_POINT('',(-38.5198489594825,-40.7445540863589,2.6417793293934));
#11616=CARTESIAN_POINT('',(-38.501475598235,-40.7868077971246,2.65153441083727));
#11617=CARTESIAN_POINT('',(-38.4831435631985,-40.8302337346209,2.66052463354833));
#11618=CARTESIAN_POINT('',(-38.4649923933716,-40.8745792289523,2.6686618194728));
#11619=CARTESIAN_POINT('',(-38.447038392989,-40.9198725096874,2.67592580031814));
#11620=CARTESIAN_POINT('',(-38.4293632107239,-40.9659719628968,2.68227328988704));
#11621=CARTESIAN_POINT('',(-38.4119465389918,-41.0130001753375,2.68769934015925));
#11622=CARTESIAN_POINT('',(-38.3948802394436,-41.0607777932133,2.69216412185046));
#11623=CARTESIAN_POINT('',(-38.3781773447183,-41.1093295254466,2.69565729821798));
#11624=CARTESIAN_POINT('',(-38.3618965824506,-41.1585431923531,2.69816099542291));
#11625=CARTESIAN_POINT('',(-38.3460458683598,-41.2084557805402,2.6996675933756));
#11626=CARTESIAN_POINT('',(-38.335840514842,-41.2419910710852,2.70000008905339));
#11627=CARTESIAN_POINT('',(-38.3308197141405,-41.2588570815571,2.7));
#11628=CARTESIAN_POINT('',(-39.4654205994245,-39.3832985607212,-7.));
#11629=CARTESIAN_POINT('',(-39.4654205994245,-39.3832985607212,-7.));
#11630=VECTOR('',#11631,1.);
#11631=DIRECTION('',(0.,0.,1.));
#11632=CARTESIAN_POINT('',(-41.3181470780337,-38.3136264296124,-7.));
#11633=AXIS2_PLACEMENT_3D('',#11634,#11635,#11636);
#11634=CARTESIAN_POINT('',(-42.5,-42.5,-7.));
#11635=DIRECTION('',(0.,0.,-1.));
#11636=DIRECTION('',(0.697604459902418,0.716483089489386,0.));
#11637=CARTESIAN_POINT('',(-41.3181470780337,-38.3136264296124,0.578679656440359));
#11638=CARTESIAN_POINT('',(-41.3181470780337,-38.3136264296124,-7.));
#11639=VECTOR('',#11640,1.);
#11640=DIRECTION('',(0.,0.,1.));
#11641=CARTESIAN_POINT('',(-43.5097288537946,-38.2688125021674,2.7));
#11642=CARTESIAN_POINT('',(-43.4905913051565,-38.2642453358253,2.70000014213735));
#11643=CARTESIAN_POINT('',(-43.4523599382012,-38.2553957538642,2.69958395378095));
#11644=CARTESIAN_POINT('',(-43.3949982335454,-38.2429329892661,2.69769111851152));
#11645=CARTESIAN_POINT('',(-43.3378607429481,-38.2313216782396,2.69452647920455));
#11646=CARTESIAN_POINT('',(-43.2809036948734,-38.2205371574159,2.69008077804903));
#11647=CARTESIAN_POINT('',(-43.2241617124958,-38.2105722193907,2.68434595826223));
#11648=CARTESIAN_POINT('',(-43.1676319158547,-38.2014127308888,2.6773095067722));
#11649=CARTESIAN_POINT('',(-43.1114570803964,-38.1930653299153,2.66898093488396));
#11650=CARTESIAN_POINT('',(-43.0556278531703,-38.1855097761223,2.65935384534788));
#11651=CARTESIAN_POINT('',(-43.0002601406315,-38.1787423556677,2.6484435204338));
#11652=CARTESIAN_POINT('',(-42.9453885334254,-38.1727454928764,2.63625575500977));
#11653=CARTESIAN_POINT('',(-42.8912034670075,-38.1675140910701,2.62283955102338));
#11654=CARTESIAN_POINT('',(-42.8376728002481,-38.1630166635607,2.60819858194794));
#11655=CARTESIAN_POINT('',(-42.7849129380434,-38.1592345843517,2.59237679918992));
#11656=CARTESIAN_POINT('',(-42.7328860993902,-38.1561360660988,2.57537660034305));
#11657=CARTESIAN_POINT('',(-42.6760867861824,-38.1534299354133,2.55526220753373));
#11658=CARTESIAN_POINT('',(-42.612925922207,-38.1512835202383,2.53083672492812));
#11659=CARTESIAN_POINT('',(-42.552476747911,-38.1501892022724,2.50504821943742));
#11660=CARTESIAN_POINT('',(-42.5042578851234,-38.1499487259727,2.48279234957952));
#11661=CARTESIAN_POINT('',(-42.4519011772816,-38.1501340531907,2.45739027748886));
#11662=CARTESIAN_POINT('',(-42.3808321042009,-38.1513168872685,2.42025786228286));
#11663=CARTESIAN_POINT('',(-42.2881006286674,-38.154797646764,2.36583503905285));
#11664=CARTESIAN_POINT('',(-42.197797169555,-38.1602229975462,2.30585779614827));
#11665=CARTESIAN_POINT('',(-42.1105665216912,-38.1671998024984,2.24122356415704));
#11666=CARTESIAN_POINT('',(-42.0134064282766,-38.1768503628678,2.16117640970691));
#11667=CARTESIAN_POINT('',(-41.9031195460118,-38.1905882107793,2.0566174658483));
#11668=CARTESIAN_POINT('',(-41.7966814863104,-38.2068458556171,1.93717458199882));
#11669=CARTESIAN_POINT('',(-41.7121218647028,-38.2217429810167,1.82620143375792));
#11670=CARTESIAN_POINT('',(-41.6492607548212,-38.2338858495422,1.73254451691889));
#11671=CARTESIAN_POINT('',(-41.6012575885993,-38.2437810520805,1.65293982831189));
#11672=CARTESIAN_POINT('',(-41.5653955635669,-38.2515486603437,1.58745089070719));
#11673=CARTESIAN_POINT('',(-41.5376976012565,-38.2577529831756,1.53286291126455));
#11674=CARTESIAN_POINT('',(-41.5149431463054,-38.262979852076,1.48510207066688));
#11675=CARTESIAN_POINT('',(-41.4929292494058,-38.2681595449494,1.43568699816655));
#11676=CARTESIAN_POINT('',(-41.4718294073615,-38.2732383183627,1.38480492554371));
#11677=CARTESIAN_POINT('',(-41.4519544779707,-38.2781246587701,1.33309302285583));
#11678=CARTESIAN_POINT('',(-41.4336001202021,-38.282725933623,1.28134323850033));
#11679=CARTESIAN_POINT('',(-41.4169247749252,-38.28698011622,1.23021958063271));
#11680=CARTESIAN_POINT('',(-41.4020870439548,-38.2908247282911,1.18060574221664));
#11681=CARTESIAN_POINT('',(-41.3889173191101,-38.2942837293895,1.13245630782451));
#11682=CARTESIAN_POINT('',(-41.3774792034279,-38.297323750423,1.08659342873904));
#11683=CARTESIAN_POINT('',(-41.3675833896253,-38.2999807014691,1.04297460943367));
#11684=CARTESIAN_POINT('',(-41.3592302589376,-38.3022428059737,1.00245115951324));
#11685=CARTESIAN_POINT('',(-41.3520795901731,-38.3041932695375,0.964230294941583));
#11686=CARTESIAN_POINT('',(-41.3460058705347,-38.3058601708863,0.92837412708809));
#11687=CARTESIAN_POINT('',(-41.3407725419563,-38.3073039719758,0.894105946202973));
#11688=CARTESIAN_POINT('',(-41.336301393796,-38.3085430111916,0.861481309119429));
#11689=CARTESIAN_POINT('',(-41.3324199389712,-38.3096227562087,0.829687024570075));
#11690=CARTESIAN_POINT('',(-41.3290483215765,-38.3105637961714,0.798324256812394));
#11691=CARTESIAN_POINT('',(-41.326131454092,-38.3113802719902,0.76696448471997));
#11692=CARTESIAN_POINT('',(-41.3236674183255,-38.3120716997918,0.735614183508579));
#11693=CARTESIAN_POINT('',(-41.3216529593008,-38.3126381346576,0.704256432734525));
#11694=CARTESIAN_POINT('',(-41.320086776253,-38.3130792431232,0.672888906056061));
#11695=CARTESIAN_POINT('',(-41.3189678848141,-38.3133947634914,0.641501047199517));
#11696=CARTESIAN_POINT('',(-41.318296352265,-38.3135842780057,0.610096616028169));
#11697=CARTESIAN_POINT('',(-41.3181470738828,-38.3136264432118,0.589152998479634));
#11698=CARTESIAN_POINT('',(-41.3181470780337,-38.3136264296124,0.578679656440359));
#11699=CARTESIAN_POINT('',(-45.5345794005755,-45.6167014392788,-3.9));
#11700=CARTESIAN_POINT('',(-45.5345794005755,-45.6167014392788,-3.9));
#11701=VECTOR('',#11702,1.);
#11702=DIRECTION('',(0.,0.,1.));
#11703=AXIS2_PLACEMENT_3D('',#11704,#11705,#11706);
#11704=CARTESIAN_POINT('',(-42.5,-42.5,-3.9));
#11705=DIRECTION('',(0.,0.,-1.));
#11706=DIRECTION('',(-0.271690326888809,-0.962384728824732,0.));
#11707=CARTESIAN_POINT('',(-40.8426890059777,-36.6294531541672,0.578679656440359));
#11708=CARTESIAN_POINT('',(-41.3181470780337,-38.3136264296124,0.578679656440358));
#11709=VECTOR('',#11710,1.);
#11710=DIRECTION('',(0.271690326888813,0.96238472882473,0.));
#11711=CARTESIAN_POINT('',(-41.4706840736385,-36.487470688326,2.09999999972501));
#11712=CARTESIAN_POINT('',(-40.8426890059778,-36.6294531541677,0.578679656440359));
#11713=CARTESIAN_POINT('',(-40.8426863278564,-36.6294581995915,0.623218754528407));
#11714=CARTESIAN_POINT('',(-40.8458378532644,-36.6285605745694,0.727032414168158));
#11715=CARTESIAN_POINT('',(-40.8637845313216,-36.6235178516662,0.904128378511193));
#11716=CARTESIAN_POINT('',(-40.9062386406383,-36.6117832315956,1.12229084309697));
#11717=CARTESIAN_POINT('',(-40.9816620912563,-36.591715640366,1.36222794468152));
#11718=CARTESIAN_POINT('',(-41.084696711664,-36.566077122808,1.58757519638796));
#11719=CARTESIAN_POINT('',(-41.1938427082742,-36.5411633373074,1.76869542283746));
#11720=CARTESIAN_POINT('',(-41.2851528350598,-36.5220114742394,1.89356132546429));
#11721=CARTESIAN_POINT('',(-41.3571635891931,-36.5079101158474,1.9803014361301));
#11722=CARTESIAN_POINT('',(-41.4147075515053,-36.4972333028467,2.04370657431073));
#11723=CARTESIAN_POINT('',(-41.452522009473,-36.4905799042312,2.08219433038103));
#11724=CARTESIAN_POINT('',(-41.4706840736799,-36.487470688319,2.09999999958751));
#11725=CARTESIAN_POINT('',(-41.4706840736799,-36.487470688319,2.09999999958751));
#11726=CARTESIAN_POINT('',(-41.4765621511602,-36.4784784356078,2.10787145105308));
#11727=CARTESIAN_POINT('',(-41.4885054374218,-36.4605918883069,2.12351240296938));
#11728=CARTESIAN_POINT('',(-41.5070309719275,-36.4340072332832,2.14671311017716));
#11729=CARTESIAN_POINT('',(-41.5260942285006,-36.4077901234242,2.16954895014081));
#11730=CARTESIAN_POINT('',(-41.5456888917264,-36.3819595084976,2.19200647831235));
#11731=CARTESIAN_POINT('',(-41.5657651785905,-36.3565877601238,2.21402595825464));
#11732=CARTESIAN_POINT('',(-41.5863254700484,-36.3316750499261,2.23561057067542));
#11733=CARTESIAN_POINT('',(-41.6073274093434,-36.3072730500451,2.25671894505293));
#11734=CARTESIAN_POINT('',(-41.6288209846744,-36.2833255928384,2.27740300256131));
#11735=CARTESIAN_POINT('',(-41.6507713425301,-36.2598766764235,2.29762795589405));
#11736=CARTESIAN_POINT('',(-41.6731861175676,-36.2369218411706,2.3174009234938));
#11737=CARTESIAN_POINT('',(-41.6959829721879,-36.2145437648243,2.3366540671234));
#11738=CARTESIAN_POINT('',(-41.7192007313201,-36.1927008832645,2.35542653504318));
#11739=CARTESIAN_POINT('',(-41.7436579423358,-36.1706556126803,2.37435488274329));
#11740=CARTESIAN_POINT('',(-41.7703431149521,-36.1476722004055,2.39407159183388));
#11741=CARTESIAN_POINT('',(-41.8055436623235,-36.1188573900303,2.41877162562126));
#11742=CARTESIAN_POINT('',(-41.8546123332058,-36.0814420540367,2.45081902133423));
#11743=CARTESIAN_POINT('',(-41.9183181719985,-36.0377641772484,2.48821806894637));
#11744=CARTESIAN_POINT('',(-41.9849403516916,-35.9976152402378,2.52263428674477));
#11745=CARTESIAN_POINT('',(-42.0402604135623,-35.9680784339674,2.54802230000606));
#11746=CARTESIAN_POINT('',(-42.0816185644335,-35.9478658175321,2.5654482124462));
#11747=CARTESIAN_POINT('',(-42.1137179339015,-35.933189759434,2.57813656562021));
#11748=CARTESIAN_POINT('',(-42.1440751063588,-35.9201569105078,2.58943976589926));
#11749=CARTESIAN_POINT('',(-42.1748754038912,-35.9077320688717,2.60025434689197));
#11750=CARTESIAN_POINT('',(-42.2084709086218,-35.8950858825987,2.61131181841206));
#11751=CARTESIAN_POINT('',(-42.250830524639,-35.8803881022583,2.62424261689967));
#11752=CARTESIAN_POINT('',(-42.301227172067,-35.8647840212645,2.63810985687985));
#11753=CARTESIAN_POINT('',(-42.3588799083869,-35.8494392508319,2.65197182606284));
#11754=CARTESIAN_POINT('',(-42.4154891778673,-35.8367813281059,2.66367551879559));
#11755=CARTESIAN_POINT('',(-42.4695244707432,-35.8268218191171,2.67318149078951));
#11756=CARTESIAN_POINT('',(-42.5193780383695,-35.8193703584574,2.68059977506114));
#11757=CARTESIAN_POINT('',(-42.5671518050701,-35.8137436700471,2.68653930953024));
#11758=CARTESIAN_POINT('',(-42.6139805217532,-35.8096287475968,2.69128730977812));
#11759=CARTESIAN_POINT('',(-42.6610035603845,-35.8068778578214,2.69500329303754));
#11760=CARTESIAN_POINT('',(-42.7011304938523,-35.8056860680892,2.69730048909269));
#11761=CARTESIAN_POINT('',(-42.7286229447207,-35.8054731029824,2.69842122796537));
#11762=CARTESIAN_POINT('',(-42.7522433961236,-35.8055375472024,2.69919909050128));
#11763=CARTESIAN_POINT('',(-42.779113150801,-35.8059658542347,2.69981884219051));
#11764=CARTESIAN_POINT('',(-42.8029042986578,-35.8068398199748,2.70000006072604));
#11765=CARTESIAN_POINT('',(-42.8148493082717,-35.8074018562979,2.7));
#11766=CARTESIAN_POINT('',(-37.8076548378029,-38.6023216039794,2.0999999999883));
#11767=AXIS2_PLACEMENT_3D('',#11768,#11769,#11770);
#11768=CARTESIAN_POINT('',(-42.5,-42.5,2.1));
#11769=DIRECTION('',(0.,0.,-1.));
#11770=DIRECTION('',(0.168740315810547,0.985660542895046,0.));
#11771=CARTESIAN_POINT('',(-37.8076548378031,-38.6023216039791,2.09999999998246));
#11772=CARTESIAN_POINT('',(-37.7969283759977,-38.6029160362922,2.10787138086576));
#11773=CARTESIAN_POINT('',(-37.7754667186528,-38.6043159372828,2.12351219520762));
#11774=CARTESIAN_POINT('',(-37.7431812479606,-38.6070671606626,2.14671270330251));
#11775=CARTESIAN_POINT('',(-37.7109452085059,-38.6104678270254,2.16954835784548));
#11776=CARTESIAN_POINT('',(-37.678778168573,-38.6145219427341,2.19200571421832));
#11777=CARTESIAN_POINT('',(-37.6467676888774,-38.6192225816994,2.2140250400583));
#11778=CARTESIAN_POINT('',(-37.614912727371,-38.6245718926563,2.23560951568339));
#11779=CARTESIAN_POINT('',(-37.583279205581,-38.6305590319324,2.25671777412209));
#11780=CARTESIAN_POINT('',(-37.5517934926421,-38.6371992067608,2.27740173205219));
#11781=CARTESIAN_POINT('',(-37.5205111122965,-38.6444842347412,2.29762660580784));
#11782=CARTESIAN_POINT('',(-37.4894243847478,-38.6524184993464,2.31739951331714));
#11783=CARTESIAN_POINT('',(-37.4586460674373,-38.6609720383149,2.33665262317138));
#11784=CARTESIAN_POINT('',(-37.4281207584865,-38.6701576934355,2.35542507872776));
#11785=CARTESIAN_POINT('',(-37.3968004066347,-38.6803155593993,2.37435344218945));
#11786=CARTESIAN_POINT('',(-37.3635535775993,-38.691933834535,2.39407019424119));
#11787=CARTESIAN_POINT('',(-37.3209988414462,-38.7080109536795,2.41877032569333));
#11788=CARTESIAN_POINT('',(-37.2640616744162,-38.731797974546,2.45081788203411));
#11789=CARTESIAN_POINT('',(-37.1943823180767,-38.7651299192935,2.48821713783519));
#11790=CARTESIAN_POINT('',(-37.1263009333326,-38.8027519986131,2.52263355294946));
#11791=CARTESIAN_POINT('',(-37.0730610488913,-38.8358922350413,2.54802170862453));
#11792=CARTESIAN_POINT('',(-37.034877184308,-38.8616031826074,2.56544771124139));
#11793=CARTESIAN_POINT('',(-37.006117572016,-38.8820640465854,2.57813611899997));
#11794=CARTESIAN_POINT('',(-36.979652142413,-38.9018377179634,2.58943936098295));
#11795=CARTESIAN_POINT('',(-36.9534917151969,-38.922299141621,2.60025397615055));
#11796=CARTESIAN_POINT('',(-36.9257419979104,-38.9450706102127,2.61131148037517));
#11797=CARTESIAN_POINT('',(-36.8918334864735,-38.9744062233649,2.62424231619244));
#11798=CARTESIAN_POINT('',(-36.8531215700833,-39.0102489646598,2.63810959833611));
#11799=CARTESIAN_POINT('',(-36.8110061671691,-39.0525053297089,2.65197161339351));
#11800=CARTESIAN_POINT('',(-36.7717393712894,-39.095201465108,2.66367534938864));
#11801=CARTESIAN_POINT('',(-36.7360964573736,-39.1370176923586,2.67318136007981));
#11802=CARTESIAN_POINT('',(-36.7047164415137,-39.1764664754599,2.68059967726652));
#11803=CARTESIAN_POINT('',(-36.6759566266308,-39.215026494356,2.68653923993903));
#11804=CARTESIAN_POINT('',(-36.6489785659726,-39.2535239695602,2.69128726355829));
#11805=CARTESIAN_POINT('',(-36.6230846309619,-39.2928717575391,2.69500326707713));
#11806=CARTESIAN_POINT('',(-36.6003778603098,-39.3296354051566,2.69747591513832));
#11807=CARTESIAN_POINT('',(-36.5805398306765,-39.3636031029972,2.69899813012257));
#11808=CARTESIAN_POINT('',(-36.5632398585547,-39.3947019208849,2.69981883369755));
#11809=CARTESIAN_POINT('',(-36.5521010928934,-39.4157426894464,2.70000007877693));
#11810=CARTESIAN_POINT('',(-36.5466153362245,-39.4263684272303,2.7));
#11811=CARTESIAN_POINT('',(-38.2446127945938,-38.1294531541133,0.578679656440354));
#11812=CARTESIAN_POINT('',(-37.8076548378031,-38.6023216039791,2.09999999998246));
#11813=CARTESIAN_POINT('',(-37.8356875996569,-38.5685747179728,2.05761807003308));
#11814=CARTESIAN_POINT('',(-37.889172895226,-38.505639588767,1.97051652516756));
#11815=CARTESIAN_POINT('',(-37.9622366211652,-38.4229664087269,1.83224066716535));
#11816=CARTESIAN_POINT('',(-38.0317656531128,-38.3469081364478,1.6786755499768));
#11817=CARTESIAN_POINT('',(-38.099928925338,-38.2747663934818,1.49771469321322));
#11818=CARTESIAN_POINT('',(-38.1604912169453,-38.2127365101645,1.29027181998943));
#11819=CARTESIAN_POINT('',(-38.2027100474943,-38.170572039272,1.08722585781429));
#11820=CARTESIAN_POINT('',(-38.2258280290731,-38.147805256215,0.921320779120413));
#11821=CARTESIAN_POINT('',(-38.2375817654167,-38.1363056709757,0.792392962522212));
#11822=CARTESIAN_POINT('',(-38.2433719678183,-38.1306600737745,0.684024489065217));
#11823=CARTESIAN_POINT('',(-38.2446143583772,-38.1294531343115,0.61325925774145));
#11824=CARTESIAN_POINT('',(-38.2446127945942,-38.1294531541137,0.578679656440355));
#11825=CARTESIAN_POINT('',(-38.2446127945931,-38.1294531541126,0.578679656440355));
#11826=VECTOR('',#11827,1.);
#11827=DIRECTION('',(-0.697604459902418,-0.716483089489387,-6.34413156927566E-17));
#11828=CARTESIAN_POINT('',(-43.8630465741804,-47.3281998946726,0.578679656440356));
#11829=CARTESIAN_POINT('',(-43.6818529219663,-46.6863735703876,0.578679656440357));
#11830=VECTOR('',#11831,1.);
#11831=DIRECTION('',(-0.27169032688881,-0.962384728824731,0.));
#11832=CARTESIAN_POINT('',(-43.863046574167,-47.328199894625,0.578679656440356));
#11833=CARTESIAN_POINT('',(-43.8630465721896,-47.3281998876208,0.67880095848838));
#11834=CARTESIAN_POINT('',(-43.849899574673,-47.3306680908941,0.866367169635789));
#11835=CARTESIAN_POINT('',(-43.7967812049232,-47.3402827509322,1.12690067997516));
#11836=CARTESIAN_POINT('',(-43.7200148755939,-47.3533548417857,1.36032955080055));
#11837=CARTESIAN_POINT('',(-43.619824447701,-47.3689803170439,1.57848925337477));
#11838=CARTESIAN_POINT('',(-43.4937046804109,-47.3862461289844,1.78566110352729));
#11839=CARTESIAN_POINT('',(-43.3444791293311,-47.4031146984567,1.97619122357257));
#11840=CARTESIAN_POINT('',(-43.1753808551909,-47.4175159639542,2.14670471584371));
#11841=CARTESIAN_POINT('',(-42.9908206307145,-47.4274288990238,2.29412804117159));
#11842=CARTESIAN_POINT('',(-42.794398288363,-47.4313250826265,2.41786052737288));
#11843=CARTESIAN_POINT('',(-42.5884883010254,-47.4282016435583,2.51864401422452));
#11844=CARTESIAN_POINT('',(-42.3740109077016,-47.4172245762428,2.59726134610525));
#11845=CARTESIAN_POINT('',(-42.1475837100981,-47.3975494816723,2.65530079419631));
#11846=CARTESIAN_POINT('',(-41.908448680318,-47.3679928288444,2.69174860788632));
#11847=CARTESIAN_POINT('',(-41.743071041368,-47.3422412261398,2.7));
#11848=CARTESIAN_POINT('',(-41.6585332840895,-47.3272076572302,2.7));
#11849=CARTESIAN_POINT('',(-37.8271288968917,-46.4210044189896,1.5));
#11850=CARTESIAN_POINT('',(-37.8271288968917,-46.4210044189896,1.5));
#11851=VECTOR('',#11852,1.);
#11852=DIRECTION('',(-0.541675220429266,0.454519477660652,0.707106781186544));
#11853=CARTESIAN_POINT('',(-41.4524598026421,-48.5093809610408,1.5));
#11854=CARTESIAN_POINT('',(-41.4524598026421,-48.5093809610408,1.5));
#11855=CARTESIAN_POINT('',(-41.4686222044049,-48.4166614345631,1.594117659453));
#11856=CARTESIAN_POINT('',(-41.5009470032684,-48.2312223766009,1.78235298249116));
#11857=CARTESIAN_POINT('',(-41.5507812213393,-47.9453372090342,2.07254908571323));
#11858=CARTESIAN_POINT('',(-41.6033085810137,-47.6439987236881,2.37843142626581));
#11859=CARTESIAN_POINT('',(-41.6396754517694,-47.4353801024681,2.59019610322509));
#11860=CARTESIAN_POINT('',(-41.6585332840896,-47.3272076572299,2.7));
#11861=AXIS2_PLACEMENT_3D('',#11862,#11863,#11864);
#11862=CARTESIAN_POINT('',(-42.5,-42.5,1.5));
#11863=DIRECTION('',(0.,0.,-1.));
#11864=DIRECTION('',(0.7660444431325,-0.642787609670425,0.));
#11865=CARTESIAN_POINT('',(-17.3954008565091,-22.0714191229154,1.5));
#11866=CARTESIAN_POINT('',(-17.3954008565091,-22.0714191229154,1.5));
#11867=VECTOR('',#11868,1.);
#11868=DIRECTION('',(-0.541675219859441,0.454519478339738,0.707106781186547));
#11869=CARTESIAN_POINT('',(-17.3954008565091,-22.0714191229154,1.5));
#11870=VECTOR('',#11871,1.);
#11871=DIRECTION('',(-0.642787609670424,-0.766044443132501,0.));
#11872=CARTESIAN_POINT('',(-6.51970740368832,-17.,1.5));
#11873=CARTESIAN_POINT('',(-6.51970740368832,-17.,1.5));
#11874=VECTOR('',#11875,1.);
#11875=DIRECTION('',(2.89503591451019E-10,0.707106781186548,0.707106781186546));
#11876=AXIS2_PLACEMENT_3D('',#11877,#11878,#11879);
#11877=CARTESIAN_POINT('',(-6.51970741531356,-31.1972095242992,1.5));
#11878=DIRECTION('',(0.,0.,1.));
#11879=DIRECTION('',(8.18840371387739E-10,1.,0.));
#11880=CARTESIAN_POINT('',(6.51970740368832,-17.,1.5));
#11881=VECTOR('',#11882,1.);
#11882=DIRECTION('',(-1.,0.,-3.40574493878999E-17));
#11883=CARTESIAN_POINT('',(19.9,-8.49999999999999,0.400000000000002));
#11884=CARTESIAN_POINT('',(20.3,-8.9,5.9211894646675E-16));
#11885=CARTESIAN_POINT('',(20.3,-8.9,8.88178419700125E-16));
#11886=VECTOR('',#11887,1.);
#11887=DIRECTION('',(-0.577350269189626,0.577350269189626,0.577350269189625));
#11888=CARTESIAN_POINT('',(19.9,-8.49999999999999,2.7));
#11889=VECTOR('',#11890,1.);
#11890=DIRECTION('',(0.,0.,-1.));
#11891=CARTESIAN_POINT('',(20.5,-9.09999999999999,2.22044604925031E-16));
#11892=CARTESIAN_POINT('',(20.5,-9.09999999999999,2.7));
#11893=VECTOR('',#11894,1.);
#11894=DIRECTION('',(0.,0.,-1.));
#11895=CARTESIAN_POINT('',(20.3,-8.9,8.88178419700125E-16));
#11896=VECTOR('',#11897,1.);
#11897=DIRECTION('',(0.707106781186554,-0.707106781186541,0.));
#11898=CARTESIAN_POINT('',(16.8,-8.49999999999999,0.4));
#11899=CARTESIAN_POINT('',(16.8,-8.49999999999999,0.4));
#11900=VECTOR('',#11901,1.);
#11901=DIRECTION('',(1.,5.73018335290402E-16,0.));
#11902=CARTESIAN_POINT('',(17.5,-8.49999999999999,1.1));
#11903=CARTESIAN_POINT('',(16.8,-8.49999999999999,0.4));
#11904=VECTOR('',#11905,1.);
#11905=DIRECTION('',(0.707106781186547,0.,0.707106781186548));
#11906=CARTESIAN_POINT('',(18.5,-8.49999999999999,1.1));
#11907=CARTESIAN_POINT('',(18.5,-8.49999999999999,1.1));
#11908=VECTOR('',#11909,1.);
#11909=DIRECTION('',(-1.,0.,0.));
#11910=CARTESIAN_POINT('',(19.1,-8.49999999999999,1.7));
#11911=CARTESIAN_POINT('',(18.5,-8.49999999999999,1.1));
#11912=VECTOR('',#11913,1.);
#11913=DIRECTION('',(0.707106781186549,0.,0.707106781186546));
#11914=CARTESIAN_POINT('',(19.1,-8.49999999999999,2.1));
#11915=CARTESIAN_POINT('',(19.1,-8.49999999999999,2.1));
#11916=VECTOR('',#11917,1.);
#11917=DIRECTION('',(0.,0.,-1.));
#11918=CARTESIAN_POINT('',(19.1,-8.49999999999999,2.1));
#11919=VECTOR('',#11920,1.);
#11920=DIRECTION('',(-0.707106781186549,0.,0.707106781186546));
#11921=CARTESIAN_POINT('',(19.1,8.49999999999999,2.1));
#11922=CARTESIAN_POINT('',(19.1,8.49999999999999,2.1));
#11923=VECTOR('',#11924,1.);
#11924=DIRECTION('',(4.17966315153E-16,-1.,1.82860262879438E-16));
#11925=CARTESIAN_POINT('',(19.1,8.49999999999999,2.1));
#11926=VECTOR('',#11927,1.);
#11927=DIRECTION('',(-0.707106781186549,0.,0.707106781186546));
#11928=CARTESIAN_POINT('',(16.8,8.49999999999999,0.400000000000001));
#11929=CARTESIAN_POINT('',(19.9,8.49999999999999,0.400000000000002));
#11930=CARTESIAN_POINT('',(16.8,8.49999999999999,0.400000000000001));
#11931=VECTOR('',#11932,1.);
#11932=DIRECTION('',(1.,0.,0.));
#11933=CARTESIAN_POINT('',(19.9,8.49999999999999,2.7));
#11934=VECTOR('',#11935,1.);
#11935=DIRECTION('',(0.,0.,-1.));
#11936=CARTESIAN_POINT('',(19.1,8.49999999999999,1.7));
#11937=CARTESIAN_POINT('',(19.1,8.49999999999999,2.1));
#11938=VECTOR('',#11939,1.);
#11939=DIRECTION('',(0.,0.,-1.));
#11940=CARTESIAN_POINT('',(18.5,8.49999999999999,1.1));
#11941=CARTESIAN_POINT('',(18.5,8.49999999999999,1.1));
#11942=VECTOR('',#11943,1.);
#11943=DIRECTION('',(0.70710678118655,0.,0.707106781186546));
#11944=CARTESIAN_POINT('',(17.5,8.49999999999999,1.1));
#11945=CARTESIAN_POINT('',(18.5,8.49999999999999,1.1));
#11946=VECTOR('',#11947,1.);
#11947=DIRECTION('',(-1.,0.,0.));
#11948=CARTESIAN_POINT('',(16.8,8.49999999999999,0.4));
#11949=VECTOR('',#11950,1.);
#11950=DIRECTION('',(0.707106781186547,0.,0.707106781186548));
#11951=CARTESIAN_POINT('',(20.3,8.9,5.9211894646675E-16));
#11952=CARTESIAN_POINT('',(19.9,8.49999999999999,0.400000000000003));
#11953=VECTOR('',#11954,1.);
#11954=DIRECTION('',(0.577350269189622,0.577350269189627,-0.577350269189628));
#11955=CARTESIAN_POINT('',(20.5,9.09999999999999,2.22044604925031E-16));
#11956=CARTESIAN_POINT('',(20.3,8.9,8.88178419700125E-16));
#11957=VECTOR('',#11958,1.);
#11958=DIRECTION('',(0.707106781186554,0.707106781186541,0.));
#11959=CARTESIAN_POINT('',(20.5,9.09999999999999,2.7));
#11960=VECTOR('',#11961,1.);
#11961=DIRECTION('',(0.,0.,-1.));
#11962=CARTESIAN_POINT('',(20.5,12.9418876171932,7.40148683083438E-16));
#11963=CARTESIAN_POINT('',(20.5,12.9418876171932,0.));
#11964=VECTOR('',#11965,1.);
#11965=DIRECTION('',(0.,-1.,0.));
#11966=CARTESIAN_POINT('',(20.5,12.9418876171932,1.33226762955019E-15));
#11967=VECTOR('',#11968,1.);
#11968=DIRECTION('',(0.,0.,1.));
#11969=CARTESIAN_POINT('',(23.0980762113378,14.44188761722,7.40148683083438E-16));
#11970=AXIS2_PLACEMENT_3D('',#11971,#11972,#11973);
#11971=CARTESIAN_POINT('',(22.2320508075792,12.9418876171932,0.));
#11972=DIRECTION('',(0.,0.,-1.));
#11973=DIRECTION('',(-1.,-2.05116019879692E-15,0.));
#11974=CARTESIAN_POINT('',(23.0980762113378,14.44188761722,1.33226762955019E-15));
#11975=VECTOR('',#11976,1.);
#11976=DIRECTION('',(0.,0.,1.));
#11977=CARTESIAN_POINT('',(31.1404690648635,9.79860993852972,0.));
#11978=CARTESIAN_POINT('',(31.1404690648635,9.79860993852972,0.));
#11979=VECTOR('',#11980,1.);
#11980=DIRECTION('',(-0.866025403794764,0.499999999982116,0.));
#11981=CARTESIAN_POINT('',(31.1404690648634,9.79860993852972,0.));
#11982=VECTOR('',#11983,1.);
#11983=DIRECTION('',(0.,0.,1.));
#11984=CARTESIAN_POINT('',(32.394736905226,7.07339211531877,-1.11022302462516E-16));
#11985=AXIS2_PLACEMENT_3D('',#11986,#11987,#11988);
#11986=CARTESIAN_POINT('',(29.8421229440577,7.54980849137695,0.));
#11987=DIRECTION('',(0.,0.,-1.));
#11988=DIRECTION('',(0.499999999982117,0.866025403794763,0.));
#11989=CARTESIAN_POINT('',(32.394736905226,7.07339211531877,-3.33066907387547E-16));
#11990=VECTOR('',#11991,1.);
#11991=DIRECTION('',(0.,0.,1.));
#11992=CARTESIAN_POINT('',(32.394736905226,-7.07339211531878,-1.11022302462516E-16));
#11993=CARTESIAN_POINT('',(32.394736905226,-7.07339211531877,-3.33066907387547E-16));
#11994=VECTOR('',#11995,1.);
#11995=DIRECTION('',(0.,0.,1.));
#11996=AXIS2_PLACEMENT_3D('',#11997,#11998,#11999);
#11997=CARTESIAN_POINT('',(70.2936009530387,-5.82224936234316E-15,0.));
#11998=DIRECTION('',(0.,0.,-1.));
#11999=DIRECTION('',(-0.983025219612798,-0.183470481563682,0.));
#12000=CARTESIAN_POINT('',(31.1404690648635,-9.79860993852972,0.));
#12001=CARTESIAN_POINT('',(31.1404690648634,-9.79860993852972,0.));
#12002=VECTOR('',#12003,1.);
#12003=DIRECTION('',(0.,0.,1.));
#12004=AXIS2_PLACEMENT_3D('',#12005,#12006,#12007);
#12005=CARTESIAN_POINT('',(29.8421229440577,-7.54980849137695,0.));
#12006=DIRECTION('',(0.,0.,1.));
#12007=DIRECTION('',(0.499999999982117,-0.866025403794763,0.));
#12008=CARTESIAN_POINT('',(23.0980762113378,-14.44188761722,7.40148683083438E-16));
#12009=CARTESIAN_POINT('',(23.0980762113378,-14.44188761722,1.33226762955019E-15));
#12010=VECTOR('',#12011,1.);
#12011=DIRECTION('',(0.,0.,1.));
#12012=CARTESIAN_POINT('',(31.1404690648635,-9.79860993852972,0.));
#12013=VECTOR('',#12014,1.);
#12014=DIRECTION('',(-0.866025403794764,-0.499999999982116,0.));
#12015=CARTESIAN_POINT('',(20.5,-12.9418876171932,7.40148683083438E-16));
#12016=AXIS2_PLACEMENT_3D('',#12017,#12018,#12019);
#12017=CARTESIAN_POINT('',(22.2320508075792,-12.9418876171932,0.));
#12018=DIRECTION('',(0.,0.,1.));
#12019=DIRECTION('',(-1.,2.05116019879692E-15,0.));
#12020=CARTESIAN_POINT('',(20.5,-12.9418876171932,1.33226762955019E-15));
#12021=VECTOR('',#12022,1.);
#12022=DIRECTION('',(0.,0.,1.));
#12023=CARTESIAN_POINT('',(20.5,-12.9418876171932,0.));
#12024=VECTOR('',#12025,1.);
#12025=DIRECTION('',(0.,1.,0.));
#12026=CARTESIAN_POINT('',(34.1730123887449,-35.843302634864,-1.48029736616688E-16));
#12027=CARTESIAN_POINT('',(34.1730123887449,-35.843302634864,2.7));
#12028=VECTOR('',#12029,1.);
#12029=DIRECTION('',(0.,0.,-1.));
#12030=CARTESIAN_POINT('',(37.1274356477707,-36.3642471679264,1.48029736616688E-15));
#12031=CARTESIAN_POINT('',(37.1274356477706,-36.3642471679264,2.7));
#12032=VECTOR('',#12033,1.);
#12033=DIRECTION('',(0.,0.,-1.));
#12034=AXIS2_PLACEMENT_3D('',#12035,#12036,#12037);
#12035=CARTESIAN_POINT('',(35.9606427776673,-34.343302634902,0.));
#12036=DIRECTION('',(0.,0.,1.));
#12037=DIRECTION('',(-0.766044443132503,-0.642787609670421,0.));
#12038=CARTESIAN_POINT('',(21.266774363848,-20.46224710116,0.));
#12039=CARTESIAN_POINT('',(21.266774363848,-20.46224710116,0.));
#12040=VECTOR('',#12041,1.);
#12041=DIRECTION('',(0.642787609670424,-0.766044443132501,0.));
#12042=CARTESIAN_POINT('',(21.266774363848,-20.46224710116,0.));
#12043=CARTESIAN_POINT('',(21.266774363848,-20.46224710116,0.9));
#12044=CARTESIAN_POINT('',(21.266774363848,-20.46224710116,1.8));
#12045=CARTESIAN_POINT('',(21.266774363848,-20.46224710116,2.7));
#12046=CARTESIAN_POINT('',(21.7877188969103,-17.5078238421342,0.));
#12047=CARTESIAN_POINT('',(21.7877188969103,-17.5078238421342,0.));
#12048=CARTESIAN_POINT('',(21.7877188969103,-17.5078238421342,0.9));
#12049=CARTESIAN_POINT('',(21.7877188969103,-17.5078238421342,1.8));
#12050=CARTESIAN_POINT('',(21.7877188969103,-17.5078238421342,2.7));
#12051=CARTESIAN_POINT('',(21.7877188969103,-17.5078238421342,0.));
#12052=CARTESIAN_POINT('',(19.7667743638859,-18.6746167122375,0.));
#12053=CARTESIAN_POINT('',(21.266774363848,-20.46224710116,0.));
#12054=CARTESIAN_POINT('',(31.21452205411,-12.0652565019869,0.));
#12055=CARTESIAN_POINT('',(31.21452205411,-12.0652565019869,0.));
#12056=VECTOR('',#12057,1.);
#12057=DIRECTION('',(0.,0.,1.));
#12058=CARTESIAN_POINT('',(21.7877188969103,-17.5078238421342,0.));
#12059=VECTOR('',#12060,1.);
#12060=DIRECTION('',(0.866025403794764,0.499999999982117,0.));
#12061=CARTESIAN_POINT('',(34.0323075852587,-13.0948606494088,-1.11022302462516E-16));
#12062=AXIS2_PLACEMENT_3D('',#12063,#12064,#12065);
#12063=CARTESIAN_POINT('',(32.1925464487975,-13.7592444447083,0.));
#12064=DIRECTION('',(0.,0.,1.));
#12065=DIRECTION('',(0.940549717567679,0.339656044820874,0.));
#12066=CARTESIAN_POINT('',(34.0323075852587,-13.0948606494088,-3.33066907387547E-16));
#12067=VECTOR('',#12068,1.);
#12068=DIRECTION('',(0.,0.,1.));
#12069=CARTESIAN_POINT('',(34.0652606655566,-13.1857548948114,-4.44089209850063E-16));
#12070=AXIS2_PLACEMENT_3D('',#12071,#12072,#12073);
#12071=CARTESIAN_POINT('',(70.2936009530387,-2.78621724483807E-15,0.));
#12072=DIRECTION('',(0.,0.,1.));
#12073=DIRECTION('',(-0.940549717567679,-0.339656044820873,0.));
#12074=CARTESIAN_POINT('',(34.0652606655566,-13.1857548948114,-4.44089209850063E-16));
#12075=VECTOR('',#12076,1.);
#12076=DIRECTION('',(0.,0.,1.));
#12077=CARTESIAN_POINT('',(40.8986247825502,-31.9602685090206,-1.48029736616688E-16));
#12078=CARTESIAN_POINT('',(40.8986247825502,-31.9602685090206,-4.44089209850063E-16));
#12079=VECTOR('',#12080,1.);
#12080=DIRECTION('',(0.,0.,1.));
#12081=CARTESIAN_POINT('',(34.0652700883035,-13.1857807862698,0.));
#12082=CARTESIAN_POINT('',(34.0652700883035,-13.1857807862698,0.));
#12083=VECTOR('',#12084,1.);
#12084=DIRECTION('',(0.,0.,1.));
#12085=CARTESIAN_POINT('',(40.8986247825502,-31.9602685090206,0.));
#12086=VECTOR('',#12087,1.);
#12087=DIRECTION('',(-0.342020143306626,0.939692620792839,0.));
#12088=CARTESIAN_POINT('',(39.8725643525155,-34.7793463713574,3.10862446895044E-15));
#12089=AXIS2_PLACEMENT_3D('',#12090,#12091,#12092);
#12090=CARTESIAN_POINT('',(38.7057714824122,-32.7584018383329,0.));
#12091=DIRECTION('',(0.,0.,1.));
#12092=DIRECTION('',(0.499999999982108,-0.866025403794769,0.));
#12093=CARTESIAN_POINT('',(39.8725643525155,-34.7793463713574,3.99680288865056E-15));
#12094=VECTOR('',#12095,1.);
#12095=DIRECTION('',(0.,0.,1.));
#12096=CARTESIAN_POINT('',(41.9830889323129,-33.5608344371381,-6.4));
#12097=CARTESIAN_POINT('',(35.0169110679733,-37.5827591021456,-6.4));
#12098=CARTESIAN_POINT('',(41.9830889323129,-33.5608344371381,-6.4));
#12099=VECTOR('',#12100,1.);
#12100=DIRECTION('',(-0.866025403794763,-0.499999999982117,0.));
#12101=CARTESIAN_POINT('',(35.0169110679733,-37.5827591021456,0.));
#12102=CARTESIAN_POINT('',(35.0169110679733,-37.5827591021456,-6.4));
#12103=VECTOR('',#12104,1.);
#12104=DIRECTION('',(0.,0.,1.));
#12105=CARTESIAN_POINT('',(37.1274356477707,-36.3642471679264,1.77635683940025E-15));
#12106=VECTOR('',#12107,1.);
#12107=DIRECTION('',(-0.866025403794762,-0.49999999998212,-7.28904161482391E-16));
#12108=CARTESIAN_POINT('',(41.9830889323129,-33.5608344371381,1.33226762955019E-15));
#12109=CARTESIAN_POINT('',(41.9830889323129,-33.5608344371381,0.));
#12110=VECTOR('',#12111,1.);
#12111=DIRECTION('',(-0.866025403794763,-0.499999999982117,1.45780832296479E-15));
#12112=CARTESIAN_POINT('',(41.9830889323129,-33.5608344371381,3.10862446895044E-15));
#12113=VECTOR('',#12114,1.);
#12114=DIRECTION('',(0.,0.,-1.));
#12115=CARTESIAN_POINT('',(41.9830889323129,33.5608344371381,1.33226762955019E-15));
#12116=CARTESIAN_POINT('',(41.9830889323129,33.5608344371381,-6.4));
#12117=CARTESIAN_POINT('',(41.9830889323129,33.5608344371381,3.10862446895044E-15));
#12118=VECTOR('',#12119,1.);
#12119=DIRECTION('',(0.,0.,-1.));
#12120=CARTESIAN_POINT('',(39.8725643525155,34.7793463713574,3.10862446895044E-15));
#12121=CARTESIAN_POINT('',(41.9830889323129,33.5608344371381,0.));
#12122=VECTOR('',#12123,1.);
#12123=DIRECTION('',(-0.866025403794765,0.499999999982115,1.45780832296479E-15));
#12124=CARTESIAN_POINT('',(39.8725643525155,34.7793463713573,3.99680288865056E-15));
#12125=VECTOR('',#12126,1.);
#12126=DIRECTION('',(0.,0.,1.));
#12127=CARTESIAN_POINT('',(37.1274356477707,36.3642471679264,1.48029736616688E-15));
#12128=CARTESIAN_POINT('',(37.1274356477707,36.3642471679264,2.7));
#12129=VECTOR('',#12130,1.);
#12130=DIRECTION('',(0.,0.,-1.));
#12131=CARTESIAN_POINT('',(35.0169110679733,37.5827591021456,0.));
#12132=CARTESIAN_POINT('',(37.1274356477707,36.3642471679264,1.77635683940025E-15));
#12133=VECTOR('',#12134,1.);
#12134=DIRECTION('',(-0.866025403794762,0.499999999982119,-7.28904161482394E-16));
#12135=CARTESIAN_POINT('',(35.0169110679733,37.5827591021456,-6.4));
#12136=CARTESIAN_POINT('',(35.0169110679733,37.5827591021456,-6.4));
#12137=VECTOR('',#12138,1.);
#12138=DIRECTION('',(0.,0.,1.));
#12139=CARTESIAN_POINT('',(41.9830889323129,33.5608344371381,-6.4));
#12140=VECTOR('',#12141,1.);
#12141=DIRECTION('',(-0.866025403794764,0.499999999982116,0.));
#12142=CARTESIAN_POINT('',(40.8986247825502,31.9602685090206,-1.48029736616688E-16));
#12143=AXIS2_PLACEMENT_3D('',#12144,#12145,#12146);
#12144=CARTESIAN_POINT('',(38.7057714824122,32.7584018383329,0.));
#12145=DIRECTION('',(0.,0.,-1.));
#12146=DIRECTION('',(0.499999999982108,0.866025403794769,0.));
#12147=CARTESIAN_POINT('',(40.8986247825502,31.9602685090206,-4.44089209850063E-16));
#12148=VECTOR('',#12149,1.);
#12149=DIRECTION('',(0.,0.,1.));
#12150=CARTESIAN_POINT('',(34.0652700883035,13.1857807862698,0.));
#12151=CARTESIAN_POINT('',(40.8986247825502,31.9602685090206,0.));
#12152=VECTOR('',#12153,1.);
#12153=DIRECTION('',(-0.342020143306626,-0.939692620792839,0.));
#12154=CARTESIAN_POINT('',(34.0652700883035,13.1857807862698,0.));
#12155=VECTOR('',#12156,1.);
#12156=DIRECTION('',(0.,0.,1.));
#12157=CARTESIAN_POINT('',(34.0652606655566,13.1857548948114,-4.44089209850063E-16));
#12158=CARTESIAN_POINT('',(34.0652606655566,13.1857548948114,-4.44089209850063E-16));
#12159=VECTOR('',#12160,1.);
#12160=DIRECTION('',(0.,0.,1.));
#12161=CARTESIAN_POINT('',(34.0323075852587,13.0948606494088,-1.11022302462516E-16));
#12162=AXIS2_PLACEMENT_3D('',#12163,#12164,#12165);
#12163=CARTESIAN_POINT('',(70.2936009530387,-5.82224936234316E-15,0.));
#12164=DIRECTION('',(0.,0.,-1.));
#12165=DIRECTION('',(-0.940549717567679,0.339656044820873,0.));
#12166=CARTESIAN_POINT('',(34.0323075852587,13.0948606494088,-3.33066907387547E-16));
#12167=VECTOR('',#12168,1.);
#12168=DIRECTION('',(0.,0.,1.));
#12169=CARTESIAN_POINT('',(31.21452205411,12.0652565019869,0.));
#12170=AXIS2_PLACEMENT_3D('',#12171,#12172,#12173);
#12171=CARTESIAN_POINT('',(32.1925464487975,13.7592444447083,0.));
#12172=DIRECTION('',(0.,0.,-1.));
#12173=DIRECTION('',(0.940549717567679,-0.339656044820874,0.));
#12174=CARTESIAN_POINT('',(31.21452205411,12.0652565019869,0.));
#12175=VECTOR('',#12176,1.);
#12176=DIRECTION('',(0.,0.,1.));
#12177=CARTESIAN_POINT('',(21.7877188969103,17.5078238421342,0.));
#12178=CARTESIAN_POINT('',(21.7877188969103,17.5078238421342,0.));
#12179=VECTOR('',#12180,1.);
#12180=DIRECTION('',(0.866025403794764,-0.499999999982116,0.));
#12181=CARTESIAN_POINT('',(21.7877188969103,17.5078238421342,0.));
#12182=CARTESIAN_POINT('',(21.7877188969103,17.5078238421342,0.9));
#12183=CARTESIAN_POINT('',(21.7877188969103,17.5078238421342,1.8));
#12184=CARTESIAN_POINT('',(21.7877188969103,17.5078238421342,2.7));
#12185=CARTESIAN_POINT('',(21.266774363848,20.46224710116,0.));
#12186=CARTESIAN_POINT('',(21.7877188969103,17.5078238421342,0.));
#12187=CARTESIAN_POINT('',(19.7667743638859,18.6746167122375,0.));
#12188=CARTESIAN_POINT('',(21.266774363848,20.46224710116,0.));
#12189=CARTESIAN_POINT('',(21.266774363848,20.46224710116,0.));
#12190=CARTESIAN_POINT('',(21.266774363848,20.46224710116,0.9));
#12191=CARTESIAN_POINT('',(21.266774363848,20.46224710116,1.8));
#12192=CARTESIAN_POINT('',(21.266774363848,20.46224710116,2.7));
#12193=CARTESIAN_POINT('',(34.1730123887449,35.843302634864,-1.48029736616688E-16));
#12194=CARTESIAN_POINT('',(21.266774363848,20.46224710116,0.));
#12195=VECTOR('',#12196,1.);
#12196=DIRECTION('',(0.642787609670424,0.7660444431325,0.));
#12197=CARTESIAN_POINT('',(34.1730123887449,35.843302634864,2.7));
#12198=VECTOR('',#12199,1.);
#12199=DIRECTION('',(0.,0.,-1.));
#12200=AXIS2_PLACEMENT_3D('',#12201,#12202,#12203);
#12201=CARTESIAN_POINT('',(35.9606427776673,34.343302634902,0.));
#12202=DIRECTION('',(0.,0.,-1.));
#12203=DIRECTION('',(-0.766044443132503,0.642787609670421,0.));
#12204=CARTESIAN_POINT('',(-20.5,-12.9418876171932,7.40148683083438E-16));
#12205=CARTESIAN_POINT('',(-20.5,-9.1,2.22044604925031E-16));
#12206=CARTESIAN_POINT('',(-20.5,-12.9418876171932,0.));
#12207=VECTOR('',#12208,1.);
#12208=DIRECTION('',(-9.24731286490893E-16,1.,0.));
#12209=CARTESIAN_POINT('',(-20.5,-12.9418876171932,1.33226762955019E-15));
#12210=VECTOR('',#12211,1.);
#12211=DIRECTION('',(0.,0.,1.));
#12212=CARTESIAN_POINT('',(-20.5,-9.1,2.7));
#12213=VECTOR('',#12214,1.);
#12214=DIRECTION('',(0.,0.,-1.));
#12215=CARTESIAN_POINT('',(-23.0980762113378,-14.44188761722,7.40148683083438E-16));
#12216=AXIS2_PLACEMENT_3D('',#12217,#12218,#12219);
#12217=CARTESIAN_POINT('',(-22.2320508075792,-12.9418876171932,0.));
#12218=DIRECTION('',(0.,0.,-1.));
#12219=DIRECTION('',(1.,2.05116019879692E-15,0.));
#12220=CARTESIAN_POINT('',(-23.0980762113378,-14.44188761722,1.33226762955019E-15));
#12221=VECTOR('',#12222,1.);
#12222=DIRECTION('',(0.,0.,1.));
#12223=CARTESIAN_POINT('',(-31.1404690648635,-9.79860993852972,0.));
#12224=CARTESIAN_POINT('',(-31.1404690648635,-9.79860993852972,0.));
#12225=VECTOR('',#12226,1.);
#12226=DIRECTION('',(0.866025403794764,-0.499999999982116,0.));
#12227=CARTESIAN_POINT('',(-31.1404690648634,-9.79860993852972,0.));
#12228=VECTOR('',#12229,1.);
#12229=DIRECTION('',(0.,0.,1.));
#12230=CARTESIAN_POINT('',(-32.394736905226,-7.07339211531878,-1.11022302462516E-16));
#12231=AXIS2_PLACEMENT_3D('',#12232,#12233,#12234);
#12232=CARTESIAN_POINT('',(-29.8421229440577,-7.54980849137695,0.));
#12233=DIRECTION('',(0.,0.,-1.));
#12234=DIRECTION('',(-0.499999999982117,-0.866025403794763,0.));
#12235=CARTESIAN_POINT('',(-32.394736905226,-7.07339211531878,-3.33066907387547E-16));
#12236=VECTOR('',#12237,1.);
#12237=DIRECTION('',(0.,0.,1.));
#12238=CARTESIAN_POINT('',(-32.394736905226,7.07339211531877,-1.11022302462516E-16));
#12239=AXIS2_PLACEMENT_3D('',#12240,#12241,#12242);
#12240=CARTESIAN_POINT('',(-70.2936009530387,-1.44307327031112E-14,0.));
#12241=DIRECTION('',(0.,0.,1.));
#12242=DIRECTION('',(0.983025219612798,-0.183470481563682,0.));
#12243=CARTESIAN_POINT('',(-32.394736905226,7.07339211531877,-3.33066907387547E-16));
#12244=VECTOR('',#12245,1.);
#12245=DIRECTION('',(0.,0.,1.));
#12246=CARTESIAN_POINT('',(-31.1404690648635,9.79860993852971,0.));
#12247=CARTESIAN_POINT('',(-31.1404690648635,9.79860993852971,0.));
#12248=VECTOR('',#12249,1.);
#12249=DIRECTION('',(0.,0.,1.));
#12250=AXIS2_PLACEMENT_3D('',#12251,#12252,#12253);
#12251=CARTESIAN_POINT('',(-29.8421229440577,7.54980849137694,0.));
#12252=DIRECTION('',(0.,0.,1.));
#12253=DIRECTION('',(-0.499999999982117,0.866025403794763,0.));
#12254=CARTESIAN_POINT('',(-23.0980762113378,14.44188761722,7.40148683083438E-16));
#12255=CARTESIAN_POINT('',(-23.0980762113378,14.44188761722,1.33226762955019E-15));
#12256=VECTOR('',#12257,1.);
#12257=DIRECTION('',(0.,0.,1.));
#12258=CARTESIAN_POINT('',(-31.1404690648635,9.79860993852971,0.));
#12259=VECTOR('',#12260,1.);
#12260=DIRECTION('',(0.866025403794764,0.499999999982116,0.));
#12261=CARTESIAN_POINT('',(-20.5,12.9418876171932,7.40148683083438E-16));
#12262=AXIS2_PLACEMENT_3D('',#12263,#12264,#12265);
#12263=CARTESIAN_POINT('',(-22.2320508075792,12.9418876171932,0.));
#12264=DIRECTION('',(0.,0.,1.));
#12265=DIRECTION('',(1.,-2.05116019879692E-15,0.));
#12266=CARTESIAN_POINT('',(-20.5,12.9418876171932,1.33226762955019E-15));
#12267=VECTOR('',#12268,1.);
#12268=DIRECTION('',(0.,0.,1.));
#12269=CARTESIAN_POINT('',(-20.5,9.09999999999999,2.22044604925031E-16));
#12270=CARTESIAN_POINT('',(-20.5,9.09999999999999,2.7));
#12271=VECTOR('',#12272,1.);
#12272=DIRECTION('',(0.,0.,-1.));
#12273=CARTESIAN_POINT('',(-20.5,12.9418876171932,0.));
#12274=VECTOR('',#12275,1.);
#12275=DIRECTION('',(0.,-1.,0.));
#12276=CARTESIAN_POINT('',(-19.9,8.49999999999999,0.400000000000001));
#12277=CARTESIAN_POINT('',(-20.3,8.89999999999999,5.9211894646675E-16));
#12278=CARTESIAN_POINT('',(-20.3,8.89999999999999,8.88178419700125E-16));
#12279=VECTOR('',#12280,1.);
#12280=DIRECTION('',(0.577350269189627,-0.577350269189625,0.577350269189626));
#12281=CARTESIAN_POINT('',(-19.9,8.49999999999999,2.7));
#12282=VECTOR('',#12283,1.);
#12283=DIRECTION('',(0.,0.,-1.));
#12284=CARTESIAN_POINT('',(-20.3,8.89999999999999,8.88178419700125E-16));
#12285=VECTOR('',#12286,1.);
#12286=DIRECTION('',(-0.707106781186551,0.707106781186544,0.));
#12287=CARTESIAN_POINT('',(-16.8,8.49999999999999,0.4));
#12288=CARTESIAN_POINT('',(-16.8,8.49999999999999,0.399999999999999));
#12289=VECTOR('',#12290,1.);
#12290=DIRECTION('',(-1.,-5.73018335290402E-16,0.));
#12291=CARTESIAN_POINT('',(-17.5,8.49999999999999,1.1));
#12292=CARTESIAN_POINT('',(-16.8,8.49999999999999,0.4));
#12293=VECTOR('',#12294,1.);
#12294=DIRECTION('',(-0.707106781186547,-1.79439138135289E-15,0.707106781186548));
#12295=CARTESIAN_POINT('',(-18.5,8.49999999999999,1.1));
#12296=CARTESIAN_POINT('',(-18.5,8.49999999999999,1.1));
#12297=VECTOR('',#12298,1.);
#12298=DIRECTION('',(1.,0.,0.));
#12299=CARTESIAN_POINT('',(-19.1,8.49999999999999,1.7));
#12300=CARTESIAN_POINT('',(-18.5,8.49999999999999,1.1));
#12301=VECTOR('',#12302,1.);
#12302=DIRECTION('',(-0.70710678118655,0.,0.707106781186546));
#12303=CARTESIAN_POINT('',(-19.1,8.49999999999999,2.1));
#12304=CARTESIAN_POINT('',(-19.1,8.49999999999999,2.1));
#12305=VECTOR('',#12306,1.);
#12306=DIRECTION('',(0.,0.,-1.));
#12307=CARTESIAN_POINT('',(-19.1,8.49999999999999,2.1));
#12308=VECTOR('',#12309,1.);
#12309=DIRECTION('',(0.707106781186549,0.,0.707106781186546));
#12310=CARTESIAN_POINT('',(-19.1,-8.49999999999999,2.1));
#12311=CARTESIAN_POINT('',(-19.1,8.49999999999999,2.1));
#12312=VECTOR('',#12313,1.);
#12313=DIRECTION('',(-2.089831575765E-16,-1.,1.82860262879438E-16));
#12314=CARTESIAN_POINT('',(-19.1,-8.5,2.1));
#12315=VECTOR('',#12316,1.);
#12316=DIRECTION('',(0.707106781186549,0.,0.707106781186546));
#12317=CARTESIAN_POINT('',(-16.8,-8.5,0.4));
#12318=CARTESIAN_POINT('',(-19.9,-8.5,0.400000000000002));
#12319=CARTESIAN_POINT('',(-16.8,-8.5,0.4));
#12320=VECTOR('',#12321,1.);
#12321=DIRECTION('',(-1.,0.,0.));
#12322=CARTESIAN_POINT('',(-19.9,-8.5,2.7));
#12323=VECTOR('',#12324,1.);
#12324=DIRECTION('',(0.,0.,-1.));
#12325=CARTESIAN_POINT('',(-19.1,-8.5,1.7));
#12326=CARTESIAN_POINT('',(-19.1,-8.5,2.1));
#12327=VECTOR('',#12328,1.);
#12328=DIRECTION('',(0.,0.,-1.));
#12329=CARTESIAN_POINT('',(-18.5,-8.5,1.1));
#12330=CARTESIAN_POINT('',(-18.5,-8.5,1.1));
#12331=VECTOR('',#12332,1.);
#12332=DIRECTION('',(-0.707106781186549,0.,0.707106781186546));
#12333=CARTESIAN_POINT('',(-17.5,-8.49999999999999,1.1));
#12334=CARTESIAN_POINT('',(-18.5,-8.5,1.1));
#12335=VECTOR('',#12336,1.);
#12336=DIRECTION('',(1.,0.,0.));
#12337=CARTESIAN_POINT('',(-16.8,-8.5,0.4));
#12338=VECTOR('',#12339,1.);
#12339=DIRECTION('',(-0.707106781186547,1.79439138135289E-15,0.707106781186548));
#12340=CARTESIAN_POINT('',(-20.3,-8.9,5.9211894646675E-16));
#12341=CARTESIAN_POINT('',(-19.9,-8.5,0.400000000000003));
#12342=VECTOR('',#12343,1.);
#12343=DIRECTION('',(-0.577350269189627,-0.577350269189624,-0.577350269189627));
#12344=CARTESIAN_POINT('',(-20.3,-8.9,8.88178419700125E-16));
#12345=VECTOR('',#12346,1.);
#12346=DIRECTION('',(-0.707106781186554,-0.707106781186541,0.));
#12347=CARTESIAN_POINT('',(-41.9830889323129,-33.5608344371381,1.33226762955019E-15));
#12348=CARTESIAN_POINT('',(-41.9830889323129,-33.5608344371381,-6.4));
#12349=CARTESIAN_POINT('',(-41.9830889323129,-33.5608344371381,3.10862446895044E-15));
#12350=VECTOR('',#12351,1.);
#12351=DIRECTION('',(0.,0.,-1.));
#12352=CARTESIAN_POINT('',(-39.8725643525155,-34.7793463713574,3.10862446895044E-15));
#12353=CARTESIAN_POINT('',(-41.9830889323129,-33.5608344371381,0.));
#12354=VECTOR('',#12355,1.);
#12355=DIRECTION('',(0.866025403794764,-0.499999999982116,1.45780832296479E-15));
#12356=CARTESIAN_POINT('',(-39.8725643525155,-34.7793463713574,3.99680288865056E-15));
#12357=VECTOR('',#12358,1.);
#12358=DIRECTION('',(0.,0.,1.));
#12359=CARTESIAN_POINT('',(-37.1274356477706,-36.3642471679264,1.48029736616688E-15));
#12360=CARTESIAN_POINT('',(-37.1274356477706,-36.3642471679264,2.7));
#12361=VECTOR('',#12362,1.);
#12362=DIRECTION('',(0.,0.,-1.));
#12363=CARTESIAN_POINT('',(-35.0169110679733,-37.5827591021456,0.));
#12364=CARTESIAN_POINT('',(-37.1274356477706,-36.3642471679264,1.77635683940025E-15));
#12365=VECTOR('',#12366,1.);
#12366=DIRECTION('',(0.866025403794762,-0.499999999982119,-7.28904161482394E-16));
#12367=CARTESIAN_POINT('',(-35.0169110679733,-37.5827591021456,-6.4));
#12368=CARTESIAN_POINT('',(-35.0169110679733,-37.5827591021456,-6.4));
#12369=VECTOR('',#12370,1.);
#12370=DIRECTION('',(0.,0.,1.));
#12371=CARTESIAN_POINT('',(-41.9830889323129,-33.5608344371381,-6.4));
#12372=VECTOR('',#12373,1.);
#12373=DIRECTION('',(0.866025403794764,-0.499999999982116,0.));
#12374=CARTESIAN_POINT('',(-40.8986247825502,-31.9602685090206,-1.48029736616688E-16));
#12375=AXIS2_PLACEMENT_3D('',#12376,#12377,#12378);
#12376=CARTESIAN_POINT('',(-38.7057714824122,-32.7584018383329,0.));
#12377=DIRECTION('',(0.,0.,-1.));
#12378=DIRECTION('',(-0.499999999982108,-0.866025403794769,0.));
#12379=CARTESIAN_POINT('',(-40.8986247825502,-31.9602685090206,-4.44089209850063E-16));
#12380=VECTOR('',#12381,1.);
#12381=DIRECTION('',(0.,0.,1.));
#12382=CARTESIAN_POINT('',(-34.0652700883035,-13.1857807862698,0.));
#12383=CARTESIAN_POINT('',(-40.8986247825502,-31.9602685090206,0.));
#12384=VECTOR('',#12385,1.);
#12385=DIRECTION('',(0.342020143306627,0.939692620792839,0.));
#12386=CARTESIAN_POINT('',(-34.0652700883035,-13.1857807862698,0.));
#12387=VECTOR('',#12388,1.);
#12388=DIRECTION('',(0.,0.,1.));
#12389=CARTESIAN_POINT('',(-34.0652606655566,-13.1857548948114,-4.44089209850063E-16));
#12390=CARTESIAN_POINT('',(-34.0652606655566,-13.1857548948114,-4.44089209850063E-16));
#12391=VECTOR('',#12392,1.);
#12392=DIRECTION('',(0.,0.,1.));
#12393=CARTESIAN_POINT('',(-34.0323075852587,-13.0948606494088,-1.11022302462516E-16));
#12394=AXIS2_PLACEMENT_3D('',#12395,#12396,#12397);
#12395=CARTESIAN_POINT('',(-70.2936009530387,-1.13947005856061E-14,0.));
#12396=DIRECTION('',(0.,0.,-1.));
#12397=DIRECTION('',(0.940549717567679,-0.339656044820873,0.));
#12398=CARTESIAN_POINT('',(-34.0323075852587,-13.0948606494088,-3.33066907387547E-16));
#12399=VECTOR('',#12400,1.);
#12400=DIRECTION('',(0.,0.,1.));
#12401=CARTESIAN_POINT('',(-31.21452205411,-12.0652565019869,0.));
#12402=AXIS2_PLACEMENT_3D('',#12403,#12404,#12405);
#12403=CARTESIAN_POINT('',(-32.1925464487975,-13.7592444447083,0.));
#12404=DIRECTION('',(0.,0.,-1.));
#12405=DIRECTION('',(-0.940549717567679,0.339656044820874,0.));
#12406=CARTESIAN_POINT('',(-31.21452205411,-12.0652565019869,0.));
#12407=VECTOR('',#12408,1.);
#12408=DIRECTION('',(0.,0.,1.));
#12409=CARTESIAN_POINT('',(-21.7877188969103,-17.5078238421342,0.));
#12410=CARTESIAN_POINT('',(-21.7877188969103,-17.5078238421342,0.));
#12411=VECTOR('',#12412,1.);
#12412=DIRECTION('',(-0.866025403794764,0.499999999982116,0.));
#12413=CARTESIAN_POINT('',(-21.7877188969103,-17.5078238421342,0.));
#12414=CARTESIAN_POINT('',(-21.7877188969103,-17.5078238421342,0.9));
#12415=CARTESIAN_POINT('',(-21.7877188969103,-17.5078238421342,1.8));
#12416=CARTESIAN_POINT('',(-21.7877188969103,-17.5078238421342,2.7));
#12417=CARTESIAN_POINT('',(-21.2667743638479,-20.46224710116,0.));
#12418=CARTESIAN_POINT('',(-21.7877188969103,-17.5078238421342,0.));
#12419=CARTESIAN_POINT('',(-19.7667743638859,-18.6746167122375,0.));
#12420=CARTESIAN_POINT('',(-21.266774363848,-20.46224710116,0.));
#12421=CARTESIAN_POINT('',(-21.266774363848,-20.46224710116,0.));
#12422=CARTESIAN_POINT('',(-21.266774363848,-20.46224710116,0.9));
#12423=CARTESIAN_POINT('',(-21.266774363848,-20.46224710116,1.8));
#12424=CARTESIAN_POINT('',(-21.266774363848,-20.46224710116,2.7));
#12425=CARTESIAN_POINT('',(-34.1730123887449,-35.843302634864,-1.48029736616688E-16));
#12426=CARTESIAN_POINT('',(-21.266774363848,-20.46224710116,0.));
#12427=VECTOR('',#12428,1.);
#12428=DIRECTION('',(-0.642787609670424,-0.766044443132501,0.));
#12429=CARTESIAN_POINT('',(-34.1730123887449,-35.843302634864,2.7));
#12430=VECTOR('',#12431,1.);
#12431=DIRECTION('',(0.,0.,-1.));
#12432=AXIS2_PLACEMENT_3D('',#12433,#12434,#12435);
#12433=CARTESIAN_POINT('',(-35.9606427776673,-34.343302634902,0.));
#12434=DIRECTION('',(0.,0.,-1.));
#12435=DIRECTION('',(0.766044443132503,-0.642787609670421,0.));
#12436=CARTESIAN_POINT('',(-34.1730123887449,35.843302634864,-1.48029736616688E-16));
#12437=CARTESIAN_POINT('',(-34.1730123887449,35.843302634864,2.7));
#12438=VECTOR('',#12439,1.);
#12439=DIRECTION('',(0.,0.,-1.));
#12440=CARTESIAN_POINT('',(-37.1274356477707,36.3642471679264,1.48029736616688E-15));
#12441=CARTESIAN_POINT('',(-37.1274356477707,36.3642471679264,2.7));
#12442=VECTOR('',#12443,1.);
#12443=DIRECTION('',(0.,0.,-1.));
#12444=AXIS2_PLACEMENT_3D('',#12445,#12446,#12447);
#12445=CARTESIAN_POINT('',(-35.9606427776673,34.343302634902,0.));
#12446=DIRECTION('',(0.,0.,1.));
#12447=DIRECTION('',(0.766044443132503,0.642787609670421,0.));
#12448=CARTESIAN_POINT('',(-21.266774363848,20.46224710116,0.));
#12449=CARTESIAN_POINT('',(-21.266774363848,20.46224710116,0.));
#12450=VECTOR('',#12451,1.);
#12451=DIRECTION('',(-0.642787609670424,0.7660444431325,0.));
#12452=CARTESIAN_POINT('',(-21.266774363848,20.46224710116,0.));
#12453=CARTESIAN_POINT('',(-21.266774363848,20.46224710116,0.9));
#12454=CARTESIAN_POINT('',(-21.266774363848,20.46224710116,1.8));
#12455=CARTESIAN_POINT('',(-21.266774363848,20.46224710116,2.7));
#12456=CARTESIAN_POINT('',(-21.7877188969103,17.5078238421342,0.));
#12457=CARTESIAN_POINT('',(-21.7877188969103,17.5078238421342,0.));
#12458=CARTESIAN_POINT('',(-21.7877188969103,17.5078238421342,0.9));
#12459=CARTESIAN_POINT('',(-21.7877188969103,17.5078238421342,1.8));
#12460=CARTESIAN_POINT('',(-21.7877188969103,17.5078238421342,2.7));
#12461=CARTESIAN_POINT('',(-21.7877188969103,17.5078238421342,0.));
#12462=CARTESIAN_POINT('',(-19.7667743638859,18.6746167122375,0.));
#12463=CARTESIAN_POINT('',(-21.266774363848,20.46224710116,0.));
#12464=CARTESIAN_POINT('',(-31.21452205411,12.0652565019869,0.));
#12465=CARTESIAN_POINT('',(-31.21452205411,12.0652565019869,0.));
#12466=VECTOR('',#12467,1.);
#12467=DIRECTION('',(0.,0.,1.));
#12468=CARTESIAN_POINT('',(-21.7877188969103,17.5078238421342,0.));
#12469=VECTOR('',#12470,1.);
#12470=DIRECTION('',(-0.866025403794764,-0.499999999982116,0.));
#12471=CARTESIAN_POINT('',(-34.0323075852587,13.0948606494088,-1.11022302462516E-16));
#12472=AXIS2_PLACEMENT_3D('',#12473,#12474,#12475);
#12473=CARTESIAN_POINT('',(-32.1925464487975,13.7592444447083,0.));
#12474=DIRECTION('',(0.,0.,1.));
#12475=DIRECTION('',(-0.940549717567679,-0.339656044820874,0.));
#12476=CARTESIAN_POINT('',(-34.0323075852587,13.0948606494088,-3.33066907387547E-16));
#12477=VECTOR('',#12478,1.);
#12478=DIRECTION('',(0.,0.,1.));
#12479=CARTESIAN_POINT('',(-34.0652606655566,13.1857548948114,-4.44089209850063E-16));
#12480=AXIS2_PLACEMENT_3D('',#12481,#12482,#12483);
#12481=CARTESIAN_POINT('',(-70.2936009530387,-1.44307327031112E-14,0.));
#12482=DIRECTION('',(0.,0.,1.));
#12483=DIRECTION('',(0.940549717567679,0.339656044820873,0.));
#12484=CARTESIAN_POINT('',(-34.0652606655566,13.1857548948114,-4.44089209850063E-16));
#12485=VECTOR('',#12486,1.);
#12486=DIRECTION('',(0.,0.,1.));
#12487=CARTESIAN_POINT('',(-40.8986247825502,31.9602685090206,-1.48029736616688E-16));
#12488=CARTESIAN_POINT('',(-40.8986247825502,31.9602685090206,-4.44089209850063E-16));
#12489=VECTOR('',#12490,1.);
#12490=DIRECTION('',(0.,0.,1.));
#12491=CARTESIAN_POINT('',(-34.0652700883035,13.1857807862698,0.));
#12492=CARTESIAN_POINT('',(-34.0652700883035,13.1857807862697,0.));
#12493=VECTOR('',#12494,1.);
#12494=DIRECTION('',(0.,0.,1.));
#12495=CARTESIAN_POINT('',(-40.8986247825502,31.9602685090206,0.));
#12496=VECTOR('',#12497,1.);
#12497=DIRECTION('',(0.342020143306626,-0.939692620792839,0.));
#12498=CARTESIAN_POINT('',(-39.8725643525155,34.7793463713573,3.10862446895044E-15));
#12499=AXIS2_PLACEMENT_3D('',#12500,#12501,#12502);
#12500=CARTESIAN_POINT('',(-38.7057714824122,32.7584018383329,0.));
#12501=DIRECTION('',(0.,0.,1.));
#12502=DIRECTION('',(-0.499999999982108,0.866025403794769,0.));
#12503=CARTESIAN_POINT('',(-39.8725643525155,34.7793463713573,3.99680288865056E-15));
#12504=VECTOR('',#12505,1.);
#12505=DIRECTION('',(0.,0.,1.));
#12506=CARTESIAN_POINT('',(-41.9830889323129,33.5608344371381,-6.4));
#12507=CARTESIAN_POINT('',(-35.0169110679733,37.5827591021456,-6.4));
#12508=CARTESIAN_POINT('',(-41.9830889323129,33.5608344371381,-6.4));
#12509=VECTOR('',#12510,1.);
#12510=DIRECTION('',(0.866025403794763,0.499999999982117,0.));
#12511=CARTESIAN_POINT('',(-35.0169110679733,37.5827591021456,0.));
#12512=CARTESIAN_POINT('',(-35.0169110679733,37.5827591021456,-6.4));
#12513=VECTOR('',#12514,1.);
#12514=DIRECTION('',(0.,0.,1.));
#12515=CARTESIAN_POINT('',(-37.1274356477707,36.3642471679264,1.77635683940025E-15));
#12516=VECTOR('',#12517,1.);
#12517=DIRECTION('',(0.866025403794763,0.499999999982118,-7.28904161482392E-16));
#12518=CARTESIAN_POINT('',(-41.9830889323129,33.5608344371381,1.33226762955019E-15));
#12519=CARTESIAN_POINT('',(-41.9830889323129,33.5608344371381,0.));
#12520=VECTOR('',#12521,1.);
#12521=DIRECTION('',(0.866025403794764,0.499999999982116,1.45780832296479E-15));
#12522=CARTESIAN_POINT('',(-41.9830889323129,33.5608344371381,3.10862446895044E-15));
#12523=VECTOR('',#12524,1.);
#12524=DIRECTION('',(0.,0.,-1.));
#12525=CARTESIAN_POINT('',(11.5,-5.10000000000001,2.3));
#12526=AXIS2_PLACEMENT_3D('',#12527,#12528,#12529);
#12527=CARTESIAN_POINT('',(10.05,-5.10000000000001,2.3));
#12528=DIRECTION('',(0.,0.,1.));
#12529=DIRECTION('',(1.,0.,0.));
#12530=CARTESIAN_POINT('',(11.5,-5.10000000000001,0.399999999999999));
#12531=AXIS2_PLACEMENT_3D('',#12532,#12533,#12534);
#12532=CARTESIAN_POINT('',(10.05,-5.10000000000001,0.399999999999999));
#12533=DIRECTION('',(0.,0.,1.));
#12534=DIRECTION('',(1.,0.,0.));
#12535=CARTESIAN_POINT('',(-8.59999999999344,-5.1,2.3));
#12536=AXIS2_PLACEMENT_3D('',#12537,#12538,#12539);
#12537=CARTESIAN_POINT('',(-10.0499999999934,-5.1,2.3));
#12538=DIRECTION('',(0.,0.,1.));
#12539=DIRECTION('',(1.,0.,0.));
#12540=CARTESIAN_POINT('',(-8.59999999999344,-5.1,0.399999999999999));
#12541=AXIS2_PLACEMENT_3D('',#12542,#12543,#12544);
#12542=CARTESIAN_POINT('',(-10.0499999999934,-5.1,0.399999999999999));
#12543=DIRECTION('',(0.,0.,1.));
#12544=DIRECTION('',(1.,0.,0.));
#12545=CARTESIAN_POINT('',(3.6,13.4,-1.48029736616688E-16));
#12546=CARTESIAN_POINT('',(-3.6,13.4,-1.48029736616688E-16));
#12547=CARTESIAN_POINT('',(3.6,13.4,-2.22044604925031E-16));
#12548=VECTOR('',#12549,1.);
#12549=DIRECTION('',(-1.,0.,0.));
#12550=CARTESIAN_POINT('',(-3.6,13.4,-2.22044604925031E-16));
#12551=VECTOR('',#12552,1.);
#12552=DIRECTION('',(0.707106781186548,0.,0.707106781186547));
#12553=CARTESIAN_POINT('',(3.6,13.4,-2.22044604925031E-16));
#12554=VECTOR('',#12555,1.);
#12555=DIRECTION('',(-0.707106781186548,0.,0.707106781186547));
#12556=CARTESIAN_POINT('',(3.6,-13.4,-1.48029736616688E-16));
#12557=CARTESIAN_POINT('',(3.6,-13.4,-2.22044604925031E-16));
#12558=VECTOR('',#12559,1.);
#12559=DIRECTION('',(-0.707106781186548,0.,0.707106781186547));
#12560=CARTESIAN_POINT('',(-3.6,-13.4,-1.48029736616688E-16));
#12561=CARTESIAN_POINT('',(-3.6,-13.4,-2.22044604925031E-16));
#12562=VECTOR('',#12563,1.);
#12563=DIRECTION('',(0.707106781186548,0.,0.707106781186547));
#12564=CARTESIAN_POINT('',(-3.6,-13.4,-2.22044604925031E-16));
#12565=VECTOR('',#12566,1.);
#12566=DIRECTION('',(1.,0.,0.));
#12567=CARTESIAN_POINT('',(-3.6,15.4,4.54735512631579E-33));
#12568=VECTOR('',#12569,1.);
#12569=DIRECTION('',(2.22044604925031E-16,-1.,1.89473130263158E-33));
#12570=CARTESIAN_POINT('',(3.6,-15.4,4.54735512631579E-33));
#12571=VECTOR('',#12572,1.);
#12572=DIRECTION('',(0.,1.,1.89473130263158E-33));
#12573=CARTESIAN_POINT('',(-3.6,-15.4,4.54735512631579E-33));
#12574=VECTOR('',#12575,1.);
#12575=DIRECTION('',(0.,1.,1.89473130263158E-33));
#12576=CARTESIAN_POINT('',(-18.6210719642317,-21.0429589459061,4.44089209850063E-16));
#12577=AXIS2_PLACEMENT_3D('',#12578,#12579,#12580);
#12578=CARTESIAN_POINT('',(-6.51970741531356,-31.1972095242992,0.));
#12579=DIRECTION('',(0.,0.,-1.));
#12580=DIRECTION('',(-0.766044441520796,0.642787611591179,0.));
#12581=CARTESIAN_POINT('',(-32.0624878089475,-37.0618145690833,0.));
#12582=CARTESIAN_POINT('',(-18.6210719655211,-21.0429589474427,0.));
#12583=VECTOR('',#12584,1.);
#12584=DIRECTION('',(-0.642787609670424,-0.7660444431325,0.));
#12585=AXIS2_PLACEMENT_3D('',#12586,#12587,#12588);
#12586=CARTESIAN_POINT('',(-33.85011819787,-35.5618145691212,0.));
#12587=DIRECTION('',(0.,0.,1.));
#12588=DIRECTION('',(-0.499999999982117,-0.866025403794763,0.));
#12589=CARTESIAN_POINT('',(-36.320557942848,-12.3650026789923,2.96059473233375E-16));
#12590=CARTESIAN_POINT('',(-34.0652606655566,-13.1857548948114,-1.11022302462516E-16));
#12591=VECTOR('',#12592,1.);
#12592=DIRECTION('',(-0.939694976672123,0.342013670512128,-2.31296463463575E-17));
#12593=CARTESIAN_POINT('',(-36.320557942848,12.3650026789923,2.96059473233375E-16));
#12594=AXIS2_PLACEMENT_3D('',#12595,#12596,#12597);
#12595=CARTESIAN_POINT('',(-70.2936009530387,-1.13947005856061E-14,0.));
#12596=DIRECTION('',(0.,0.,-1.));
#12597=DIRECTION('',(0.939694976672122,0.342013670512129,0.));
#12598=CARTESIAN_POINT('',(-34.0652606655566,13.1857548948114,-1.11022302462516E-16));
#12599=VECTOR('',#12600,1.);
#12600=DIRECTION('',(-0.939694976672123,-0.342013670512128,-2.31296463463575E-17));
#12601=CARTESIAN_POINT('',(-32.0624878089475,37.0618145690832,0.));
#12602=AXIS2_PLACEMENT_3D('',#12603,#12604,#12605);
#12603=CARTESIAN_POINT('',(-33.85011819787,35.5618145691212,0.));
#12604=DIRECTION('',(0.,0.,-1.));
#12605=DIRECTION('',(-0.499999999982117,0.866025403794763,0.));
#12606=CARTESIAN_POINT('',(-18.6210719642317,21.0429589459061,4.44089209850063E-16));
#12607=CARTESIAN_POINT('',(-18.6210719655211,21.0429589474427,0.));
#12608=VECTOR('',#12609,1.);
#12609=DIRECTION('',(-0.642787609670424,0.7660444431325,0.));
#12610=AXIS2_PLACEMENT_3D('',#12611,#12612,#12613);
#12611=CARTESIAN_POINT('',(-6.51970741531357,31.1972095242992,0.));
#12612=DIRECTION('',(0.,0.,1.));
#12613=DIRECTION('',(-0.766044441520796,-0.642787611591179,0.));
#12614=CARTESIAN_POINT('',(3.6,15.4,4.54735512631579E-33));
#12615=VECTOR('',#12616,1.);
#12616=DIRECTION('',(-2.22044604925031E-16,-1.,1.89473130263158E-33));
#12617=CARTESIAN_POINT('',(18.6210719642317,21.0429589459061,4.44089209850063E-16));
#12618=AXIS2_PLACEMENT_3D('',#12619,#12620,#12621);
#12619=CARTESIAN_POINT('',(6.51970741531357,31.1972095242992,0.));
#12620=DIRECTION('',(0.,0.,-1.));
#12621=DIRECTION('',(0.766044441520796,-0.642787611591179,0.));
#12622=CARTESIAN_POINT('',(32.0624878089475,37.0618145690832,0.));
#12623=CARTESIAN_POINT('',(18.6210719655211,21.0429589474427,0.));
#12624=VECTOR('',#12625,1.);
#12625=DIRECTION('',(0.642787609670424,0.7660444431325,0.));
#12626=AXIS2_PLACEMENT_3D('',#12627,#12628,#12629);
#12627=CARTESIAN_POINT('',(33.85011819787,35.5618145691212,0.));
#12628=DIRECTION('',(0.,0.,1.));
#12629=DIRECTION('',(0.499999999982117,0.866025403794763,0.));
#12630=CARTESIAN_POINT('',(36.320557942848,12.3650026789923,2.96059473233375E-16));
#12631=CARTESIAN_POINT('',(34.0652606655566,13.1857548948114,-1.11022302462516E-16));
#12632=VECTOR('',#12633,1.);
#12633=DIRECTION('',(0.939694976672123,-0.342013670512128,-2.31296463463575E-17));
#12634=CARTESIAN_POINT('',(36.320557942848,-12.3650026789923,2.96059473233375E-16));
#12635=AXIS2_PLACEMENT_3D('',#12636,#12637,#12638);
#12636=CARTESIAN_POINT('',(70.2936009530387,-2.78621724483807E-15,0.));
#12637=DIRECTION('',(0.,0.,1.));
#12638=DIRECTION('',(-0.939694976672122,0.342013670512129,0.));
#12639=CARTESIAN_POINT('',(34.0652606655566,-13.1857548948114,-1.11022302462516E-16));
#12640=VECTOR('',#12641,1.);
#12641=DIRECTION('',(0.939694976672123,0.342013670512128,-2.31296463463575E-17));
#12642=CARTESIAN_POINT('',(32.0624878089475,-37.0618145690833,0.));
#12643=AXIS2_PLACEMENT_3D('',#12644,#12645,#12646);
#12644=CARTESIAN_POINT('',(33.85011819787,-35.5618145691212,0.));
#12645=DIRECTION('',(0.,0.,-1.));
#12646=DIRECTION('',(0.499999999982117,-0.866025403794763,0.));
#12647=CARTESIAN_POINT('',(18.6210719642317,-21.0429589459061,4.44089209850063E-16));
#12648=CARTESIAN_POINT('',(18.6210719655211,-21.0429589474427,0.));
#12649=VECTOR('',#12650,1.);
#12650=DIRECTION('',(0.642787609670424,-0.7660444431325,0.));
#12651=AXIS2_PLACEMENT_3D('',#12652,#12653,#12654);
#12652=CARTESIAN_POINT('',(6.51970741531357,-31.1972095242992,0.));
#12653=DIRECTION('',(0.,0.,1.));
#12654=DIRECTION('',(0.766044441520796,0.642787611591179,0.));
#12655=CARTESIAN_POINT('',(-16.4,-8.9,-6.19526000007568E-18));
#12656=CARTESIAN_POINT('',(-16.4,-8.9,-2.68823564093849E-32));
#12657=VECTOR('',#12658,1.);
#12658=DIRECTION('',(-1.,-4.5547611266673E-16,-8.40073637793277E-33));
#12659=CARTESIAN_POINT('',(-16.4,8.89999999999999,2.6949381000329E-16));
#12660=CARTESIAN_POINT('',(-16.4,-8.9,-9.29289000011349E-18));
#12661=VECTOR('',#12662,1.);
#12662=DIRECTION('',(-1.99590656112388E-16,1.,2.32322250002836E-17));
#12663=CARTESIAN_POINT('',(-16.4,8.89999999999999,0.));
#12664=VECTOR('',#12665,1.);
#12665=DIRECTION('',(-1.,-4.55476112666729E-16,0.));
#12666=CARTESIAN_POINT('',(16.4,8.89999999999999,2.6949381000329E-16));
#12667=CARTESIAN_POINT('',(16.4,8.89999999999999,0.));
#12668=VECTOR('',#12669,1.);
#12669=DIRECTION('',(1.,4.55476112666729E-16,0.));
#12670=CARTESIAN_POINT('',(16.4,-8.9,-6.1952600000757E-18));
#12671=CARTESIAN_POINT('',(16.4,-8.9,-9.29289000011356E-18));
#12672=VECTOR('',#12673,1.);
#12673=DIRECTION('',(1.99590656112388E-16,1.,2.32322250002836E-17));
#12674=CARTESIAN_POINT('',(16.4,-8.9,0.));
#12675=VECTOR('',#12676,1.);
#12676=DIRECTION('',(1.,4.5547611266673E-16,0.));
#12677=CARTESIAN_POINT('',(-8.19999999999344,-5.1,0.));
#12678=AXIS2_PLACEMENT_3D('',#12679,#12680,#12681);
#12679=CARTESIAN_POINT('',(-10.0499999999934,-5.1,0.));
#12680=DIRECTION('',(0.,0.,1.));
#12681=DIRECTION('',(1.,0.,0.));
#12682=CARTESIAN_POINT('',(11.9,-5.10000000000001,0.));
#12683=AXIS2_PLACEMENT_3D('',#12684,#12685,#12686);
#12684=CARTESIAN_POINT('',(10.05,-5.10000000000001,0.));
#12685=DIRECTION('',(0.,0.,1.));
#12686=DIRECTION('',(1.,0.,0.));
#12687=CARTESIAN_POINT('',(-17.552998595033,19.8915333172722,-2.4));
#12688=CARTESIAN_POINT('',(-18.6210719644243,21.0429589461356,-2.47958063120639));
#12689=CARTESIAN_POINT('',(-18.6210719629423,21.0429589443695,-2.47958063153934));
#12690=CARTESIAN_POINT('',(-18.5089126733463,20.9092927087255,-2.46796541949964));
#12691=CARTESIAN_POINT('',(-18.2803098752893,20.6458431936365,-2.43870367334496));
#12692=CARTESIAN_POINT('',(-17.9242390195903,20.2619466964886,-2.40417206698817));
#12693=CARTESIAN_POINT('',(-17.6781829526928,20.0137016373192,-2.39628232004666));
#12694=CARTESIAN_POINT('',(-17.552998595033,19.8915333172723,-2.4));
#12695=AXIS2_PLACEMENT_3D('',#12696,#12697,#12698);
#12696=CARTESIAN_POINT('',(-6.51970741531357,31.1972095242992,-2.4));
#12697=DIRECTION('',(0.,0.,1.));
#12698=DIRECTION('',(-0.698432920241261,-0.715675524189045,0.));
#12699=CARTESIAN_POINT('',(-18.6210719642317,21.0429589459061,-2.47958063153934));
#12700=VECTOR('',#12701,1.);
#12701=DIRECTION('',(0.,0.,1.));
#12702=CARTESIAN_POINT('',(6.5197074032789,16.,-3.));
#12703=CARTESIAN_POINT('',(6.51970740303324,15.4,-2.4));
#12704=VECTOR('',#12705,1.);
#12705=DIRECTION('',(2.89504114815173E-10,0.707106781186546,-0.707106781186548));
#12706=CARTESIAN_POINT('',(-6.5197074032789,16.,-3.));
#12707=CARTESIAN_POINT('',(-6.51970740303325,15.4,-2.4));
#12708=VECTOR('',#12709,1.);
#12709=DIRECTION('',(-2.89504114815172E-10,0.707106781186549,-0.707106781186546));
#12710=CARTESIAN_POINT('',(6.51970740368832,16.,-3.));
#12711=VECTOR('',#12712,1.);
#12712=DIRECTION('',(-1.,0.,6.81148987757998E-17));
#12713=CARTESIAN_POINT('',(18.6210719644243,21.0429589461356,-2.47958063120639));
#12714=CARTESIAN_POINT('',(18.6210719642317,21.0429589459061,-2.47958063153934));
#12715=VECTOR('',#12716,1.);
#12716=DIRECTION('',(0.,0.,1.));
#12717=CARTESIAN_POINT('',(17.552998595033,19.8915333172722,-2.4));
#12718=AXIS2_PLACEMENT_3D('',#12719,#12720,#12721);
#12719=CARTESIAN_POINT('',(6.51970741531357,31.1972095242992,-2.4));
#12720=DIRECTION('',(0.,0.,-1.));
#12721=DIRECTION('',(0.698432920241261,-0.715675524189045,0.));
#12722=CARTESIAN_POINT('',(18.6210719629423,21.0429589443695,-2.47958063153934));
#12723=CARTESIAN_POINT('',(18.5089126733463,20.9092927087255,-2.46796541949964));
#12724=CARTESIAN_POINT('',(18.2803098752893,20.6458431936365,-2.43870367334496));
#12725=CARTESIAN_POINT('',(17.9242390195903,20.2619466964886,-2.40417206698817));
#12726=CARTESIAN_POINT('',(17.6781829526928,20.0137016373192,-2.39628232004666));
#12727=CARTESIAN_POINT('',(17.552998595033,19.8915333172723,-2.4));
#12728=CARTESIAN_POINT('',(17.552998595033,-19.8915333172722,-2.4));
#12729=CARTESIAN_POINT('',(18.6210719644243,-21.0429589461356,-2.47958063120639));
#12730=CARTESIAN_POINT('',(18.6210719629423,-21.0429589443695,-2.47958063153934));
#12731=CARTESIAN_POINT('',(18.5089126733463,-20.9092927087255,-2.46796541949964));
#12732=CARTESIAN_POINT('',(18.2803098752893,-20.6458431936365,-2.43870367334496));
#12733=CARTESIAN_POINT('',(17.9242390195903,-20.2619466964886,-2.40417206698817));
#12734=CARTESIAN_POINT('',(17.6781829526928,-20.0137016373192,-2.39628232004666));
#12735=CARTESIAN_POINT('',(17.552998595033,-19.8915333172723,-2.4));
#12736=AXIS2_PLACEMENT_3D('',#12737,#12738,#12739);
#12737=CARTESIAN_POINT('',(6.51970741531357,-31.1972095242992,-2.4));
#12738=DIRECTION('',(0.,0.,1.));
#12739=DIRECTION('',(0.698432920241261,0.715675524189045,0.));
#12740=CARTESIAN_POINT('',(18.6210719642317,-21.0429589459061,-2.47958063153934));
#12741=VECTOR('',#12742,1.);
#12742=DIRECTION('',(0.,0.,1.));
#12743=CARTESIAN_POINT('',(6.5197074032789,-16.,-3.));
#12744=CARTESIAN_POINT('',(6.51970740303324,-15.4,-2.4));
#12745=VECTOR('',#12746,1.);
#12746=DIRECTION('',(2.89504114815172E-10,-0.707106781186549,-0.707106781186546));
#12747=CARTESIAN_POINT('',(-6.51970740327889,-16.,-3.));
#12748=CARTESIAN_POINT('',(6.51970740368832,-16.,-3.));
#12749=VECTOR('',#12750,1.);
#12750=DIRECTION('',(-1.,0.,0.));
#12751=CARTESIAN_POINT('',(-6.51970740303324,-15.4,-2.4));
#12752=VECTOR('',#12753,1.);
#12753=DIRECTION('',(-2.89504114815172E-10,-0.707106781186549,-0.707106781186546));
#12754=CARTESIAN_POINT('',(-18.6210719644243,-21.0429589461356,-2.47958063120639));
#12755=CARTESIAN_POINT('',(-18.6210719642317,-21.0429589459061,-2.47958063153934));
#12756=VECTOR('',#12757,1.);
#12757=DIRECTION('',(0.,0.,1.));
#12758=CARTESIAN_POINT('',(-17.552998595033,-19.8915333172722,-2.4));
#12759=AXIS2_PLACEMENT_3D('',#12760,#12761,#12762);
#12760=CARTESIAN_POINT('',(-6.51970741531356,-31.1972095242992,-2.4));
#12761=DIRECTION('',(0.,0.,-1.));
#12762=DIRECTION('',(-0.698432920241261,0.715675524189045,0.));
#12763=CARTESIAN_POINT('',(-18.6210719629423,-21.0429589443695,-2.47958063153934));
#12764=CARTESIAN_POINT('',(-18.5089126733463,-20.9092927087255,-2.46796541949964));
#12765=CARTESIAN_POINT('',(-18.2803098752893,-20.6458431936365,-2.43870367334496));
#12766=CARTESIAN_POINT('',(-17.9242390195903,-20.2619466964886,-2.40417206698817));
#12767=CARTESIAN_POINT('',(-17.6781829526928,-20.0137016373192,-2.39628232004666));
#12768=CARTESIAN_POINT('',(-17.552998595033,-19.8915333172723,-2.4));
#12769=CARTESIAN_POINT('',(17.3954008565278,-22.0714191229377,-2.68071211660947));
#12770=CARTESIAN_POINT('',(16.3937384715274,-20.9960199378943,-2.6));
#12771=CARTESIAN_POINT('',(16.3937384715274,-20.9960199378943,-2.6));
#12772=CARTESIAN_POINT('',(16.4389302378116,-21.0397623759694,-2.60128966472157));
#12773=CARTESIAN_POINT('',(16.5227309373541,-21.1219610275111,-2.60310480667431));
#12774=CARTESIAN_POINT('',(16.6395218699971,-21.2393969151905,-2.60606071343091));
#12775=CARTESIAN_POINT('',(16.7452541236417,-21.3480455839973,-2.6108393154889));
#12776=CARTESIAN_POINT('',(16.8542610678356,-21.4623838415671,-2.61786381612748));
#12777=CARTESIAN_POINT('',(16.9850711107032,-21.6028174631794,-2.62832130701492));
#12778=CARTESIAN_POINT('',(17.1310511955282,-21.7643615876535,-2.64343194974928));
#12779=CARTESIAN_POINT('',(17.2723943611258,-21.9260850862296,-2.66152678996314));
#12780=CARTESIAN_POINT('',(17.3582182380757,-22.0271066040391,-2.67486584899171));
#12781=CARTESIAN_POINT('',(17.3954008565091,-22.0714191229154,-2.68071211659833));
#12782=CARTESIAN_POINT('',(17.3954008565091,-22.0714191229154,-2.68071211659833));
#12783=VECTOR('',#12784,1.);
#12784=DIRECTION('',(0.,0.,1.));
#12785=CARTESIAN_POINT('',(6.51970740368832,-17.,-2.6));
#12786=CARTESIAN_POINT('',(6.51970740368832,-17.,-2.6));
#12787=VECTOR('',#12788,1.);
#12788=DIRECTION('',(-2.16628882853689E-16,0.,1.));
#12789=AXIS2_PLACEMENT_3D('',#12790,#12791,#12792);
#12790=CARTESIAN_POINT('',(6.51970741531357,-31.1972095242992,-2.6));
#12791=DIRECTION('',(0.,0.,-1.));
#12792=DIRECTION('',(-8.18840496507878E-10,1.,0.));
#12793=CARTESIAN_POINT('',(29.9355510147626,-37.0161881263233,-6.6000000021245));
#12794=CARTESIAN_POINT('',(37.8271288968918,-46.4210044189896,-6.6));
#12795=CARTESIAN_POINT('',(29.9355510144208,-37.016188125916,-6.6));
#12796=VECTOR('',#12797,1.);
#12797=DIRECTION('',(0.642787609670424,-0.766044443132501,0.));
#12798=CARTESIAN_POINT('',(37.8271288968918,-46.4210044189896,-6.6));
#12799=VECTOR('',#12800,1.);
#12800=DIRECTION('',(0.,0.,1.));
#12801=CARTESIAN_POINT('',(18.3980522117387,-23.2663324776808,-2.93687549284266));
#12802=AXIS2_PLACEMENT_3D('',#12803,#12804,#12805);
#12803=CARTESIAN_POINT('',(16.4254276583382,-20.9154500792258,-16.7467409821416));
#12804=DIRECTION('',(0.766044443132501,0.642787609670424,-6.93889390390723E-18));
#12805=DIRECTION('',(0.0685651344884091,-0.0817127453567577,0.994294649275982));
#12806=CARTESIAN_POINT('',(28.0744786434276,-34.7982484416124,-6.28217486036407));
#12807=CARTESIAN_POINT('',(18.3980522114711,-23.2663324773619,-2.93687549160095));
#12808=VECTOR('',#12809,1.);
#12809=DIRECTION('',(0.627480947006841,-0.747802672911769,-0.216930457818656));
#12810=AXIS2_PLACEMENT_3D('',#12811,#12812,#12813);
#12811=CARTESIAN_POINT('',(29.935551027011,-37.0161881409204,6.74674098214159));
#12812=DIRECTION('',(-0.766044443132501,-0.642787609670424,1.38777878078145E-17));
#12813=DIRECTION('',(-0.13944021128864,0.166178372762432,-0.976187059892626));
#12814=CARTESIAN_POINT('',(47.518973419772,-45.966973581039,0.578679656440356));
#12815=CARTESIAN_POINT('',(48.2280466718723,-44.5974940583593,1.5));
#12816=CARTESIAN_POINT('',(48.2040558000191,-44.6630107319948,1.52293063479376));
#12817=CARTESIAN_POINT('',(48.1554129493889,-44.7892052715181,1.55706495246356));
#12818=CARTESIAN_POINT('',(48.0798886790587,-44.9669214712438,1.57798815530829));
#12819=CARTESIAN_POINT('',(48.0069652351955,-45.1253012275773,1.57403589430482));
#12820=CARTESIAN_POINT('',(47.9365713549474,-45.2679816954947,1.54994982791882));
#12821=CARTESIAN_POINT('',(47.8663239317266,-45.4016558392563,1.50598713562431));
#12822=CARTESIAN_POINT('',(47.7973563379621,-45.5256031002468,1.44244220285083));
#12823=CARTESIAN_POINT('',(47.730546060427,-45.6395398728865,1.35834368267723));
#12824=CARTESIAN_POINT('',(47.6681419884353,-45.7410526674659,1.25360986308509));
#12825=CARTESIAN_POINT('',(47.6134817609102,-45.8264174937243,1.13065468114441));
#12826=CARTESIAN_POINT('',(47.5700642487151,-45.8920338277769,0.995231964628458));
#12827=CARTESIAN_POINT('',(47.5397873697864,-45.9367271422512,0.854553836297953));
#12828=CARTESIAN_POINT('',(47.5226394605702,-45.9616749235882,0.715323666401747));
#12829=CARTESIAN_POINT('',(47.5189732791539,-45.9669737846052,0.623353215737806));
#12830=CARTESIAN_POINT('',(47.5189734198614,-45.9669735809096,0.578679656440357));
#12831=CARTESIAN_POINT('',(47.5189734196826,-45.9669735811684,-3.9));
#12832=CARTESIAN_POINT('',(47.5189734196826,-45.9669735811684,-3.9));
#12833=VECTOR('',#12834,1.);
#12834=DIRECTION('',(0.,0.,1.));
#12835=CARTESIAN_POINT('',(42.993000485449,-48.5800452729685,-3.9));
#12836=AXIS2_PLACEMENT_3D('',#12837,#12838,#12839);
#12837=CARTESIAN_POINT('',(42.5,-42.5,-3.9));
#12838=DIRECTION('',(0.,0.,1.));
#12839=DIRECTION('',(0.0808197517129488,-0.996728733273531,0.));
#12840=CARTESIAN_POINT('',(42.9930004852922,-48.5800452729812,0.578679656440356));
#12841=CARTESIAN_POINT('',(42.993000485449,-48.5800452729685,-3.9));
#12842=VECTOR('',#12843,1.);
#12843=DIRECTION('',(0.,0.,1.));
#12844=CARTESIAN_POINT('',(42.9930004851354,-48.580045272994,0.578679656440357));
#12845=CARTESIAN_POINT('',(42.9930004810338,-48.5800452733265,0.64847612041936));
#12846=CARTESIAN_POINT('',(42.9787706761946,-48.5812273078525,0.77875730794342));
#12847=CARTESIAN_POINT('',(42.9220781829106,-48.5855067944097,0.95412333826024));
#12848=CARTESIAN_POINT('',(42.843108655976,-48.5905471635973,1.10220878031696));
#12849=CARTESIAN_POINT('',(42.7456398242307,-48.5953702376649,1.22928443214276));
#12850=CARTESIAN_POINT('',(42.6296645987313,-48.5990397817296,1.33819943261638));
#12851=CARTESIAN_POINT('',(42.4999712168591,-48.6004938326037,1.42659933380556));
#12852=CARTESIAN_POINT('',(42.3601702528027,-48.59896392453,1.49436136546494));
#12853=CARTESIAN_POINT('',(42.2114495631478,-48.59380928928,1.5422720558635));
#12854=CARTESIAN_POINT('',(42.0535626100767,-48.58436153395,1.5707268548573));
#12855=CARTESIAN_POINT('',(41.8889337681487,-48.5700993013329,1.57874997792101));
#12856=CARTESIAN_POINT('',(41.7269542839334,-48.5515202431804,1.56658167304315));
#12857=CARTESIAN_POINT('',(41.5809682103409,-48.53088723441,1.53847124741577));
#12858=CARTESIAN_POINT('',(41.4920739390894,-48.5162863978206,1.51379080210061));
#12859=CARTESIAN_POINT('',(41.4524598026418,-48.5093809610407,1.5));
#12860=CARTESIAN_POINT('',(36.7370545324408,-44.4996148477811,-7.00000000011698));
#12861=CARTESIAN_POINT('',(36.7370545325591,-44.4996148477401,-7.00000000035095));
#12862=CARTESIAN_POINT('',(36.9811263775517,-45.2030366764086,-6.73481904509279));
#12863=CARTESIAN_POINT('',(37.348533339428,-45.8506364439582,-6.6));
#12864=CARTESIAN_POINT('',(37.8271288968917,-46.4210044189896,-6.6));
#12865=CARTESIAN_POINT('',(38.2446127945946,-38.1294531541141,-7.));
#12866=AXIS2_PLACEMENT_3D('',#12867,#12868,#12869);
#12867=CARTESIAN_POINT('',(42.5,-42.5,-7.));
#12868=DIRECTION('',(0.,0.,1.));
#12869=DIRECTION('',(-0.697604459902418,0.716483089489386,0.));
#12870=CARTESIAN_POINT('',(40.842689005978,-36.6294531541683,-7.));
#12871=AXIS2_PLACEMENT_3D('',#12872,#12873,#12874);
#12872=CARTESIAN_POINT('',(42.5,-42.5,-7.));
#12873=DIRECTION('',(0.,0.,1.));
#12874=DIRECTION('',(-0.271690326888811,0.962384728824731,0.));
#12875=CARTESIAN_POINT('',(47.1131899899074,-38.5089502485505,-7.00000000011698));
#12876=AXIS2_PLACEMENT_3D('',#12877,#12878,#12879);
#12877=CARTESIAN_POINT('',(42.5,-42.5,-7.));
#12878=DIRECTION('',(0.,0.,1.));
#12879=DIRECTION('',(0.756260654067664,0.65427045104387,0.));
#12880=CARTESIAN_POINT('',(48.2321249868363,-40.4136771258296,-6.6));
#12881=CARTESIAN_POINT('',(47.1131899898128,-38.5089502486324,-7.00000000035094));
#12882=CARTESIAN_POINT('',(47.6003352404966,-39.0720335810989,-6.73481904509279));
#12883=CARTESIAN_POINT('',(47.9774696097148,-39.7140172274014,-6.6));
#12884=CARTESIAN_POINT('',(48.2321249868363,-40.4136771258296,-6.6));
#12885=CARTESIAN_POINT('',(48.2321249868363,-40.4136771258296,-6.6));
#12886=VECTOR('',#12887,1.);
#12887=DIRECTION('',(0.,0.,1.));
#12888=CARTESIAN_POINT('',(37.8271288968918,-46.4210044189896,-7.4));
#12889=AXIS2_PLACEMENT_3D('',#12890,#12891,#12892);
#12890=CARTESIAN_POINT('',(42.5,-42.5,-7.4));
#12891=DIRECTION('',(0.,0.,1.));
#12892=DIRECTION('',(-0.7660444431325,-0.642787609670425,0.));
#12893=CARTESIAN_POINT('',(42.9930004852922,-48.5800452729813,0.578679656440356));
#12894=VECTOR('',#12895,1.);
#12895=DIRECTION('',(0.570709536405459,0.821152010930903,-5.09778060088541E-16));
#12896=CARTESIAN_POINT('',(43.8448671180996,-47.2638044076824,-3.3));
#12897=CARTESIAN_POINT('',(43.8448671180996,-47.2638044076824,-3.3));
#12898=VECTOR('',#12899,1.);
#12899=DIRECTION('',(-0.192114072525871,0.680508767862344,-0.707106781186546));
#12900=CARTESIAN_POINT('',(45.953142076517,-46.0465912929725,-3.3));
#12901=AXIS2_PLACEMENT_3D('',#12902,#12903,#12904);
#12902=CARTESIAN_POINT('',(42.5,-42.5,-3.3));
#12903=DIRECTION('',(0.,0.,1.));
#12904=DIRECTION('',(0.27169032688881,-0.962384728824732,0.));
#12905=CARTESIAN_POINT('',(45.5345794005755,-45.6167014392788,-3.9));
#12906=VECTOR('',#12907,1.);
#12907=DIRECTION('',(0.493280844182977,-0.506630051183437,0.707106781186545));
#12908=CARTESIAN_POINT('',(45.9998204761546,-46.0945329073215,-3.3));
#12909=CARTESIAN_POINT('',(45.9998204761546,-46.0945329073215,-3.3));
#12910=VECTOR('',#12911,1.);
#12911=DIRECTION('',(-0.69760445990246,0.716483089489345,0.));
#12912=CARTESIAN_POINT('',(45.9998204761546,-46.0945329073215,-3.3));
#12913=VECTOR('',#12914,1.);
#12914=DIRECTION('',(0.,0.,1.));
#12915=CARTESIAN_POINT('',(40.8426890059778,-36.6294531541677,-7.));
#12916=VECTOR('',#12917,1.);
#12917=DIRECTION('',(0.,0.,1.));
#12918=CARTESIAN_POINT('',(41.3181470780337,-38.3136264296124,-7.));
#12919=VECTOR('',#12920,1.);
#12920=DIRECTION('',(-0.271690326888812,0.962384728824731,0.));
#12921=CARTESIAN_POINT('',(38.2446127945931,-38.1294531541126,-7.));
#12922=VECTOR('',#12923,1.);
#12923=DIRECTION('',(0.697604459902415,-0.716483089489388,0.));
#12924=CARTESIAN_POINT('',(42.5,-46.65,-7.));
#12925=AXIS2_PLACEMENT_3D('',#12926,#12927,#12928);
#12926=CARTESIAN_POINT('',(42.5,-42.5,-7.));
#12927=DIRECTION('',(0.,0.,-1.));
#12928=DIRECTION('',(-1.22464679914735E-16,-1.,0.));
#12929=CARTESIAN_POINT('',(38.2446127945942,-38.1294531541137,-7.));
#12930=VECTOR('',#12931,1.);
#12931=DIRECTION('',(0.,0.,1.));
#12932=CARTESIAN_POINT('',(43.8630465742028,-47.3281998947519,-3.3));
#12933=CARTESIAN_POINT('',(43.8630465742028,-47.3281998947519,-3.3));
#12934=VECTOR('',#12935,1.);
#12935=DIRECTION('',(0.,0.,1.));
#12936=CARTESIAN_POINT('',(43.8448671180996,-47.2638044076824,-3.3));
#12937=VECTOR('',#12938,1.);
#12938=DIRECTION('',(0.271690326888709,-0.96238472882476,0.));
#12939=AXIS2_PLACEMENT_3D('',#12940,#12941,#12942);
#12940=CARTESIAN_POINT('',(42.5,-42.5,-7.));
#12941=DIRECTION('',(0.,0.,1.));
#12942=DIRECTION('',(-0.271690326888811,0.962384728824731,0.));
#12943=CARTESIAN_POINT('',(47.518973419772,-45.966973581039,0.578679656440356));
#12944=VECTOR('',#12945,1.);
#12945=DIRECTION('',(-0.996493270041025,-0.0836729512025584,7.28254371555055E-17));
#12946=CARTESIAN_POINT('',(43.4254911937608,-27.2075593149343,-6.6));
#12947=CARTESIAN_POINT('',(48.2321249868363,-40.4136771258296,-6.6));
#12948=VECTOR('',#12949,1.);
#12949=DIRECTION('',(-0.342020143306626,0.939692620792839,0.));
#12950=CARTESIAN_POINT('',(42.4311578728481,-24.4756509681431,-6.27418136600619));
#12951=CARTESIAN_POINT('',(43.4254911937608,-27.2075593149343,-6.6));
#12952=CARTESIAN_POINT('',(43.3410964744478,-26.9756867292861,-6.59286838894749));
#12953=CARTESIAN_POINT('',(43.2565615162043,-26.743428840343,-6.591849042446));
#12954=CARTESIAN_POINT('',(43.0839297410113,-26.26912693609,-6.56266925615233));
#12955=CARTESIAN_POINT('',(42.9955527961197,-26.0263132755844,-6.54023382520112));
#12956=CARTESIAN_POINT('',(42.819682236403,-25.5431128839854,-6.48059679112568));
#12957=CARTESIAN_POINT('',(42.7319039325309,-25.3019439761636,-6.44329779579967));
#12958=CARTESIAN_POINT('',(42.5772745812265,-24.8771033250431,-6.36420696983178));
#12959=CARTESIAN_POINT('',(42.5100444977624,-24.6923901888057,-6.32528108563713));
#12960=CARTESIAN_POINT('',(42.439189392065,-24.497717385837,-6.27942840073082));
#12961=CARTESIAN_POINT('',(42.4351626833933,-24.4866540946859,-6.27695090943003));
#12962=CARTESIAN_POINT('',(42.4311578728481,-24.4756509681431,-6.27418136600619));
#12963=CARTESIAN_POINT('',(37.8240405718599,-11.8177002129031,-3.29335417994673));
#12964=CARTESIAN_POINT('',(42.4311578728481,-24.4756509681431,-6.27418136600619));
#12965=VECTOR('',#12966,1.);
#12966=DIRECTION('',(-0.333941522864871,0.917496793547374,0.216061780833582));
#12967=CARTESIAN_POINT('',(37.8240405718599,-11.8177002129031,-3.29335417767246));
#12968=VECTOR('',#12969,1.);
#12969=DIRECTION('',(1.48234974805288E-15,-3.70587437013221E-16,1.));
#12970=CARTESIAN_POINT('',(37.3043531308683,-10.2781281256931,-2.933038482938));
#12971=CARTESIAN_POINT('',(37.3043531308381,-10.2781281255962,-2.93303848605304));
#12972=CARTESIAN_POINT('',(37.3580616575195,-10.4505139798305,-2.97313514871573));
#12973=CARTESIAN_POINT('',(37.4681832479528,-10.7944502242083,-3.05328020160469));
#12974=CARTESIAN_POINT('',(37.6414340666147,-11.3077053708513,-3.17339540121773));
#12975=CARTESIAN_POINT('',(37.7622846467532,-11.6480235654009,-3.25338989359077));
#12976=CARTESIAN_POINT('',(37.8240405722451,-11.8177002127629,-3.29335417767246));
#12977=CARTESIAN_POINT('',(36.5298603624176,-7.34439997344816,-2.6));
#12978=CARTESIAN_POINT('',(37.3043531308984,-10.2781281257899,-2.93303847982296));
#12979=CARTESIAN_POINT('',(37.2718750811599,-10.1738847831801,-2.91210061994417));
#12980=CARTESIAN_POINT('',(37.2143828855211,-9.98622652975947,-2.87220441461104));
#12981=CARTESIAN_POINT('',(37.1392339321235,-9.73326626737858,-2.81989666796912));
#12982=CARTESIAN_POINT('',(37.0793516888487,-9.52660988810803,-2.78223591274032));
#12983=CARTESIAN_POINT('',(37.0213394441822,-9.32217078487699,-2.74955732007119));
#12984=CARTESIAN_POINT('',(36.9470505433993,-9.05396576394121,-2.71066500435226));
#12985=CARTESIAN_POINT('',(36.8552145715443,-8.70976927031986,-2.66951852926368));
#12986=CARTESIAN_POINT('',(36.7569790403175,-8.32334227700282,-2.63507795844137));
#12987=CARTESIAN_POINT('',(36.6743251437344,-7.98180719030863,-2.61465433268891));
#12988=CARTESIAN_POINT('',(36.6144054955918,-7.7237787703886,-2.6053148015437));
#12989=CARTESIAN_POINT('',(36.5766649194801,-7.55672432669953,-2.60169060599144));
#12990=CARTESIAN_POINT('',(36.5549901167386,-7.45911399216519,-2.60066070717895));
#12991=CARTESIAN_POINT('',(36.5407195701158,-7.39420121860313,-2.60030702288862));
#12992=CARTESIAN_POINT('',(36.5336581752175,-7.3618593120804,-2.60012344900117));
#12993=CARTESIAN_POINT('',(36.5298603624176,-7.34439997344816,-2.6));
#12994=CARTESIAN_POINT('',(36.5298603624176,7.34439997344815,-2.6));
#12995=AXIS2_PLACEMENT_3D('',#12996,#12997,#12998);
#12996=CARTESIAN_POINT('',(70.2936009530387,-2.78621724483807E-15,-2.6));
#12997=DIRECTION('',(0.,0.,1.));
#12998=DIRECTION('',(-0.977149584243672,0.212552793471218,0.));
#12999=CARTESIAN_POINT('',(37.3043531308683,10.2781281256931,-2.933038482938));
#13000=CARTESIAN_POINT('',(37.3043531308984,10.2781281257899,-2.93303847982296));
#13001=CARTESIAN_POINT('',(37.2718750811683,10.1738847832071,-2.91210061994957));
#13002=CARTESIAN_POINT('',(37.2143828855448,9.98622652983696,-2.87220441462764));
#13003=CARTESIAN_POINT('',(37.1392339321667,9.73326626752543,-2.81989666799908));
#13004=CARTESIAN_POINT('',(37.0793516888842,9.52660988823237,-2.78223591276015));
#13005=CARTESIAN_POINT('',(37.0213394441823,9.32217078487895,-2.74955732007064));
#13006=CARTESIAN_POINT('',(36.9470505433457,9.05396576374607,-2.71066500432491));
#13007=CARTESIAN_POINT('',(36.8552145714637,8.70976927001103,-2.66951852923096));
#13008=CARTESIAN_POINT('',(36.756979040232,8.32334227665797,-2.63507795841595));
#13009=CARTESIAN_POINT('',(36.6743251436666,7.98180719002219,-2.61465433267537));
#13010=CARTESIAN_POINT('',(36.6144054955425,7.7237787701726,-2.60531480153788));
#13011=CARTESIAN_POINT('',(36.5766649194589,7.55672432660431,-2.60169060599019));
#13012=CARTESIAN_POINT('',(36.5549901167349,7.45911399214816,-2.60066070717891));
#13013=CARTESIAN_POINT('',(36.5407195701207,7.3942012186255,-2.60030702288873));
#13014=CARTESIAN_POINT('',(36.5336581752194,7.36185931208928,-2.60012344900124));
#13015=CARTESIAN_POINT('',(36.5298603624176,7.34439997344816,-2.6));
#13016=CARTESIAN_POINT('',(37.8240405718599,11.8177002129031,-3.29335417994673));
#13017=CARTESIAN_POINT('',(37.3043531308381,10.2781281255962,-2.93303848605304));
#13018=CARTESIAN_POINT('',(37.3580616575196,10.4505139798305,-2.97313514871572));
#13019=CARTESIAN_POINT('',(37.4681832479528,10.7944502242083,-3.05328020160469));
#13020=CARTESIAN_POINT('',(37.6414340666147,11.3077053708513,-3.17339540121772));
#13021=CARTESIAN_POINT('',(37.7622846467532,11.6480235654009,-3.25338989359077));
#13022=CARTESIAN_POINT('',(37.8240405722451,11.8177002127629,-3.29335417767246));
#13023=CARTESIAN_POINT('',(37.8240405718599,11.8177002129031,-3.29335417767245));
#13024=VECTOR('',#13025,1.);
#13025=DIRECTION('',(0.,7.41174874026442E-16,1.));
#13026=CARTESIAN_POINT('',(42.4311578728481,24.4756509681431,-6.27418136600619));
#13027=CARTESIAN_POINT('',(42.4311578728481,24.4756509681431,-6.27418136600619));
#13028=VECTOR('',#13029,1.);
#13029=DIRECTION('',(-0.333941522864871,-0.917496793547374,0.216061780833582));
#13030=CARTESIAN_POINT('',(43.4254911937608,27.2075593149343,-6.6));
#13031=CARTESIAN_POINT('',(43.4254911937608,27.2075593149343,-6.6));
#13032=CARTESIAN_POINT('',(43.3410964744478,26.9756867292861,-6.59286838894749));
#13033=CARTESIAN_POINT('',(43.2565615162043,26.743428840343,-6.591849042446));
#13034=CARTESIAN_POINT('',(43.0839297410113,26.26912693609,-6.56266925615233));
#13035=CARTESIAN_POINT('',(42.9955527961197,26.0263132755844,-6.54023382520112));
#13036=CARTESIAN_POINT('',(42.819682236403,25.5431128839854,-6.48059679112567));
#13037=CARTESIAN_POINT('',(42.7319039325309,25.3019439761636,-6.44329779579967));
#13038=CARTESIAN_POINT('',(42.5772745812265,24.8771033250431,-6.36420696983178));
#13039=CARTESIAN_POINT('',(42.5100444977624,24.6923901888057,-6.32528108563713));
#13040=CARTESIAN_POINT('',(42.4391893920651,24.497717385837,-6.27942840073082));
#13041=CARTESIAN_POINT('',(42.4351626833933,24.4866540946859,-6.27695090943003));
#13042=CARTESIAN_POINT('',(42.4311578728481,24.4756509681431,-6.27418136600619));
#13043=CARTESIAN_POINT('',(48.2321249868363,40.4136771258296,-6.6));
#13044=CARTESIAN_POINT('',(48.2321249868363,40.4136771258296,-6.6));
#13045=VECTOR('',#13046,1.);
#13046=DIRECTION('',(-0.342020143306627,-0.939692620792839,0.));
#13047=CARTESIAN_POINT('',(48.2321249868363,40.4136771258296,-6.6));
#13048=VECTOR('',#13049,1.);
#13049=DIRECTION('',(0.,0.,1.));
#13050=CARTESIAN_POINT('',(47.518973419772,45.966973581039,0.578679656440356));
#13051=CARTESIAN_POINT('',(47.518973419772,45.966973581039,0.578679656440356));
#13052=VECTOR('',#13053,1.);
#13053=DIRECTION('',(-0.996493270041025,0.0836729512025584,7.28254371555055E-17));
#13054=CARTESIAN_POINT('',(48.2280466718723,44.5974940583593,1.5));
#13055=CARTESIAN_POINT('',(48.2040558000201,44.6630107319921,1.52293063479281));
#13056=CARTESIAN_POINT('',(48.1554129493918,44.7892052715107,1.55706495246174));
#13057=CARTESIAN_POINT('',(48.0798886790642,44.9669214712311,1.57798815530748));
#13058=CARTESIAN_POINT('',(48.0069652352028,45.1253012275619,1.57403589430618));
#13059=CARTESIAN_POINT('',(47.9365713549555,45.2679816954788,1.54994982792266));
#13060=CARTESIAN_POINT('',(47.8663239317352,45.4016558392405,1.50598713563088));
#13061=CARTESIAN_POINT('',(47.7973563379705,45.5256031002322,1.44244220285984));
#13062=CARTESIAN_POINT('',(47.730546060435,45.6395398728733,1.35834368268878));
#13063=CARTESIAN_POINT('',(47.6681419884421,45.7410526674551,1.25360986309833));
#13064=CARTESIAN_POINT('',(47.6134817609152,45.8264174937167,1.13065468115779));
#13065=CARTESIAN_POINT('',(47.5700642487171,45.892033827774,0.995231964637118));
#13066=CARTESIAN_POINT('',(47.5397873697865,45.9367271422512,0.854553836299396));
#13067=CARTESIAN_POINT('',(47.52263946057,45.9616749235885,0.715323666399174));
#13068=CARTESIAN_POINT('',(47.5189732791539,45.9669737846052,0.623353215735599));
#13069=CARTESIAN_POINT('',(47.5189734198614,45.9669735809096,0.578679656440357));
#13070=CARTESIAN_POINT('',(47.1131899899074,38.5089502485505,-7.00000000011698));
#13071=CARTESIAN_POINT('',(47.1131899898128,38.5089502486324,-7.00000000035094));
#13072=CARTESIAN_POINT('',(47.6003352404966,39.0720335810989,-6.73481904509279));
#13073=CARTESIAN_POINT('',(47.9774696097148,39.7140172274014,-6.6));
#13074=CARTESIAN_POINT('',(48.2321249868363,40.4136771258296,-6.6));
#13075=CARTESIAN_POINT('',(40.842689005978,36.6294531541683,-7.));
#13076=AXIS2_PLACEMENT_3D('',#13077,#13078,#13079);
#13077=CARTESIAN_POINT('',(42.5,42.5,-7.));
#13078=DIRECTION('',(0.,0.,-1.));
#13079=DIRECTION('',(0.756260654067664,-0.65427045104387,0.));
#13080=CARTESIAN_POINT('',(38.2446127945946,38.1294531541141,-7.));
#13081=AXIS2_PLACEMENT_3D('',#13082,#13083,#13084);
#13082=CARTESIAN_POINT('',(42.5,42.5,-7.));
#13083=DIRECTION('',(0.,0.,-1.));
#13084=DIRECTION('',(-0.271690326888811,-0.962384728824731,0.));
#13085=CARTESIAN_POINT('',(36.7370545324408,44.4996148477811,-7.00000000011698));
#13086=AXIS2_PLACEMENT_3D('',#13087,#13088,#13089);
#13087=CARTESIAN_POINT('',(42.5,42.5,-7.));
#13088=DIRECTION('',(0.,0.,-1.));
#13089=DIRECTION('',(-0.697604459902418,-0.716483089489386,0.));
#13090=CARTESIAN_POINT('',(37.8271288968918,46.4210044189896,-6.6));
#13091=CARTESIAN_POINT('',(36.7370545325591,44.4996148477401,-7.00000000035096));
#13092=CARTESIAN_POINT('',(36.9811263775517,45.2030366764086,-6.7348190450928));
#13093=CARTESIAN_POINT('',(37.348533339428,45.8506364439582,-6.60000000000001));
#13094=CARTESIAN_POINT('',(37.8271288968918,46.4210044189896,-6.6));
#13095=CARTESIAN_POINT('',(37.8271288968918,46.4210044189896,-6.6));
#13096=VECTOR('',#13097,1.);
#13097=DIRECTION('',(0.,0.,1.));
#13098=CARTESIAN_POINT('',(42.9930004852922,48.5800452729812,0.578679656440356));
#13099=CARTESIAN_POINT('',(42.9930004851354,48.580045272994,0.578679656440357));
#13100=CARTESIAN_POINT('',(42.9930004810339,48.5800452733265,0.648476120421069));
#13101=CARTESIAN_POINT('',(42.9787706761939,48.5812273078525,0.778757307948724));
#13102=CARTESIAN_POINT('',(42.9220781829068,48.58550679441,0.954123338270001));
#13103=CARTESIAN_POINT('',(42.8431086559682,48.5905471635978,1.10220878032958));
#13104=CARTESIAN_POINT('',(42.7456398242189,48.5953702376654,1.22928443215598));
#13105=CARTESIAN_POINT('',(42.6296645987158,48.5990397817299,1.33819943262891));
#13106=CARTESIAN_POINT('',(42.4999712168404,48.6004938326037,1.42659933381645));
#13107=CARTESIAN_POINT('',(42.3601702527812,48.5989639245295,1.49436136547358));
#13108=CARTESIAN_POINT('',(42.211449563126,48.5938092892789,1.5422720558688));
#13109=CARTESIAN_POINT('',(42.0535626100599,48.5843615339488,1.5707268548588));
#13110=CARTESIAN_POINT('',(41.8889337681447,48.5700993013323,1.57874997792025));
#13111=CARTESIAN_POINT('',(41.7269542839419,48.5515202431814,1.56658167304379));
#13112=CARTESIAN_POINT('',(41.5809682103513,48.5308872344116,1.53847124741845));
#13113=CARTESIAN_POINT('',(41.492073939095,48.5162863978215,1.51379080210256));
#13114=CARTESIAN_POINT('',(41.4524598026418,48.5093809610407,1.5));
#13115=CARTESIAN_POINT('',(42.993000485449,48.5800452729685,-3.9));
#13116=CARTESIAN_POINT('',(42.993000485449,48.5800452729685,-3.9));
#13117=VECTOR('',#13118,1.);
#13118=DIRECTION('',(0.,0.,1.));
#13119=CARTESIAN_POINT('',(47.5189734196826,45.9669735811684,-3.9));
#13120=AXIS2_PLACEMENT_3D('',#13121,#13122,#13123);
#13121=CARTESIAN_POINT('',(42.5,42.5,-3.9));
#13122=DIRECTION('',(0.,0.,-1.));
#13123=DIRECTION('',(0.0808197517129488,0.996728733273531,0.));
#13124=CARTESIAN_POINT('',(47.5189734196826,45.9669735811684,-3.9));
#13125=VECTOR('',#13126,1.);
#13126=DIRECTION('',(-1.58650046501615E-15,0.,1.));
#13127=CARTESIAN_POINT('',(37.8271288968918,46.4210044189896,-7.4));
#13128=AXIS2_PLACEMENT_3D('',#13129,#13130,#13131);
#13129=CARTESIAN_POINT('',(42.5,42.5,-7.4));
#13130=DIRECTION('',(0.,0.,-1.));
#13131=DIRECTION('',(-0.7660444431325,0.642787609670425,0.));
#13132=CARTESIAN_POINT('',(43.8448671180996,47.2638044076824,-3.3));
#13133=CARTESIAN_POINT('',(43.8630465742028,47.3281998947519,-3.3));
#13134=CARTESIAN_POINT('',(43.8448671180996,47.2638044076824,-3.3));
#13135=VECTOR('',#13136,1.);
#13136=DIRECTION('',(0.271690326888933,0.962384728824697,0.));
#13137=CARTESIAN_POINT('',(43.8630465742028,47.3281998947519,-3.3));
#13138=VECTOR('',#13139,1.);
#13139=DIRECTION('',(0.,0.,1.));
#13140=CARTESIAN_POINT('',(43.8448671180996,47.2638044076824,-3.3));
#13141=VECTOR('',#13142,1.);
#13142=DIRECTION('',(-0.192114072525871,-0.680508767862344,-0.707106781186546));
#13143=CARTESIAN_POINT('',(38.2446127945942,38.1294531541137,-7.));
#13144=VECTOR('',#13145,1.);
#13145=DIRECTION('',(0.,0.,1.));
#13146=CARTESIAN_POINT('',(38.2446127945932,38.1294531541126,-7.));
#13147=VECTOR('',#13148,1.);
#13148=DIRECTION('',(0.697604459902418,0.716483089489387,0.));
#13149=CARTESIAN_POINT('',(41.3181470780337,38.3136264296124,-7.));
#13150=VECTOR('',#13151,1.);
#13151=DIRECTION('',(-0.271690326888808,-0.962384728824732,0.));
#13152=CARTESIAN_POINT('',(42.5,46.65,-7.));
#13153=AXIS2_PLACEMENT_3D('',#13154,#13155,#13156);
#13154=CARTESIAN_POINT('',(42.5,42.5,-7.));
#13155=DIRECTION('',(0.,0.,1.));
#13156=DIRECTION('',(-2.38052775156001E-22,1.,0.));
#13157=CARTESIAN_POINT('',(40.8426890059778,36.6294531541677,-7.));
#13158=VECTOR('',#13159,1.);
#13159=DIRECTION('',(0.,0.,1.));
#13160=CARTESIAN_POINT('',(45.9998204761546,46.0945329073215,-3.3));
#13161=CARTESIAN_POINT('',(45.9998204761546,46.0945329073215,-3.3));
#13162=VECTOR('',#13163,1.);
#13163=DIRECTION('',(0.,0.,1.));
#13164=CARTESIAN_POINT('',(45.953142076517,46.0465912929725,-3.3));
#13165=CARTESIAN_POINT('',(45.9998204761546,46.0945329073215,-3.3));
#13166=VECTOR('',#13167,1.);
#13167=DIRECTION('',(-0.697604459902407,-0.716483089489397,0.));
#13168=CARTESIAN_POINT('',(45.5345794005755,45.6167014392788,-3.9));
#13169=VECTOR('',#13170,1.);
#13170=DIRECTION('',(0.493280844182986,0.506630051183429,0.707106781186545));
#13171=AXIS2_PLACEMENT_3D('',#13172,#13173,#13174);
#13172=CARTESIAN_POINT('',(42.5,42.5,-3.3));
#13173=DIRECTION('',(0.,0.,-1.));
#13174=DIRECTION('',(0.27169032688881,0.962384728824732,0.));
#13175=AXIS2_PLACEMENT_3D('',#13176,#13177,#13178);
#13176=CARTESIAN_POINT('',(42.5,42.5,-7.));
#13177=DIRECTION('',(0.,0.,-1.));
#13178=DIRECTION('',(-0.271690326888811,-0.962384728824731,0.));
#13179=CARTESIAN_POINT('',(42.9930004852922,48.5800452729812,0.578679656440356));
#13180=VECTOR('',#13181,1.);
#13181=DIRECTION('',(0.570709536405463,-0.8211520109309,-5.09778060088545E-16));
#13182=CARTESIAN_POINT('',(29.9355510147626,37.0161881263233,-6.6000000021245));
#13183=CARTESIAN_POINT('',(29.9355510144208,37.016188125916,-6.6));
#13184=VECTOR('',#13185,1.);
#13185=DIRECTION('',(0.642787609670424,0.7660444431325,0.));
#13186=CARTESIAN_POINT('',(28.0744786434277,34.7982484416123,-6.28217486036408));
#13187=AXIS2_PLACEMENT_3D('',#13188,#13189,#13190);
#13188=CARTESIAN_POINT('',(29.935551027011,37.0161881409204,6.74674098214159));
#13189=DIRECTION('',(0.7660444431325,-0.642787609670424,0.));
#13190=DIRECTION('',(-0.13944021128864,-0.166178372762432,-0.976187059892626));
#13191=CARTESIAN_POINT('',(18.3980522117387,23.2663324776808,-2.93687549284266));
#13192=CARTESIAN_POINT('',(18.3980522114711,23.2663324773619,-2.93687549160095));
#13193=VECTOR('',#13194,1.);
#13194=DIRECTION('',(0.627480947006841,0.747802672911769,-0.216930457818656));
#13195=CARTESIAN_POINT('',(17.3954008565278,22.0714191229377,-2.68071211660947));
#13196=AXIS2_PLACEMENT_3D('',#13197,#13198,#13199);
#13197=CARTESIAN_POINT('',(16.4254276583382,20.9154500792258,-16.7467409821416));
#13198=DIRECTION('',(-0.7660444431325,0.642787609670424,-6.93889390390723E-18));
#13199=DIRECTION('',(0.0685651344884091,0.0817127453567578,0.994294649275982));
#13200=CARTESIAN_POINT('',(17.3954008565091,22.0714191229154,-2.68071211659832));
#13201=VECTOR('',#13202,1.);
#13202=DIRECTION('',(0.,0.,1.));
#13203=CARTESIAN_POINT('',(16.3937384715274,20.9960199378943,-2.6));
#13204=CARTESIAN_POINT('',(16.3937384715274,20.9960199378943,-2.6));
#13205=CARTESIAN_POINT('',(16.4393324169427,21.0401516569642,-2.60116828336572));
#13206=CARTESIAN_POINT('',(16.5229809724882,21.1222107825194,-2.6026907210719));
#13207=CARTESIAN_POINT('',(16.6378432188739,21.2377159460938,-2.60525168259193));
#13208=CARTESIAN_POINT('',(16.7389337167936,21.3415304021292,-2.60952100298207));
#13209=CARTESIAN_POINT('',(16.8410096665061,21.4483979398467,-2.61587117799131));
#13210=CARTESIAN_POINT('',(16.9620559718643,21.5778951258079,-2.6252116106684));
#13211=CARTESIAN_POINT('',(17.103201827726,21.733170939542,-2.63933028206557));
#13212=CARTESIAN_POINT('',(17.2519759223544,21.902261124499,-2.6579565638843));
#13213=CARTESIAN_POINT('',(17.3492045823347,22.0163645474816,-2.67324562255634));
#13214=CARTESIAN_POINT('',(17.3954008565091,22.0714191229154,-2.68071211659833));
#13215=CARTESIAN_POINT('',(6.51970740368832,17.,-2.6));
#13216=AXIS2_PLACEMENT_3D('',#13217,#13218,#13219);
#13217=CARTESIAN_POINT('',(6.51970741531357,31.1972095242992,-2.6));
#13218=DIRECTION('',(0.,0.,1.));
#13219=DIRECTION('',(-8.18840621628018E-10,-1.,0.));
#13220=CARTESIAN_POINT('',(6.51970740368832,17.,-2.6));
#13221=VECTOR('',#13222,1.);
#13222=DIRECTION('',(-2.16628882853689E-16,0.,1.));
#13223=CARTESIAN_POINT('',(-6.51970740368832,17.,-2.6));
#13224=CARTESIAN_POINT('',(-6.51970740368832,17.,-2.6));
#13225=VECTOR('',#13226,1.);
#13226=DIRECTION('',(1.,0.,-3.40574493878999E-17));
#13227=CARTESIAN_POINT('',(-6.51970740368832,17.,-2.6));
#13228=VECTOR('',#13229,1.);
#13229=DIRECTION('',(2.16628882853689E-16,0.,1.));
#13230=CARTESIAN_POINT('',(-16.3937384715274,20.9960199378943,-2.6));
#13231=AXIS2_PLACEMENT_3D('',#13232,#13233,#13234);
#13232=CARTESIAN_POINT('',(-6.51970741531358,31.1972095242992,-2.6));
#13233=DIRECTION('',(0.,0.,-1.));
#13234=DIRECTION('',(8.18840746748158E-10,-1.,0.));
#13235=CARTESIAN_POINT('',(-17.3954008565278,22.0714191229377,-2.68071211660947));
#13236=CARTESIAN_POINT('',(-16.3937384715274,20.9960199378943,-2.6));
#13237=CARTESIAN_POINT('',(-16.4393324169412,21.0401516569627,-2.60116828336568));
#13238=CARTESIAN_POINT('',(-16.5229809724845,21.1222107825157,-2.60269072107184));
#13239=CARTESIAN_POINT('',(-16.6378432188677,21.2377159460875,-2.60525168259177));
#13240=CARTESIAN_POINT('',(-16.7389337167867,21.3415304021221,-2.60952100298168));
#13241=CARTESIAN_POINT('',(-16.8410096664993,21.4483979398395,-2.61587117799085));
#13242=CARTESIAN_POINT('',(-16.9620559718575,21.5778951258005,-2.62521161066779));
#13243=CARTESIAN_POINT('',(-17.1032018277195,21.7331709395347,-2.63933028206483));
#13244=CARTESIAN_POINT('',(-17.2519759223502,21.902261124494,-2.65795656388367));
#13245=CARTESIAN_POINT('',(-17.349204582333,22.0163645474795,-2.67324562255606));
#13246=CARTESIAN_POINT('',(-17.3954008565091,22.0714191229154,-2.68071211659833));
#13247=CARTESIAN_POINT('',(-17.3954008565091,22.0714191229154,-2.68071211659832));
#13248=VECTOR('',#13249,1.);
#13249=DIRECTION('',(0.,0.,1.));
#13250=CARTESIAN_POINT('',(-18.3980522117387,23.2663324776808,-2.93687549284265));
#13251=AXIS2_PLACEMENT_3D('',#13252,#13253,#13254);
#13252=CARTESIAN_POINT('',(-16.4254276583382,20.9154500792258,-16.7467409821416));
#13253=DIRECTION('',(-0.7660444431325,-0.642787609670424,0.));
#13254=DIRECTION('',(-0.0685651344884092,0.0817127453567578,0.994294649275982));
#13255=CARTESIAN_POINT('',(-28.0744786434277,34.7982484416123,-6.28217486036407));
#13256=CARTESIAN_POINT('',(-18.3980522114711,23.2663324773619,-2.93687549160095));
#13257=VECTOR('',#13258,1.);
#13258=DIRECTION('',(-0.627480947006841,0.747802672911769,-0.216930457818656));
#13259=CARTESIAN_POINT('',(-29.9355510147626,37.0161881263233,-6.6000000021245));
#13260=AXIS2_PLACEMENT_3D('',#13261,#13262,#13263);
#13261=CARTESIAN_POINT('',(-29.935551027011,37.0161881409204,6.74674098214159));
#13262=DIRECTION('',(0.766044443132501,0.642787609670424,0.));
#13263=DIRECTION('',(0.13944021128864,-0.166178372762432,-0.976187059892626));
#13264=CARTESIAN_POINT('',(-37.8271288968918,46.4210044189896,-6.6));
#13265=CARTESIAN_POINT('',(-29.9355510144208,37.016188125916,-6.6));
#13266=VECTOR('',#13267,1.);
#13267=DIRECTION('',(-0.642787609670424,0.7660444431325,0.));
#13268=CARTESIAN_POINT('',(-37.8271288968918,46.4210044189896,-6.6));
#13269=VECTOR('',#13270,1.);
#13270=DIRECTION('',(0.,0.,1.));
#13271=CARTESIAN_POINT('',(-36.7370545324408,44.4996148477811,-7.00000000011699));
#13272=CARTESIAN_POINT('',(-38.2446127945946,38.1294531541141,-7.));
#13273=AXIS2_PLACEMENT_3D('',#13274,#13275,#13276);
#13274=CARTESIAN_POINT('',(-42.5,42.5,-7.));
#13275=DIRECTION('',(0.,0.,1.));
#13276=DIRECTION('',(0.697604459902418,-0.716483089489386,0.));
#13277=CARTESIAN_POINT('',(-40.842689005978,36.6294531541683,-7.));
#13278=AXIS2_PLACEMENT_3D('',#13279,#13280,#13281);
#13279=CARTESIAN_POINT('',(-42.5,42.5,-7.));
#13280=DIRECTION('',(0.,0.,1.));
#13281=DIRECTION('',(0.271690326888811,-0.962384728824731,0.));
#13282=CARTESIAN_POINT('',(-47.1131899899074,38.5089502485505,-7.00000000011698));
#13283=AXIS2_PLACEMENT_3D('',#13284,#13285,#13286);
#13284=CARTESIAN_POINT('',(-42.5,42.5,-7.));
#13285=DIRECTION('',(0.,0.,1.));
#13286=DIRECTION('',(-0.756260654067664,-0.65427045104387,0.));
#13287=CARTESIAN_POINT('',(-48.2321249868363,40.4136771258296,-6.6));
#13288=CARTESIAN_POINT('',(-47.1131899898128,38.5089502486324,-7.00000000035094));
#13289=CARTESIAN_POINT('',(-47.6003352404966,39.0720335810989,-6.73481904509279));
#13290=CARTESIAN_POINT('',(-47.9774696097148,39.7140172274014,-6.6));
#13291=CARTESIAN_POINT('',(-48.2321249868363,40.4136771258296,-6.6));
#13292=CARTESIAN_POINT('',(-48.2321249868363,40.4136771258296,-6.6));
#13293=VECTOR('',#13294,1.);
#13294=DIRECTION('',(0.,0.,1.));
#13295=CARTESIAN_POINT('',(-47.518973419772,45.966973581039,0.578679656440356));
#13296=CARTESIAN_POINT('',(-48.2280466718723,44.5974940583593,1.5));
#13297=CARTESIAN_POINT('',(-48.2040558000201,44.6630107319921,1.52293063479283));
#13298=CARTESIAN_POINT('',(-48.1554129493916,44.7892052715112,1.55706495246188));
#13299=CARTESIAN_POINT('',(-48.0798886790634,44.966921471233,1.57798815530766));
#13300=CARTESIAN_POINT('',(-48.0069652352009,45.1253012275661,1.57403589430592));
#13301=CARTESIAN_POINT('',(-47.9365713549525,45.2679816954847,1.54994982792131));
#13302=CARTESIAN_POINT('',(-47.8663239317315,45.4016558392474,1.50598713562801));
#13303=CARTESIAN_POINT('',(-47.7973563379668,45.5256031002386,1.44244220285583));
#13304=CARTESIAN_POINT('',(-47.7305460604316,45.6395398728789,1.35834368268385));
#13305=CARTESIAN_POINT('',(-47.6681419884384,45.7410526674609,1.25360986309145));
#13306=CARTESIAN_POINT('',(-47.6134817609094,45.8264174937256,1.13065468114371));
#13307=CARTESIAN_POINT('',(-47.5700642487088,45.8920338277865,0.995231964608146));
#13308=CARTESIAN_POINT('',(-47.5397873697795,45.9367271422614,0.854553836259082));
#13309=CARTESIAN_POINT('',(-47.5226394605681,45.9616749235911,0.71532366636782));
#13310=CARTESIAN_POINT('',(-47.5189732791539,45.9669737846051,0.623353215721517));
#13311=CARTESIAN_POINT('',(-47.5189734198614,45.9669735809096,0.578679656440357));
#13312=CARTESIAN_POINT('',(-47.5189734196826,45.9669735811684,-3.9));
#13313=CARTESIAN_POINT('',(-47.5189734196826,45.9669735811684,-3.9));
#13314=VECTOR('',#13315,1.);
#13315=DIRECTION('',(0.,0.,1.));
#13316=CARTESIAN_POINT('',(-42.993000485449,48.5800452729685,-3.9));
#13317=AXIS2_PLACEMENT_3D('',#13318,#13319,#13320);
#13318=CARTESIAN_POINT('',(-42.5,42.5,-3.9));
#13319=DIRECTION('',(0.,0.,1.));
#13320=DIRECTION('',(-0.0808197517129488,0.996728733273531,0.));
#13321=CARTESIAN_POINT('',(-42.9930004852922,48.5800452729812,0.578679656440356));
#13322=CARTESIAN_POINT('',(-42.993000485449,48.5800452729685,-3.9));
#13323=VECTOR('',#13324,1.);
#13324=DIRECTION('',(0.,0.,1.));
#13325=CARTESIAN_POINT('',(-42.9930004851354,48.5800452729939,0.578679656440357));
#13326=CARTESIAN_POINT('',(-42.9930004810339,48.5800452733265,0.6484761204212));
#13327=CARTESIAN_POINT('',(-42.9787706761939,48.5812273078525,0.778757307948998));
#13328=CARTESIAN_POINT('',(-42.9220781829067,48.58550679441,0.954123338270053));
#13329=CARTESIAN_POINT('',(-42.8431086559684,48.5905471635978,1.10220878032911));
#13330=CARTESIAN_POINT('',(-42.7456398242197,48.5953702376654,1.229284432155));
#13331=CARTESIAN_POINT('',(-42.6296645987172,48.5990397817299,1.33819943262773));
#13332=CARTESIAN_POINT('',(-42.4999712168425,48.6004938326037,1.42659933381527));
#13333=CARTESIAN_POINT('',(-42.3601702527839,48.5989639245296,1.49436136547249));
#13334=CARTESIAN_POINT('',(-42.2114495631284,48.5938092892791,1.54227205586824));
#13335=CARTESIAN_POINT('',(-42.05356261006,48.5843615339488,1.57072685485896));
#13336=CARTESIAN_POINT('',(-41.8889337681379,48.5700993013317,1.57874997792053));
#13337=CARTESIAN_POINT('',(-41.7269542839294,48.5515202431798,1.56658167304238));
#13338=CARTESIAN_POINT('',(-41.5809682103406,48.5308872344099,1.53847124741564));
#13339=CARTESIAN_POINT('',(-41.49207393909,48.5162863978207,1.51379080210081));
#13340=CARTESIAN_POINT('',(-41.4524598026419,48.5093809610407,1.5));
#13341=CARTESIAN_POINT('',(-36.7370545325591,44.49961484774,-7.00000000035096));
#13342=CARTESIAN_POINT('',(-36.9811263775517,45.2030366764086,-6.73481904509279));
#13343=CARTESIAN_POINT('',(-37.348533339428,45.8506364439582,-6.6));
#13344=CARTESIAN_POINT('',(-37.8271288968918,46.4210044189896,-6.6));
#13345=CARTESIAN_POINT('',(-37.8271288968918,46.4210044189896,-7.4));
#13346=AXIS2_PLACEMENT_3D('',#13347,#13348,#13349);
#13347=CARTESIAN_POINT('',(-42.5,42.5,-7.4));
#13348=DIRECTION('',(0.,0.,1.));
#13349=DIRECTION('',(0.7660444431325,0.642787609670425,0.));
#13350=CARTESIAN_POINT('',(-42.9930004852922,48.5800452729812,0.578679656440356));
#13351=VECTOR('',#13352,1.);
#13352=DIRECTION('',(-0.570709536405458,-0.821152010930904,-5.09778060088544E-16));
#13353=CARTESIAN_POINT('',(-43.8448671180996,47.2638044076824,-3.3));
#13354=CARTESIAN_POINT('',(-43.8448671180996,47.2638044076824,-3.3));
#13355=VECTOR('',#13356,1.);
#13356=DIRECTION('',(0.19211407252587,-0.680508767862349,-0.707106781186542));
#13357=CARTESIAN_POINT('',(-45.953142076517,46.0465912929725,-3.3));
#13358=AXIS2_PLACEMENT_3D('',#13359,#13360,#13361);
#13359=CARTESIAN_POINT('',(-42.5,42.5,-3.3));
#13360=DIRECTION('',(0.,0.,1.));
#13361=DIRECTION('',(-0.27169032688881,0.962384728824732,0.));
#13362=CARTESIAN_POINT('',(-45.5345794005755,45.6167014392788,-3.9));
#13363=VECTOR('',#13364,1.);
#13364=DIRECTION('',(-0.493280844182977,0.506630051183437,0.707106781186545));
#13365=CARTESIAN_POINT('',(-45.9998204761546,46.0945329073215,-3.3));
#13366=CARTESIAN_POINT('',(-45.9998204761546,46.0945329073215,-3.3));
#13367=VECTOR('',#13368,1.);
#13368=DIRECTION('',(0.69760445990246,-0.716483089489345,0.));
#13369=CARTESIAN_POINT('',(-45.9998204761546,46.0945329073215,-3.3));
#13370=VECTOR('',#13371,1.);
#13371=DIRECTION('',(0.,0.,1.));
#13372=CARTESIAN_POINT('',(-40.8426890059779,36.6294531541677,-7.));
#13373=VECTOR('',#13374,1.);
#13374=DIRECTION('',(0.,0.,1.));
#13375=CARTESIAN_POINT('',(-41.3181470780337,38.3136264296124,-7.));
#13376=VECTOR('',#13377,1.);
#13377=DIRECTION('',(0.271690326888808,-0.962384728824732,0.));
#13378=CARTESIAN_POINT('',(-38.2446127945932,38.1294531541126,-7.));
#13379=VECTOR('',#13380,1.);
#13380=DIRECTION('',(-0.697604459902415,0.716483089489388,0.));
#13381=CARTESIAN_POINT('',(-42.5,46.65,-7.));
#13382=AXIS2_PLACEMENT_3D('',#13383,#13384,#13385);
#13383=CARTESIAN_POINT('',(-42.5,42.5,-7.));
#13384=DIRECTION('',(0.,0.,-1.));
#13385=DIRECTION('',(-1.2246444186196E-16,1.,0.));
#13386=CARTESIAN_POINT('',(-38.2446127945942,38.1294531541136,-7.));
#13387=VECTOR('',#13388,1.);
#13388=DIRECTION('',(0.,0.,1.));
#13389=CARTESIAN_POINT('',(-43.8630465742028,47.3281998947519,-3.3));
#13390=CARTESIAN_POINT('',(-43.8630465742028,47.3281998947519,-3.3));
#13391=VECTOR('',#13392,1.);
#13392=DIRECTION('',(0.,0.,1.));
#13393=CARTESIAN_POINT('',(-43.8448671180996,47.2638044076824,-3.3));
#13394=VECTOR('',#13395,1.);
#13395=DIRECTION('',(-0.271690326888709,0.96238472882476,0.));
#13396=AXIS2_PLACEMENT_3D('',#13397,#13398,#13399);
#13397=CARTESIAN_POINT('',(-42.5,42.5,-7.));
#13398=DIRECTION('',(0.,0.,1.));
#13399=DIRECTION('',(0.271690326888811,-0.962384728824731,0.));
#13400=CARTESIAN_POINT('',(-47.518973419772,45.966973581039,0.578679656440356));
#13401=VECTOR('',#13402,1.);
#13402=DIRECTION('',(0.996493270041025,0.0836729512025584,7.28254371555055E-17));
#13403=CARTESIAN_POINT('',(-43.4254911937608,27.2075593149343,-6.6));
#13404=CARTESIAN_POINT('',(-48.2321249868363,40.4136771258296,-6.6));
#13405=VECTOR('',#13406,1.);
#13406=DIRECTION('',(0.342020143306627,-0.939692620792839,0.));
#13407=CARTESIAN_POINT('',(-42.4311578728481,24.475650968143,-6.27418136600619));
#13408=CARTESIAN_POINT('',(-43.4254911937608,27.2075593149343,-6.6));
#13409=CARTESIAN_POINT('',(-43.3410964744478,26.9756867292861,-6.59286838894749));
#13410=CARTESIAN_POINT('',(-43.2565615162043,26.743428840343,-6.591849042446));
#13411=CARTESIAN_POINT('',(-43.0839297410114,26.26912693609,-6.56266925615233));
#13412=CARTESIAN_POINT('',(-42.9955527961197,26.0263132755844,-6.54023382520112));
#13413=CARTESIAN_POINT('',(-42.819682236403,25.5431128839854,-6.48059679112567));
#13414=CARTESIAN_POINT('',(-42.7319039325309,25.3019439761636,-6.44329779579967));
#13415=CARTESIAN_POINT('',(-42.5772745812265,24.8771033250431,-6.36420696983178));
#13416=CARTESIAN_POINT('',(-42.5100444977624,24.6923901888057,-6.32528108563713));
#13417=CARTESIAN_POINT('',(-42.4391893920651,24.497717385837,-6.27942840073082));
#13418=CARTESIAN_POINT('',(-42.4351626833933,24.4866540946859,-6.27695090943003));
#13419=CARTESIAN_POINT('',(-42.4311578728481,24.4756509681431,-6.27418136600619));
#13420=CARTESIAN_POINT('',(-37.8240405718599,11.8177002129031,-3.29335417994673));
#13421=CARTESIAN_POINT('',(-42.4311578728481,24.475650968143,-6.27418136600619));
#13422=VECTOR('',#13423,1.);
#13423=DIRECTION('',(0.333941522864872,-0.917496793547373,0.216061780833582));
#13424=CARTESIAN_POINT('',(-37.8240405718599,11.8177002129031,-3.29335417767245));
#13425=VECTOR('',#13426,1.);
#13426=DIRECTION('',(0.,7.41174874026442E-16,1.));
#13427=CARTESIAN_POINT('',(-37.3043531308683,10.2781281256931,-2.933038482938));
#13428=CARTESIAN_POINT('',(-37.3043531308381,10.2781281255962,-2.93303848605304));
#13429=CARTESIAN_POINT('',(-37.358061742778,10.4505142534806,-2.97313521236627));
#13430=CARTESIAN_POINT('',(-37.468183320645,10.7944504150855,-3.05328000125714));
#13431=CARTESIAN_POINT('',(-37.6221836438979,11.2506760837258,-3.16004978410266));
#13432=CARTESIAN_POINT('',(-37.7421435226749,11.5913056776806,-3.24005651262723));
#13433=CARTESIAN_POINT('',(-37.8034554839636,11.7611419353599,-3.28003289215411));
#13434=CARTESIAN_POINT('',(-37.8240405722451,11.8177002127629,-3.29335417767246));
#13435=CARTESIAN_POINT('',(-36.5298603624176,7.34439997344814,-2.6));
#13436=CARTESIAN_POINT('',(-37.3043531308984,10.2781281257899,-2.93303847982296));
#13437=CARTESIAN_POINT('',(-37.2718750811722,10.1738847832195,-2.91210061995208));
#13438=CARTESIAN_POINT('',(-37.2143828855558,9.98622652987296,-2.87220441463534));
#13439=CARTESIAN_POINT('',(-37.1392339321869,9.7332662675939,-2.81989666801305));
#13440=CARTESIAN_POINT('',(-37.0793516889016,9.52660988829296,-2.78223591276987));
#13441=CARTESIAN_POINT('',(-37.0213394441848,9.32217078488852,-2.74955732007174));
#13442=CARTESIAN_POINT('',(-36.9470505433209,9.05396576365602,-2.71066500431214));
#13443=CARTESIAN_POINT('',(-36.8552145714188,8.70976926983985,-2.66951852921239));
#13444=CARTESIAN_POINT('',(-36.75697904017,8.32334227640901,-2.63507795839684));
#13445=CARTESIAN_POINT('',(-36.6743251436065,7.98180718976877,-2.61465433266301));
#13446=CARTESIAN_POINT('',(-36.6144054954932,7.72377876995696,-2.60531480153206));
#13447=CARTESIAN_POINT('',(-36.5766649194374,7.55672432650756,-2.60169060598892));
#13448=CARTESIAN_POINT('',(-36.5549901167315,7.45911399213231,-2.60066070717888));
#13449=CARTESIAN_POINT('',(-36.5407195701258,7.39420121864869,-2.60030702288885));
#13450=CARTESIAN_POINT('',(-36.5336581752215,7.3618593120987,-2.6001234490013));
#13451=CARTESIAN_POINT('',(-36.5298603624176,7.34439997344816,-2.6));
#13452=CARTESIAN_POINT('',(-36.5298603624176,-7.34439997344817,-2.6));
#13453=AXIS2_PLACEMENT_3D('',#13454,#13455,#13456);
#13454=CARTESIAN_POINT('',(-70.2936009530387,-1.13947005856061E-14,-2.6));
#13455=DIRECTION('',(0.,0.,-1.));
#13456=DIRECTION('',(0.977149584243672,0.212552793471218,0.));
#13457=CARTESIAN_POINT('',(-37.3043531308683,-10.2781281256931,-2.933038482938));
#13458=CARTESIAN_POINT('',(-37.3043531308984,-10.2781281257899,-2.93303847982296));
#13459=CARTESIAN_POINT('',(-37.2718750811737,-10.1738847832244,-2.91210061995306));
#13460=CARTESIAN_POINT('',(-37.2143828855601,-9.98622652988706,-2.87220441463836));
#13461=CARTESIAN_POINT('',(-37.1392339321948,-9.7332662676208,-2.81989666801854));
#13462=CARTESIAN_POINT('',(-37.0793516889081,-9.5266098883159,-2.78223591277353));
#13463=CARTESIAN_POINT('',(-37.0213394441848,-9.32217078488884,-2.74955732007163));
#13464=CARTESIAN_POINT('',(-36.9470505433097,-9.05396576361537,-2.71066500430642));
#13465=CARTESIAN_POINT('',(-36.8552145713985,-8.70976926976267,-2.66951852920401));
#13466=CARTESIAN_POINT('',(-36.7569790401458,-8.32334227631171,-2.63507795838952));
#13467=CARTESIAN_POINT('',(-36.6743251435784,-7.98180718965073,-2.61465433265708));
#13468=CARTESIAN_POINT('',(-36.6144054954662,-7.72377876983934,-2.60531480152865));
#13469=CARTESIAN_POINT('',(-36.5766649194119,-7.55672432639395,-2.60169060598696));
#13470=CARTESIAN_POINT('',(-36.5549901167166,-7.45911399206465,-2.60066070717852));
#13471=CARTESIAN_POINT('',(-36.5407195701187,-7.39420121861638,-2.60030702288866));
#13472=CARTESIAN_POINT('',(-36.5336581752208,-7.36185931209571,-2.60012344900128));
#13473=CARTESIAN_POINT('',(-36.5298603624176,-7.34439997344817,-2.6));
#13474=CARTESIAN_POINT('',(-37.8240405718599,-11.8177002129031,-3.29335417994673));
#13475=CARTESIAN_POINT('',(-37.3043531308381,-10.2781281255962,-2.93303848605304));
#13476=CARTESIAN_POINT('',(-37.3580616575195,-10.4505139798305,-2.97313514871572));
#13477=CARTESIAN_POINT('',(-37.4681832479528,-10.7944502242083,-3.05328020160469));
#13478=CARTESIAN_POINT('',(-37.6414340666147,-11.3077053708513,-3.17339540121773));
#13479=CARTESIAN_POINT('',(-37.7622846467532,-11.6480235654009,-3.25338989359077));
#13480=CARTESIAN_POINT('',(-37.8240405722451,-11.8177002127629,-3.29335417767246));
#13481=CARTESIAN_POINT('',(-37.8240405718599,-11.8177002129031,-3.29335417767245));
#13482=VECTOR('',#13483,1.);
#13483=DIRECTION('',(0.,0.,1.));
#13484=CARTESIAN_POINT('',(-42.4311578728481,-24.4756509681431,-6.27418136600619));
#13485=CARTESIAN_POINT('',(-42.4311578728481,-24.4756509681431,-6.27418136600619));
#13486=VECTOR('',#13487,1.);
#13487=DIRECTION('',(0.333941522864871,0.917496793547374,0.216061780833582));
#13488=CARTESIAN_POINT('',(-43.4254911937608,-27.2075593149343,-6.6));
#13489=CARTESIAN_POINT('',(-43.4254911937608,-27.2075593149343,-6.6));
#13490=CARTESIAN_POINT('',(-43.3410964744478,-26.9756867292861,-6.59286838894749));
#13491=CARTESIAN_POINT('',(-43.2565615162043,-26.743428840343,-6.591849042446));
#13492=CARTESIAN_POINT('',(-43.0839297410113,-26.26912693609,-6.56266925615233));
#13493=CARTESIAN_POINT('',(-42.9955527961197,-26.0263132755844,-6.54023382520112));
#13494=CARTESIAN_POINT('',(-42.8196822364029,-25.5431128839854,-6.48059679112568));
#13495=CARTESIAN_POINT('',(-42.7319039325309,-25.3019439761636,-6.44329779579967));
#13496=CARTESIAN_POINT('',(-42.5772745812265,-24.8771033250431,-6.36420696983178));
#13497=CARTESIAN_POINT('',(-42.5100444977623,-24.6923901888057,-6.32528108563712));
#13498=CARTESIAN_POINT('',(-42.439189392065,-24.497717385837,-6.27942840073082));
#13499=CARTESIAN_POINT('',(-42.4351626833933,-24.4866540946859,-6.27695090943003));
#13500=CARTESIAN_POINT('',(-42.4311578728481,-24.4756509681431,-6.27418136600619));
#13501=CARTESIAN_POINT('',(-48.2321249868363,-40.4136771258296,-6.6));
#13502=CARTESIAN_POINT('',(-48.2321249868363,-40.4136771258296,-6.6));
#13503=VECTOR('',#13504,1.);
#13504=DIRECTION('',(0.342020143306626,0.939692620792839,0.));
#13505=CARTESIAN_POINT('',(-48.2321249868363,-40.4136771258296,-6.6));
#13506=VECTOR('',#13507,1.);
#13507=DIRECTION('',(0.,0.,1.));
#13508=CARTESIAN_POINT('',(-47.518973419772,-45.966973581039,0.578679656440356));
#13509=CARTESIAN_POINT('',(-47.518973419772,-45.966973581039,0.578679656440356));
#13510=VECTOR('',#13511,1.);
#13511=DIRECTION('',(0.996493270041025,-0.0836729512025584,7.28254371555055E-17));
#13512=CARTESIAN_POINT('',(-48.2280466718723,-44.5974940583593,1.5));
#13513=CARTESIAN_POINT('',(-48.2040558000196,-44.6630107319935,1.5229306347933));
#13514=CARTESIAN_POINT('',(-48.1554129493902,-44.7892052715149,1.55706495246276));
#13515=CARTESIAN_POINT('',(-48.0798886790608,-44.9669214712388,1.57798815530801));
#13516=CARTESIAN_POINT('',(-48.0069652351979,-45.1253012275724,1.57403589430532));
#13517=CARTESIAN_POINT('',(-47.9365713549495,-45.2679816954904,1.54994982791989));
#13518=CARTESIAN_POINT('',(-47.8663239317285,-45.4016558392529,1.50598713562578));
#13519=CARTESIAN_POINT('',(-47.7973563379639,-45.5256031002437,1.44244220285271));
#13520=CARTESIAN_POINT('',(-47.7305460604284,-45.6395398728841,1.35834368267934));
#13521=CARTESIAN_POINT('',(-47.6681419884372,-45.7410526674628,1.25360986308867));
#13522=CARTESIAN_POINT('',(-47.6134817609148,-45.8264174937172,1.13065468115534));
#13523=CARTESIAN_POINT('',(-47.5700642487243,-45.8920338277631,0.995231964659588));
#13524=CARTESIAN_POINT('',(-47.5397873697954,-45.9367271422381,0.854553836348058));
#13525=CARTESIAN_POINT('',(-47.5226394605727,-45.9616749235846,0.715323666443805));
#13526=CARTESIAN_POINT('',(-47.5189732791539,-45.9669737846052,0.623353215757754));
#13527=CARTESIAN_POINT('',(-47.5189734198614,-45.9669735809096,0.578679656440357));
#13528=CARTESIAN_POINT('',(-37.8271288968917,-46.4210044189896,-6.6));
#13529=CARTESIAN_POINT('',(-36.7370545324408,-44.4996148477812,-7.00000000011698));
#13530=CARTESIAN_POINT('',(-36.7370545325591,-44.4996148477401,-7.00000000035094));
#13531=CARTESIAN_POINT('',(-36.9811263775517,-45.2030366764086,-6.73481904509279));
#13532=CARTESIAN_POINT('',(-37.348533339428,-45.8506364439582,-6.6));
#13533=CARTESIAN_POINT('',(-37.8271288968917,-46.4210044189896,-6.6));
#13534=CARTESIAN_POINT('',(-37.8271288968917,-46.4210044189896,-6.6));
#13535=VECTOR('',#13536,1.);
#13536=DIRECTION('',(0.,0.,1.));
#13537=CARTESIAN_POINT('',(-42.9930004852922,-48.5800452729813,0.578679656440356));
#13538=CARTESIAN_POINT('',(-42.9930004851354,-48.580045272994,0.578679656440357));
#13539=CARTESIAN_POINT('',(-42.9930004810338,-48.5800452733266,0.648476120420275));
#13540=CARTESIAN_POINT('',(-42.9787706761942,-48.5812273078525,0.778757307947149));
#13541=CARTESIAN_POINT('',(-42.9220781829076,-48.5855067944099,0.954123338267953));
#13542=CARTESIAN_POINT('',(-42.843108655969,-48.5905471635978,1.1022087803283));
#13543=CARTESIAN_POINT('',(-42.7456398242194,-48.5953702376654,1.22928443215539));
#13544=CARTESIAN_POINT('',(-42.6296645987157,-48.59903978173,1.33819943262902));
#13545=CARTESIAN_POINT('',(-42.4999712168399,-48.6004938326037,1.42659933381678));
#13546=CARTESIAN_POINT('',(-42.3601702527804,-48.5989639245295,1.4943613654739));
#13547=CARTESIAN_POINT('',(-42.2114495631254,-48.5938092892789,1.54227205586893));
#13548=CARTESIAN_POINT('',(-42.0535626100607,-48.5843615339488,1.57072685485861));
#13549=CARTESIAN_POINT('',(-41.8889337681476,-48.5700993013326,1.57874997792019));
#13550=CARTESIAN_POINT('',(-41.7269542839466,-48.551520243182,1.56658167304438));
#13551=CARTESIAN_POINT('',(-41.5809682103547,-48.5308872344122,1.53847124741935));
#13552=CARTESIAN_POINT('',(-41.4920739390966,-48.5162863978218,1.51379080210312));
#13553=CARTESIAN_POINT('',(-41.4524598026418,-48.5093809610407,1.5));
#13554=CARTESIAN_POINT('',(-42.993000485449,-48.5800452729685,-3.9));
#13555=CARTESIAN_POINT('',(-42.993000485449,-48.5800452729685,-3.9));
#13556=VECTOR('',#13557,1.);
#13557=DIRECTION('',(0.,0.,1.));
#13558=CARTESIAN_POINT('',(-47.5189734196826,-45.9669735811684,-3.9));
#13559=AXIS2_PLACEMENT_3D('',#13560,#13561,#13562);
#13560=CARTESIAN_POINT('',(-42.5,-42.5,-3.9));
#13561=DIRECTION('',(0.,0.,-1.));
#13562=DIRECTION('',(-0.0808197517129488,-0.996728733273531,0.));
#13563=CARTESIAN_POINT('',(-47.5189734196826,-45.9669735811684,-3.9));
#13564=VECTOR('',#13565,1.);
#13565=DIRECTION('',(0.,0.,1.));
#13566=CARTESIAN_POINT('',(-47.1131899899074,-38.5089502485505,-7.00000000011698));
#13567=CARTESIAN_POINT('',(-47.1131899898127,-38.5089502486324,-7.00000000035095));
#13568=CARTESIAN_POINT('',(-47.6003352404966,-39.0720335810989,-6.73481904509279));
#13569=CARTESIAN_POINT('',(-47.9774696097148,-39.7140172274014,-6.6));
#13570=CARTESIAN_POINT('',(-48.2321249868363,-40.4136771258296,-6.6));
#13571=CARTESIAN_POINT('',(-40.842689005978,-36.6294531541683,-7.));
#13572=AXIS2_PLACEMENT_3D('',#13573,#13574,#13575);
#13573=CARTESIAN_POINT('',(-42.5,-42.5,-7.));
#13574=DIRECTION('',(0.,0.,-1.));
#13575=DIRECTION('',(-0.756260654067661,0.654270451043874,0.));
#13576=CARTESIAN_POINT('',(-38.2446127945946,-38.1294531541141,-7.));
#13577=AXIS2_PLACEMENT_3D('',#13578,#13579,#13580);
#13578=CARTESIAN_POINT('',(-42.5,-42.5,-7.));
#13579=DIRECTION('',(0.,0.,-1.));
#13580=DIRECTION('',(0.271690326888811,0.962384728824731,0.));
#13581=AXIS2_PLACEMENT_3D('',#13582,#13583,#13584);
#13582=CARTESIAN_POINT('',(-42.5,-42.5,-7.));
#13583=DIRECTION('',(0.,0.,-1.));
#13584=DIRECTION('',(0.697604459902418,0.716483089489386,0.));
#13585=CARTESIAN_POINT('',(-37.8271288968917,-46.4210044189896,-7.4));
#13586=AXIS2_PLACEMENT_3D('',#13587,#13588,#13589);
#13587=CARTESIAN_POINT('',(-42.5,-42.5,-7.4));
#13588=DIRECTION('',(0.,0.,-1.));
#13589=DIRECTION('',(0.7660444431325,-0.642787609670425,0.));
#13590=CARTESIAN_POINT('',(-43.8448671180996,-47.2638044076824,-3.3));
#13591=CARTESIAN_POINT('',(-43.8630465742028,-47.3281998947519,-3.3));
#13592=CARTESIAN_POINT('',(-43.8448671180996,-47.2638044076824,-3.3));
#13593=VECTOR('',#13594,1.);
#13594=DIRECTION('',(-0.271690326888933,-0.962384728824697,0.));
#13595=CARTESIAN_POINT('',(-43.8630465742028,-47.3281998947519,-3.3));
#13596=VECTOR('',#13597,1.);
#13597=DIRECTION('',(0.,0.,1.));
#13598=CARTESIAN_POINT('',(-43.8448671180996,-47.2638044076824,-3.3));
#13599=VECTOR('',#13600,1.);
#13600=DIRECTION('',(0.192114072525871,0.680508767862344,-0.707106781186546));
#13601=CARTESIAN_POINT('',(-38.2446127945942,-38.1294531541137,-7.));
#13602=VECTOR('',#13603,1.);
#13603=DIRECTION('',(0.,0.,1.));
#13604=CARTESIAN_POINT('',(-38.2446127945931,-38.1294531541126,-7.));
#13605=VECTOR('',#13606,1.);
#13606=DIRECTION('',(-0.697604459902418,-0.716483089489387,0.));
#13607=CARTESIAN_POINT('',(-41.3181470780337,-38.3136264296124,-7.));
#13608=VECTOR('',#13609,1.);
#13609=DIRECTION('',(0.271690326888808,0.962384728824732,0.));
#13610=CARTESIAN_POINT('',(-42.5,-46.65,-7.));
#13611=AXIS2_PLACEMENT_3D('',#13612,#13613,#13614);
#13612=CARTESIAN_POINT('',(-42.5,-42.5,-7.));
#13613=DIRECTION('',(0.,0.,1.));
#13614=DIRECTION('',(2.44929359829471E-16,-1.,0.));
#13615=CARTESIAN_POINT('',(-40.8426890059778,-36.6294531541677,-7.));
#13616=VECTOR('',#13617,1.);
#13617=DIRECTION('',(0.,0.,1.));
#13618=CARTESIAN_POINT('',(-45.9998204761546,-46.0945329073215,-3.3));
#13619=CARTESIAN_POINT('',(-45.9998204761546,-46.0945329073215,-3.3));
#13620=VECTOR('',#13621,1.);
#13621=DIRECTION('',(0.,0.,1.));
#13622=CARTESIAN_POINT('',(-45.953142076517,-46.0465912929725,-3.3));
#13623=CARTESIAN_POINT('',(-45.9998204761546,-46.0945329073215,-3.3));
#13624=VECTOR('',#13625,1.);
#13625=DIRECTION('',(0.697604459902407,0.716483089489397,0.));
#13626=CARTESIAN_POINT('',(-45.5345794005755,-45.6167014392788,-3.9));
#13627=VECTOR('',#13628,1.);
#13628=DIRECTION('',(-0.493280844182986,-0.506630051183429,0.707106781186545));
#13629=AXIS2_PLACEMENT_3D('',#13630,#13631,#13632);
#13630=CARTESIAN_POINT('',(-42.5,-42.5,-3.3));
#13631=DIRECTION('',(0.,0.,-1.));
#13632=DIRECTION('',(-0.27169032688881,-0.962384728824732,0.));
#13633=AXIS2_PLACEMENT_3D('',#13634,#13635,#13636);
#13634=CARTESIAN_POINT('',(-42.5,-42.5,-7.));
#13635=DIRECTION('',(0.,0.,-1.));
#13636=DIRECTION('',(0.271690326888811,0.962384728824731,0.));
#13637=CARTESIAN_POINT('',(-42.9930004852922,-48.5800452729813,0.578679656440356));
#13638=VECTOR('',#13639,1.);
#13639=DIRECTION('',(-0.570709536405461,0.821152010930902,-5.09778060088543E-16));
#13640=CARTESIAN_POINT('',(-18.3980522117387,-23.2663324776808,-2.93687549284266));
#13641=CARTESIAN_POINT('',(-17.3954008565278,-22.0714191229377,-2.68071211660947));
#13642=AXIS2_PLACEMENT_3D('',#13643,#13644,#13645);
#13643=CARTESIAN_POINT('',(-16.4254276583382,-20.9154500792258,-16.7467409821416));
#13644=DIRECTION('',(0.766044443132501,-0.642787609670424,6.93889390390723E-18));
#13645=DIRECTION('',(-0.068565134488409,-0.0817127453567577,0.994294649275982));
#13646=CARTESIAN_POINT('',(-17.3954008565091,-22.0714191229154,-2.68071211659833));
#13647=VECTOR('',#13648,1.);
#13648=DIRECTION('',(0.,8.49786730039474E-16,1.));
#13649=CARTESIAN_POINT('',(-29.9355510147626,-37.0161881263233,-6.6000000021245));
#13650=CARTESIAN_POINT('',(-29.9355510144208,-37.016188125916,-6.6));
#13651=VECTOR('',#13652,1.);
#13652=DIRECTION('',(-0.642787609670424,-0.766044443132501,0.));
#13653=CARTESIAN_POINT('',(-28.0744786434276,-34.7982484416124,-6.28217486036407));
#13654=AXIS2_PLACEMENT_3D('',#13655,#13656,#13657);
#13655=CARTESIAN_POINT('',(-29.935551027011,-37.0161881409204,6.74674098214159));
#13656=DIRECTION('',(-0.766044443132501,0.642787609670424,-1.38777878078145E-17));
#13657=DIRECTION('',(0.13944021128864,0.166178372762432,-0.976187059892626));
#13658=CARTESIAN_POINT('',(-18.3980522114711,-23.2663324773619,-2.93687549160095));
#13659=VECTOR('',#13660,1.);
#13660=DIRECTION('',(-0.627480947006841,-0.747802672911769,-0.216930457818656));
#13661=CARTESIAN_POINT('',(-6.51970740368832,-17.,-2.6));
#13662=CARTESIAN_POINT('',(-16.3937384715274,-20.9960199378943,-2.6));
#13663=AXIS2_PLACEMENT_3D('',#13664,#13665,#13666);
#13664=CARTESIAN_POINT('',(-6.51970741531356,-31.1972095242992,-2.6));
#13665=DIRECTION('',(0.,0.,1.));
#13666=DIRECTION('',(8.18840371387739E-10,1.,0.));
#13667=CARTESIAN_POINT('',(-6.51970740368832,-17.,-2.6));
#13668=VECTOR('',#13669,1.);
#13669=DIRECTION('',(2.16628882853689E-16,0.,1.));
#13670=CARTESIAN_POINT('',(-16.3937384715274,-20.9960199378943,-2.6));
#13671=CARTESIAN_POINT('',(-16.438930237812,-21.0397623759697,-2.60128966472158));
#13672=CARTESIAN_POINT('',(-16.5227309373548,-21.1219610275118,-2.60310480667432));
#13673=CARTESIAN_POINT('',(-16.6395218699981,-21.2393969151915,-2.60606071343094));
#13674=CARTESIAN_POINT('',(-16.7452541236421,-21.3480455839977,-2.61083931548894));
#13675=CARTESIAN_POINT('',(-16.8542610678346,-21.4623838415661,-2.61786381612741));
#13676=CARTESIAN_POINT('',(-16.985071110696,-21.6028174631716,-2.62832130701433));
#13677=CARTESIAN_POINT('',(-17.1310511955157,-21.7643615876395,-2.64343194974788));
#13678=CARTESIAN_POINT('',(-17.2723943611145,-21.9260850862164,-2.6615267899615));
#13679=CARTESIAN_POINT('',(-17.3582182380702,-22.0271066040326,-2.67486584899085));
#13680=CARTESIAN_POINT('',(-17.3954008565091,-22.0714191229154,-2.68071211659833));
#13681=CARTESIAN_POINT('',(-6.51970740368832,-17.,-2.6));
#13682=VECTOR('',#13683,1.);
#13683=DIRECTION('',(1.,0.,0.));
#13684=CARTESIAN_POINT('',(16.4,8.89999999999999,4.04240715004935E-16));
#13685=VECTOR('',#13686,1.);
#13686=DIRECTION('',(0.577350269189627,-0.577350269189625,0.577350269189625));
#13687=CARTESIAN_POINT('',(17.5,8.49999999999999,1.1));
#13688=VECTOR('',#13689,1.);
#13689=DIRECTION('',(0.,-1.,-2.61228946970625E-17));
#13690=CARTESIAN_POINT('',(16.8,-8.49999999999999,0.4));
#13691=VECTOR('',#13692,1.);
#13692=DIRECTION('',(-0.577350269189625,-0.57735026918963,-0.577350269189622));
#13693=CARTESIAN_POINT('',(18.5,-8.49999999999999,1.1));
#13694=VECTOR('',#13695,1.);
#13695=DIRECTION('',(0.,1.,9.14301314397188E-17));
#13696=CARTESIAN_POINT('',(19.1,-8.5,1.7));
#13697=VECTOR('',#13698,1.);
#13698=DIRECTION('',(-2.089831575765E-16,1.,7.83686840911876E-17));
#13699=CARTESIAN_POINT('',(36.320530494256,-12.3649272638241,2.7));
#13700=CARTESIAN_POINT('',(36.320530494256,-12.3649272638241,-2.77555756156289E-16));
#13701=VECTOR('',#13702,1.);
#13702=DIRECTION('',(0.,0.,1.));
#13703=CARTESIAN_POINT('',(34.06526537693,-13.1857678405406,2.7));
#13704=VECTOR('',#13705,1.);
#13705=DIRECTION('',(0.939693798738054,0.342016906911407,0.));
#13706=CARTESIAN_POINT('',(36.3205323789424,-12.3649324420659,0.));
#13707=VECTOR('',#13708,1.);
#13708=DIRECTION('',(-0.939692620792839,-0.342020143306627,0.));
#13709=CARTESIAN_POINT('',(43.0091493623476,-30.7417565748014,1.48029736616688E-15));
#13710=CARTESIAN_POINT('',(43.0091493623476,-30.7417565748014,4.44089209850063E-16));
#13711=VECTOR('',#13712,1.);
#13712=DIRECTION('',(-0.342020143306626,0.939692620792839,-2.27086263319944E-17));
#13713=AXIS2_PLACEMENT_3D('',#13714,#13715,#13716);
#13714=CARTESIAN_POINT('',(40.8162960622096,-31.5398899041137,0.));
#13715=DIRECTION('',(0.,0.,-1.));
#13716=DIRECTION('',(0.93969262079284,0.342020143306626,0.));
#13717=CARTESIAN_POINT('',(42.2830889323021,-34.080449679415,-7.));
#13718=CARTESIAN_POINT('',(42.2830889323021,-34.080449679415,-7.));
#13719=VECTOR('',#13720,1.);
#13720=DIRECTION('',(-0.353553390580626,0.612372435703093,0.70710678118655));
#13721=CARTESIAN_POINT('',(35.3169110679625,-38.1023743444225,-7.));
#13722=CARTESIAN_POINT('',(42.2830889323021,-34.080449679415,-7.));
#13723=VECTOR('',#13724,1.);
#13724=DIRECTION('',(-0.866025403794764,-0.499999999982116,0.));
#13725=CARTESIAN_POINT('',(35.0169110679733,-37.5827591021456,-6.4));
#13726=VECTOR('',#13727,1.);
#13727=DIRECTION('',(0.353553390580627,-0.612372435703094,-0.707106781186549));
#13728=CARTESIAN_POINT('',(32.0624878089475,-37.0618145690833,-6.4));
#13729=AXIS2_PLACEMENT_3D('',#13730,#13731,#13732);
#13730=CARTESIAN_POINT('',(33.85011819787,-35.5618145691212,-6.4));
#13731=DIRECTION('',(0.,0.,1.));
#13732=DIRECTION('',(-0.7660444431325,-0.642787609670424,0.));
#13733=CARTESIAN_POINT('',(32.0624878089475,-37.0618145690833,-6.4));
#13734=VECTOR('',#13735,1.);
#13735=DIRECTION('',(0.,0.,1.));
#13736=CARTESIAN_POINT('',(43.0091493623476,-30.7417565748014,-6.4));
#13737=AXIS2_PLACEMENT_3D('',#13738,#13739,#13740);
#13738=CARTESIAN_POINT('',(40.8162960622096,-31.5398899041137,-6.4));
#13739=DIRECTION('',(0.,0.,1.));
#13740=DIRECTION('',(0.499999999982116,-0.866025403794764,0.));
#13741=CARTESIAN_POINT('',(43.0091493623476,-30.7417565748014,3.10862446895044E-15));
#13742=VECTOR('',#13743,1.);
#13743=DIRECTION('',(0.,0.,-1.));
#13744=CARTESIAN_POINT('',(43.0091493623476,30.7417565748014,1.48029736616688E-15));
#13745=CARTESIAN_POINT('',(43.0091493623476,30.7417565748014,-6.4));
#13746=CARTESIAN_POINT('',(43.0091493623476,30.7417565748014,3.10862446895044E-15));
#13747=VECTOR('',#13748,1.);
#13748=DIRECTION('',(0.,0.,-1.));
#13749=AXIS2_PLACEMENT_3D('',#13750,#13751,#13752);
#13750=CARTESIAN_POINT('',(40.8162960622096,31.5398899041137,0.));
#13751=DIRECTION('',(0.,0.,1.));
#13752=DIRECTION('',(0.93969262079284,-0.342020143306626,0.));
#13753=AXIS2_PLACEMENT_3D('',#13754,#13755,#13756);
#13754=CARTESIAN_POINT('',(40.8162960622096,31.5398899041137,-6.4));
#13755=DIRECTION('',(0.,0.,-1.));
#13756=DIRECTION('',(0.499999999982117,0.866025403794764,0.));
#13757=CARTESIAN_POINT('',(43.0091493623476,30.7417565748014,4.44089209850063E-16));
#13758=VECTOR('',#13759,1.);
#13759=DIRECTION('',(-0.342020143306627,-0.939692620792839,-2.27086263319944E-17));
#13760=CARTESIAN_POINT('',(36.3205323789424,12.3649324420659,0.));
#13761=VECTOR('',#13762,1.);
#13762=DIRECTION('',(-0.939692620792839,0.342020143306627,0.));
#13763=CARTESIAN_POINT('',(32.0624878089475,37.0618145690833,-6.4));
#13764=CARTESIAN_POINT('',(32.0624878089475,37.0618145690833,-6.4));
#13765=VECTOR('',#13766,1.);
#13766=DIRECTION('',(0.,0.,1.));
#13767=AXIS2_PLACEMENT_3D('',#13768,#13769,#13770);
#13768=CARTESIAN_POINT('',(33.85011819787,35.5618145691212,-6.4));
#13769=DIRECTION('',(0.,0.,-1.));
#13770=DIRECTION('',(-0.7660444431325,0.642787609670424,0.));
#13771=CARTESIAN_POINT('',(35.3169110679625,38.1023743444225,-7.));
#13772=CARTESIAN_POINT('',(35.0169110679733,37.5827591021456,-6.4));
#13773=VECTOR('',#13774,1.);
#13774=DIRECTION('',(0.353553390580627,0.612372435703094,-0.707106781186549));
#13775=CARTESIAN_POINT('',(42.2830889323022,34.080449679415,-7.));
#13776=CARTESIAN_POINT('',(42.2830889323022,34.080449679415,-7.));
#13777=VECTOR('',#13778,1.);
#13778=DIRECTION('',(-0.866025403794763,0.499999999982117,0.));
#13779=CARTESIAN_POINT('',(42.2830889323022,34.080449679415,-7.));
#13780=VECTOR('',#13781,1.);
#13781=DIRECTION('',(-0.353553390580624,-0.612372435703098,0.707106781186547));
#13782=CARTESIAN_POINT('',(36.320530494256,12.3649272638241,2.7));
#13783=CARTESIAN_POINT('',(34.06526537693,13.1857678405406,2.7));
#13784=VECTOR('',#13785,1.);
#13785=DIRECTION('',(0.939693798738054,-0.342016906911407,0.));
#13786=CARTESIAN_POINT('',(36.320530494256,12.3649272638241,-2.77555756156289E-16));
#13787=VECTOR('',#13788,1.);
#13788=DIRECTION('',(0.,0.,1.));
#13789=CARTESIAN_POINT('',(-16.4,-8.9,-9.29289000011351E-18));
#13790=VECTOR('',#13791,1.);
#13791=DIRECTION('',(-0.577350269189628,0.577350269189623,0.577350269189625));
#13792=CARTESIAN_POINT('',(-17.5,8.49999999999999,1.1));
#13793=VECTOR('',#13794,1.);
#13794=DIRECTION('',(0.,-1.,-2.61228946970625E-17));
#13795=CARTESIAN_POINT('',(-16.8,8.49999999999999,0.4));
#13796=VECTOR('',#13797,1.);
#13797=DIRECTION('',(0.577350269189628,0.577350269189625,-0.577350269189624));
#13798=CARTESIAN_POINT('',(-18.5,-8.5,1.1));
#13799=VECTOR('',#13800,1.);
#13800=DIRECTION('',(0.,1.,9.14301314397188E-17));
#13801=CARTESIAN_POINT('',(-19.1,-8.5,1.7));
#13802=VECTOR('',#13803,1.);
#13803=DIRECTION('',(0.,1.,7.83686840911876E-17));
#13804=CARTESIAN_POINT('',(-43.0091493623476,-30.7417565748014,1.48029736616688E-15));
#13805=CARTESIAN_POINT('',(-43.0091493623476,-30.7417565748014,-6.4));
#13806=CARTESIAN_POINT('',(-43.0091493623476,-30.7417565748014,3.10862446895044E-15));
#13807=VECTOR('',#13808,1.);
#13808=DIRECTION('',(0.,0.,-1.));
#13809=AXIS2_PLACEMENT_3D('',#13810,#13811,#13812);
#13810=CARTESIAN_POINT('',(-40.8162960622096,-31.5398899041137,0.));
#13811=DIRECTION('',(0.,0.,1.));
#13812=DIRECTION('',(-0.93969262079284,0.342020143306626,0.));
#13813=AXIS2_PLACEMENT_3D('',#13814,#13815,#13816);
#13814=CARTESIAN_POINT('',(-40.8162960622096,-31.5398899041137,-6.4));
#13815=DIRECTION('',(0.,0.,-1.));
#13816=DIRECTION('',(-0.499999999982117,-0.866025403794764,0.));
#13817=CARTESIAN_POINT('',(-43.0091493623476,-30.7417565748014,4.44089209850063E-16));
#13818=VECTOR('',#13819,1.);
#13819=DIRECTION('',(0.342020143306626,0.939692620792839,-2.27086263319944E-17));
#13820=CARTESIAN_POINT('',(-36.3205323789424,-12.3649324420659,0.));
#13821=VECTOR('',#13822,1.);
#13822=DIRECTION('',(0.939692620792839,-0.342020143306627,0.));
#13823=CARTESIAN_POINT('',(-32.0624878089475,-37.0618145690833,-6.4));
#13824=CARTESIAN_POINT('',(-32.0624878089475,-37.0618145690833,-6.4));
#13825=VECTOR('',#13826,1.);
#13826=DIRECTION('',(0.,0.,1.));
#13827=AXIS2_PLACEMENT_3D('',#13828,#13829,#13830);
#13828=CARTESIAN_POINT('',(-33.85011819787,-35.5618145691212,-6.4));
#13829=DIRECTION('',(0.,0.,-1.));
#13830=DIRECTION('',(0.7660444431325,-0.642787609670424,0.));
#13831=CARTESIAN_POINT('',(-35.3169110679625,-38.1023743444225,-7.));
#13832=CARTESIAN_POINT('',(-35.0169110679733,-37.5827591021456,-6.4));
#13833=VECTOR('',#13834,1.);
#13834=DIRECTION('',(-0.353553390580627,-0.612372435703094,-0.707106781186549));
#13835=CARTESIAN_POINT('',(-42.2830889323021,-34.080449679415,-7.));
#13836=CARTESIAN_POINT('',(-42.2830889323021,-34.080449679415,-7.));
#13837=VECTOR('',#13838,1.);
#13838=DIRECTION('',(0.866025403794763,-0.499999999982117,0.));
#13839=CARTESIAN_POINT('',(-42.2830889323021,-34.080449679415,-7.));
#13840=VECTOR('',#13841,1.);
#13841=DIRECTION('',(0.353553390580624,0.612372435703098,0.707106781186547));
#13842=CARTESIAN_POINT('',(-36.320530494256,-12.3649272638241,2.7));
#13843=CARTESIAN_POINT('',(-34.06526537693,-13.1857678405406,2.7));
#13844=VECTOR('',#13845,1.);
#13845=DIRECTION('',(-0.939693798738054,0.342016906911407,0.));
#13846=CARTESIAN_POINT('',(-36.320530494256,-12.3649272638241,-2.77555756156289E-16));
#13847=VECTOR('',#13848,1.);
#13848=DIRECTION('',(0.,0.,1.));
#13849=CARTESIAN_POINT('',(-36.320530494256,12.3649272638241,2.7));
#13850=CARTESIAN_POINT('',(-36.320530494256,12.3649272638241,-2.77555756156289E-16));
#13851=VECTOR('',#13852,1.);
#13852=DIRECTION('',(0.,0.,1.));
#13853=CARTESIAN_POINT('',(-34.06526537693,13.1857678405406,2.7));
#13854=VECTOR('',#13855,1.);
#13855=DIRECTION('',(-0.939693798738054,-0.342016906911407,0.));
#13856=CARTESIAN_POINT('',(-36.3205323789424,12.3649324420659,0.));
#13857=VECTOR('',#13858,1.);
#13858=DIRECTION('',(0.939692620792839,0.342020143306627,0.));
#13859=CARTESIAN_POINT('',(-43.0091493623476,30.7417565748014,1.48029736616688E-15));
#13860=CARTESIAN_POINT('',(-43.0091493623476,30.7417565748014,4.44089209850063E-16));
#13861=VECTOR('',#13862,1.);
#13862=DIRECTION('',(0.342020143306626,-0.93969262079284,-2.27086263319944E-17));
#13863=AXIS2_PLACEMENT_3D('',#13864,#13865,#13866);
#13864=CARTESIAN_POINT('',(-40.8162960622096,31.5398899041137,0.));
#13865=DIRECTION('',(0.,0.,-1.));
#13866=DIRECTION('',(-0.93969262079284,-0.342020143306626,0.));
#13867=CARTESIAN_POINT('',(-42.2830889323022,34.080449679415,-7.));
#13868=CARTESIAN_POINT('',(-42.2830889323022,34.080449679415,-7.));
#13869=VECTOR('',#13870,1.);
#13870=DIRECTION('',(0.353553390580626,-0.612372435703093,0.70710678118655));
#13871=CARTESIAN_POINT('',(-35.3169110679626,38.1023743444225,-7.));
#13872=CARTESIAN_POINT('',(-42.2830889323022,34.080449679415,-7.));
#13873=VECTOR('',#13874,1.);
#13874=DIRECTION('',(0.866025403794763,0.499999999982117,0.));
#13875=CARTESIAN_POINT('',(-35.0169110679733,37.5827591021456,-6.4));
#13876=VECTOR('',#13877,1.);
#13877=DIRECTION('',(-0.353553390580627,0.612372435703094,-0.707106781186549));
#13878=CARTESIAN_POINT('',(-32.0624878089475,37.0618145690833,-6.4));
#13879=AXIS2_PLACEMENT_3D('',#13880,#13881,#13882);
#13880=CARTESIAN_POINT('',(-33.85011819787,35.5618145691212,-6.4));
#13881=DIRECTION('',(0.,0.,1.));
#13882=DIRECTION('',(0.7660444431325,0.642787609670424,0.));
#13883=CARTESIAN_POINT('',(-32.0624878089475,37.0618145690832,-6.4));
#13884=VECTOR('',#13885,1.);
#13885=DIRECTION('',(0.,0.,1.));
#13886=CARTESIAN_POINT('',(-43.0091493623476,30.7417565748014,-6.4));
#13887=AXIS2_PLACEMENT_3D('',#13888,#13889,#13890);
#13888=CARTESIAN_POINT('',(-40.8162960622096,31.5398899041137,-6.4));
#13889=DIRECTION('',(0.,0.,1.));
#13890=DIRECTION('',(-0.499999999982116,0.866025403794764,0.));
#13891=CARTESIAN_POINT('',(-43.0091493623476,30.7417565748014,3.10862446895044E-15));
#13892=VECTOR('',#13893,1.);
#13893=DIRECTION('',(0.,5.55111512312578E-16,-1.));
#13894=CARTESIAN_POINT('',(-19.6516113621158,-22.2711079756968,-2.74163807963146));
#13895=AXIS2_PLACEMENT_3D('',#13896,#13897,#13898);
#13896=CARTESIAN_POINT('',(-17.6510987673502,-19.8869899037531,-16.7467409821416));
#13897=DIRECTION('',(-0.766044443132501,0.642787609670424,0.));
#13898=DIRECTION('',(-0.139440211288641,-0.166178372762434,0.976187059892626));
#13899=CARTESIAN_POINT('',(-29.3280377939776,-33.8030239398344,-6.08693744607297));
#13900=CARTESIAN_POINT('',(-29.3280377935531,-33.8030239393285,-6.0869374482151));
#13901=VECTOR('',#13902,1.);
#13902=DIRECTION('',(0.627480947006841,0.747802672911769,0.216930457818657));
#13903=CARTESIAN_POINT('',(-31.1612221228967,-35.9877279498045,-6.4));
#13904=AXIS2_PLACEMENT_3D('',#13905,#13906,#13907);
#13905=CARTESIAN_POINT('',(-31.161222136023,-35.9877279654477,6.74674098214159));
#13906=DIRECTION('',(0.766044443132501,-0.642787609670424,0.));
#13907=DIRECTION('',(1.01061467354198E-9,1.20440366797353E-9,-1.));
#13908=CARTESIAN_POINT('',(-32.0624878089475,-37.0618145690833,-6.4));
#13909=VECTOR('',#13910,1.);
#13910=DIRECTION('',(0.642787609670422,0.766044443132502,0.));
#13911=CARTESIAN_POINT('',(-34.9720342960038,-7.71024458300406,-2.4));
#13912=CARTESIAN_POINT('',(-34.9720342960038,7.71024458300405,-2.4));
#13913=AXIS2_PLACEMENT_3D('',#13914,#13915,#13916);
#13914=CARTESIAN_POINT('',(-70.2936009530387,-1.13947005856061E-14,-2.4));
#13915=DIRECTION('',(0.,0.,1.));
#13916=DIRECTION('',(0.976994321274153,-0.213265318788725,0.));
#13917=CARTESIAN_POINT('',(-35.7811159992912,10.7679768273551,-2.74727849469249));
#13918=CARTESIAN_POINT('',(-35.7811159994545,10.7679768278785,-2.74727849298402));
#13919=CARTESIAN_POINT('',(-35.7387100350626,10.6320613043394,-2.71240852412661));
#13920=CARTESIAN_POINT('',(-35.6583397099147,10.3690249782542,-2.65946978424071));
#13921=CARTESIAN_POINT('',(-35.5477669638614,9.99172378677858,-2.58806606373437));
#13922=CARTESIAN_POINT('',(-35.446714030626,9.63322963309412,-2.53234192953599));
#13923=CARTESIAN_POINT('',(-35.3499212594118,9.27619023912129,-2.48610616629146));
#13924=CARTESIAN_POINT('',(-35.2522593280931,8.90045109960669,-2.44824712036018));
#13925=CARTESIAN_POINT('',(-35.1552818921024,8.50974532544284,-2.41968588231594));
#13926=CARTESIAN_POINT('',(-35.0609745605682,8.11043706170476,-2.40444320289668));
#13927=CARTESIAN_POINT('',(-35.0010673498098,7.84324852784975,-2.39705751015625));
#13928=CARTESIAN_POINT('',(-34.9720342960038,7.71024458300408,-2.4));
#13929=CARTESIAN_POINT('',(-36.320613782375,12.3651560984495,-3.12112498585436));
#13930=CARTESIAN_POINT('',(-35.7811159991279,10.7679768268316,-2.74727849640095));
#13931=CARTESIAN_POINT('',(-35.8369127550749,10.9468112291588,-2.7888397342745));
#13932=CARTESIAN_POINT('',(-35.9512847858221,11.3036077042939,-2.8720048241709));
#13933=CARTESIAN_POINT('',(-36.1311398797282,11.8360670782992,-2.99668379104235));
#13934=CARTESIAN_POINT('',(-36.2565472268866,12.1891346838918,-3.07964050009549));
#13935=CARTESIAN_POINT('',(-36.320613782375,12.3651560984495,-3.12112498585436));
#13936=CARTESIAN_POINT('',(-36.320613782375,12.3651560984495,-3.12112498585436));
#13937=VECTOR('',#13938,1.);
#13938=DIRECTION('',(0.,0.,1.));
#13939=CARTESIAN_POINT('',(-36.320613782375,-12.3651560984495,-3.12112498585436));
#13940=CARTESIAN_POINT('',(-36.320613782375,-12.3651560984495,-3.12112498585436));
#13941=VECTOR('',#13942,1.);
#13942=DIRECTION('',(0.,0.,1.));
#13943=CARTESIAN_POINT('',(-35.7811159992912,-10.7679768273551,-2.74727849469249));
#13944=CARTESIAN_POINT('',(-35.7811159991279,-10.7679768268316,-2.74727849640095));
#13945=CARTESIAN_POINT('',(-35.8369127550749,-10.9468112291588,-2.7888397342745));
#13946=CARTESIAN_POINT('',(-35.9512847858221,-11.3036077042939,-2.8720048241709));
#13947=CARTESIAN_POINT('',(-36.1311398797282,-11.8360670782992,-2.99668379104235));
#13948=CARTESIAN_POINT('',(-36.2565472268866,-12.1891346838918,-3.07964050009549));
#13949=CARTESIAN_POINT('',(-36.320613782375,-12.3651560984495,-3.12112498585436));
#13950=CARTESIAN_POINT('',(-35.7811159994545,-10.7679768278785,-2.74727849298402));
#13951=CARTESIAN_POINT('',(-35.7387100350637,-10.6320613043428,-2.71240852412749));
#13952=CARTESIAN_POINT('',(-35.6583397099159,-10.3690249782581,-2.65946978424153));
#13953=CARTESIAN_POINT('',(-35.5477669638598,-9.99172378677335,-2.58806606373326));
#13954=CARTESIAN_POINT('',(-35.4467140306163,-9.63322963305954,-2.53234192953072));
#13955=CARTESIAN_POINT('',(-35.3499212593901,-9.27619023904018,-2.4861061662816));
#13956=CARTESIAN_POINT('',(-35.2522593280567,-8.90045109946432,-2.44824712034729));
#13957=CARTESIAN_POINT('',(-35.1552818920607,-8.50974532527054,-2.41968588230584));
#13958=CARTESIAN_POINT('',(-35.0609745605395,-8.1104370615783,-2.40444320289413));
#13959=CARTESIAN_POINT('',(-35.0010673497976,-7.84324852779417,-2.39705751015748));
#13960=CARTESIAN_POINT('',(-34.9720342960038,-7.71024458300409,-2.4));
#13961=CARTESIAN_POINT('',(-31.1612221228967,35.9877279498044,-6.4));
#13962=CARTESIAN_POINT('',(-32.0624878089475,37.0618145690833,-6.4));
#13963=VECTOR('',#13964,1.);
#13964=DIRECTION('',(0.642787609670424,-0.7660444431325,0.));
#13965=CARTESIAN_POINT('',(-29.3280377939776,33.8030239398344,-6.08693744607297));
#13966=AXIS2_PLACEMENT_3D('',#13967,#13968,#13969);
#13967=CARTESIAN_POINT('',(-31.161222136023,35.9877279654477,6.74674098214159));
#13968=DIRECTION('',(-0.7660444431325,-0.642787609670424,0.));
#13969=DIRECTION('',(1.01061467354198E-9,-1.20440366797353E-9,-1.));
#13970=CARTESIAN_POINT('',(-19.6516113621158,22.2711079756968,-2.74163807963146));
#13971=CARTESIAN_POINT('',(-29.3280377935531,33.8030239393285,-6.0869374482151));
#13972=VECTOR('',#13973,1.);
#13973=DIRECTION('',(0.627480947006841,-0.747802672911769,0.216930457818657));
#13974=AXIS2_PLACEMENT_3D('',#13975,#13976,#13977);
#13975=CARTESIAN_POINT('',(-17.6510987673502,19.8869899037531,-16.7467409821416));
#13976=DIRECTION('',(0.7660444431325,0.642787609670424,0.));
#13977=DIRECTION('',(-0.139440211288641,0.166178372762433,0.976187059892626));
#13978=CARTESIAN_POINT('',(19.6516113621158,22.2711079756968,-2.74163807963146));
#13979=AXIS2_PLACEMENT_3D('',#13980,#13981,#13982);
#13980=CARTESIAN_POINT('',(17.6510987673502,19.8869899037531,-16.7467409821416));
#13981=DIRECTION('',(0.766044443132501,-0.642787609670424,-1.38777878078145E-17));
#13982=DIRECTION('',(0.139440211288641,0.166178372762434,0.976187059892626));
#13983=CARTESIAN_POINT('',(29.3280377939776,33.8030239398344,-6.08693744607297));
#13984=CARTESIAN_POINT('',(29.3280377935531,33.8030239393285,-6.0869374482151));
#13985=VECTOR('',#13986,1.);
#13986=DIRECTION('',(-0.627480947006841,-0.747802672911769,0.216930457818657));
#13987=CARTESIAN_POINT('',(31.1612221228967,35.9877279498045,-6.4));
#13988=AXIS2_PLACEMENT_3D('',#13989,#13990,#13991);
#13989=CARTESIAN_POINT('',(31.161222136023,35.9877279654477,6.74674098214159));
#13990=DIRECTION('',(-0.766044443132501,0.642787609670424,1.03397576569128E-25));
#13991=DIRECTION('',(-1.01061467354198E-9,-1.20440366797353E-9,-1.));
#13992=CARTESIAN_POINT('',(32.0624878089475,37.0618145690833,-6.4));
#13993=VECTOR('',#13994,1.);
#13994=DIRECTION('',(-0.642787609670425,-0.7660444431325,0.));
#13995=CARTESIAN_POINT('',(35.7811159992912,-10.7679768273551,-2.74727849469249));
#13996=CARTESIAN_POINT('',(34.9720342960038,-7.71024458300406,-2.4));
#13997=CARTESIAN_POINT('',(35.7811159994545,-10.7679768278785,-2.74727849298402));
#13998=CARTESIAN_POINT('',(35.7387100350648,-10.6320613043464,-2.71240852412842));
#13999=CARTESIAN_POINT('',(35.6583397099173,-10.3690249782629,-2.65946978424254));
#14000=CARTESIAN_POINT('',(35.5477669638589,-9.99172378677057,-2.5880660637326));
#14001=CARTESIAN_POINT('',(35.4467140306078,-9.63322963302937,-2.53234192952609));
#14002=CARTESIAN_POINT('',(35.3499212593702,-9.27619023896622,-2.48610616627259));
#14003=CARTESIAN_POINT('',(35.2522593280237,-8.90045109933532,-2.44824712033562));
#14004=CARTESIAN_POINT('',(35.1552818920234,-8.50974532511663,-2.41968588229687));
#14005=CARTESIAN_POINT('',(35.0609745605143,-8.11043706146681,-2.40444320289187));
#14006=CARTESIAN_POINT('',(35.0010673497871,-7.84324852774569,-2.39705751015856));
#14007=CARTESIAN_POINT('',(34.9720342960038,-7.71024458300408,-2.4));
#14008=CARTESIAN_POINT('',(36.320613782375,-12.3651560984495,-3.12112498585436));
#14009=CARTESIAN_POINT('',(35.7811159991279,-10.7679768268316,-2.74727849640095));
#14010=CARTESIAN_POINT('',(35.8369127550749,-10.9468112291588,-2.7888397342745));
#14011=CARTESIAN_POINT('',(35.9512847858221,-11.3036077042939,-2.8720048241709));
#14012=CARTESIAN_POINT('',(36.1311398797282,-11.8360670782992,-2.99668379104235));
#14013=CARTESIAN_POINT('',(36.2565472268866,-12.1891346838918,-3.07964050009549));
#14014=CARTESIAN_POINT('',(36.320613782375,-12.3651560984495,-3.12112498585436));
#14015=CARTESIAN_POINT('',(36.320613782375,-12.3651560984495,-3.12112498585436));
#14016=VECTOR('',#14017,1.);
#14017=DIRECTION('',(0.,0.,1.));
#14018=CARTESIAN_POINT('',(36.320613782375,12.3651560984495,-3.12112498585436));
#14019=CARTESIAN_POINT('',(36.320613782375,12.3651560984495,-3.12112498585436));
#14020=VECTOR('',#14021,1.);
#14021=DIRECTION('',(0.,0.,1.));
#14022=CARTESIAN_POINT('',(35.7811159992912,10.7679768273551,-2.74727849469249));
#14023=CARTESIAN_POINT('',(35.7811159991279,10.7679768268316,-2.74727849640095));
#14024=CARTESIAN_POINT('',(35.8369127550749,10.9468112291588,-2.7888397342745));
#14025=CARTESIAN_POINT('',(35.9512847858221,11.3036077042939,-2.8720048241709));
#14026=CARTESIAN_POINT('',(36.1311398797282,11.8360670782992,-2.99668379104235));
#14027=CARTESIAN_POINT('',(36.2565472268866,12.1891346838918,-3.07964050009549));
#14028=CARTESIAN_POINT('',(36.320613782375,12.3651560984495,-3.12112498585436));
#14029=CARTESIAN_POINT('',(34.9720342960038,7.71024458300405,-2.4));
#14030=CARTESIAN_POINT('',(35.7811159994545,10.7679768278785,-2.74727849298402));
#14031=CARTESIAN_POINT('',(35.7387100350637,10.6320613043429,-2.71240852412753));
#14032=CARTESIAN_POINT('',(35.6583397099157,10.3690249782576,-2.65946978424142));
#14033=CARTESIAN_POINT('',(35.5477669638589,9.99172378677033,-2.58806606373271));
#14034=CARTESIAN_POINT('',(35.4467140306137,9.63322963305047,-2.53234192952936));
#14035=CARTESIAN_POINT('',(35.3499212593858,9.27619023902411,-2.48610616627968));
#14036=CARTESIAN_POINT('',(35.2522593280524,8.90045109944749,-2.44824712034588));
#14037=CARTESIAN_POINT('',(35.1552818920581,8.50974532525985,-2.41968588230537));
#14038=CARTESIAN_POINT('',(35.0609745605389,8.11043706157532,-2.40444320289406));
#14039=CARTESIAN_POINT('',(35.0010673497977,7.84324852779439,-2.39705751015748));
#14040=CARTESIAN_POINT('',(34.9720342960038,7.71024458300409,-2.4));
#14041=AXIS2_PLACEMENT_3D('',#14042,#14043,#14044);
#14042=CARTESIAN_POINT('',(70.2936009530387,-2.78621724483807E-15,-2.4));
#14043=DIRECTION('',(0.,0.,-1.));
#14044=DIRECTION('',(-0.976994321274153,-0.213265318788725,0.));
#14045=CARTESIAN_POINT('',(31.1612221228967,-35.9877279498045,-6.4));
#14046=CARTESIAN_POINT('',(32.0624878089475,-37.0618145690833,-6.4));
#14047=VECTOR('',#14048,1.);
#14048=DIRECTION('',(-0.642787609670423,0.766044443132501,0.));
#14049=CARTESIAN_POINT('',(29.3280377939776,-33.8030239398344,-6.08693744607297));
#14050=AXIS2_PLACEMENT_3D('',#14051,#14052,#14053);
#14051=CARTESIAN_POINT('',(31.161222136023,-35.9877279654477,6.74674098214159));
#14052=DIRECTION('',(0.766044443132501,0.642787609670424,-1.03397576569128E-25));
#14053=DIRECTION('',(-1.01061467354198E-9,1.20440366797353E-9,-1.));
#14054=CARTESIAN_POINT('',(19.6516113621158,-22.2711079756968,-2.74163807963146));
#14055=CARTESIAN_POINT('',(29.3280377935531,-33.8030239393285,-6.0869374482151));
#14056=VECTOR('',#14057,1.);
#14057=DIRECTION('',(-0.627480947006841,0.747802672911769,0.216930457818657));
#14058=AXIS2_PLACEMENT_3D('',#14059,#14060,#14061);
#14059=CARTESIAN_POINT('',(17.6510987673502,-19.8869899037531,-16.7467409821416));
#14060=DIRECTION('',(-0.766044443132501,-0.642787609670424,0.));
#14061=DIRECTION('',(0.139440211288641,-0.166178372762434,0.976187059892626));
#14062=CARTESIAN_POINT('',(-18.1208797156674,21.3802873330942,-3.07625246229667));
#14063=CARTESIAN_POINT('',(-18.6210719662915,21.0429589483609,-2.47958063069374));
#14064=VECTOR('',#14065,1.);
#14065=DIRECTION('',(0.589482219852632,0.397545316133843,-0.703184495063462));
#14066=CARTESIAN_POINT('',(-17.1339388428883,20.3209386317855,-3.));
#14067=CARTESIAN_POINT('',(-18.120879715075,21.3802873322657,-3.07625246347521));
#14068=CARTESIAN_POINT('',(-18.0130565829092,21.2616282651497,-3.0593078334871));
#14069=CARTESIAN_POINT('',(-17.8002316895391,21.0208120996015,-3.03102848629059));
#14070=CARTESIAN_POINT('',(-17.4752374928565,20.6634019387412,-3.00561404523246));
#14071=CARTESIAN_POINT('',(-17.2504121380564,20.4324518789823,-3.));
#14072=CARTESIAN_POINT('',(-17.1339388428884,20.3209386317855,-3.));
#14073=CARTESIAN_POINT('',(-17.5529985950329,19.8915333172722,-2.4));
#14074=VECTOR('',#14075,1.);
#14075=DIRECTION('',(0.49386665410652,0.506059016283311,-0.707106781186546));
#14076=AXIS2_PLACEMENT_3D('',#14077,#14078,#14079);
#14077=CARTESIAN_POINT('',(-6.51970741531357,31.1972095242992,-3.));
#14078=DIRECTION('',(0.,0.,1.));
#14079=DIRECTION('',(-0.698432920241261,-0.715675524189045,0.));
#14080=CARTESIAN_POINT('',(17.1339388428883,20.3209386317855,-3.));
#14081=AXIS2_PLACEMENT_3D('',#14082,#14083,#14084);
#14082=CARTESIAN_POINT('',(6.51970741531357,31.1972095242992,-3.));
#14083=DIRECTION('',(0.,0.,-1.));
#14084=DIRECTION('',(0.698432920241261,-0.715675524189045,0.));
#14085=CARTESIAN_POINT('',(17.5529985950329,19.8915333172722,-2.4));
#14086=VECTOR('',#14087,1.);
#14087=DIRECTION('',(-0.493866654106523,0.50605901628331,-0.707106781186545));
#14088=CARTESIAN_POINT('',(6.51970740352455,16.6,-3.));
#14089=CARTESIAN_POINT('',(16.6719348604535,20.7086060043618,-3.));
#14090=AXIS2_PLACEMENT_3D('',#14091,#14092,#14093);
#14091=CARTESIAN_POINT('',(6.51970741531357,31.1972095242992,-3.));
#14092=DIRECTION('',(0.,0.,1.));
#14093=DIRECTION('',(-8.18840193770073E-10,-1.,0.));
#14094=CARTESIAN_POINT('',(17.1339388428884,20.3209386317854,-3.));
#14095=VECTOR('',#14096,1.);
#14096=DIRECTION('',(-0.766044442047136,0.642787610963911,0.));
#14097=CARTESIAN_POINT('',(-16.6719348604535,20.7086060043618,-3.));
#14098=CARTESIAN_POINT('',(-17.1339388428884,20.3209386317854,-3.));
#14099=VECTOR('',#14100,1.);
#14100=DIRECTION('',(0.766044442047136,0.642787610963911,0.));
#14101=CARTESIAN_POINT('',(-6.51970740352455,16.6,-3.));
#14102=AXIS2_PLACEMENT_3D('',#14103,#14104,#14105);
#14103=CARTESIAN_POINT('',(-6.51970741531358,31.1972095242992,-3.));
#14104=DIRECTION('',(0.,0.,-1.));
#14105=DIRECTION('',(8.18840497998912E-10,-1.,0.));
#14106=CARTESIAN_POINT('',(-6.51970740368832,16.6,-3.));
#14107=VECTOR('',#14108,1.);
#14108=DIRECTION('',(1.,0.,0.));
#14109=CARTESIAN_POINT('',(18.1208797156674,21.3802873330942,-3.07625246229667));
#14110=CARTESIAN_POINT('',(18.120879715075,21.3802873322657,-3.07625246347521));
#14111=CARTESIAN_POINT('',(18.0130565829092,21.2616282651497,-3.0593078334871));
#14112=CARTESIAN_POINT('',(17.8002316895391,21.0208120996015,-3.03102848629059));
#14113=CARTESIAN_POINT('',(17.4752374928565,20.6634019387412,-3.00561404523246));
#14114=CARTESIAN_POINT('',(17.2504121380564,20.4324518789823,-3.));
#14115=CARTESIAN_POINT('',(17.1339388428884,20.3209386317855,-3.));
#14116=CARTESIAN_POINT('',(18.6210719662915,21.0429589483609,-2.47958063069374));
#14117=VECTOR('',#14118,1.);
#14118=DIRECTION('',(-0.589482219852632,0.397545316133843,-0.703184495063462));
#14119=CARTESIAN_POINT('',(18.1208797156674,-21.3802873330942,-3.07625246229667));
#14120=CARTESIAN_POINT('',(18.6210719662915,-21.0429589483609,-2.47958063069374));
#14121=VECTOR('',#14122,1.);
#14122=DIRECTION('',(-0.589482219852632,-0.397545316133843,-0.703184495063462));
#14123=CARTESIAN_POINT('',(17.1339388428883,-20.3209386317855,-3.));
#14124=CARTESIAN_POINT('',(18.120879715075,-21.3802873322657,-3.07625246347521));
#14125=CARTESIAN_POINT('',(18.0130565829092,-21.2616282651497,-3.0593078334871));
#14126=CARTESIAN_POINT('',(17.8002316895391,-21.0208120996015,-3.03102848629059));
#14127=CARTESIAN_POINT('',(17.4752374928565,-20.6634019387412,-3.00561404523246));
#14128=CARTESIAN_POINT('',(17.2504121380564,-20.4324518789823,-3.));
#14129=CARTESIAN_POINT('',(17.1339388428884,-20.3209386317855,-3.));
#14130=CARTESIAN_POINT('',(17.5529985950329,-19.8915333172722,-2.4));
#14131=VECTOR('',#14132,1.);
#14132=DIRECTION('',(-0.493866654106519,-0.506059016283314,-0.707106781186545));
#14133=AXIS2_PLACEMENT_3D('',#14134,#14135,#14136);
#14134=CARTESIAN_POINT('',(6.51970741531357,-31.1972095242992,-3.));
#14135=DIRECTION('',(0.,0.,1.));
#14136=DIRECTION('',(0.698432920241262,0.715675524189045,0.));
#14137=CARTESIAN_POINT('',(6.51970740352455,-16.6,-3.));
#14138=CARTESIAN_POINT('',(16.6719348604535,-20.7086060043618,-3.));
#14139=AXIS2_PLACEMENT_3D('',#14140,#14141,#14142);
#14140=CARTESIAN_POINT('',(6.51970741531357,-31.1972095242992,-3.));
#14141=DIRECTION('',(0.,0.,-1.));
#14142=DIRECTION('',(-8.18840072078538E-10,1.,0.));
#14143=CARTESIAN_POINT('',(-6.51970740352455,-16.6,-3.));
#14144=CARTESIAN_POINT('',(-6.51970740368832,-16.6,-3.));
#14145=VECTOR('',#14146,1.);
#14146=DIRECTION('',(1.,0.,0.));
#14147=CARTESIAN_POINT('',(-16.6719348604535,-20.7086060043618,-3.));
#14148=AXIS2_PLACEMENT_3D('',#14149,#14150,#14151);
#14149=CARTESIAN_POINT('',(-6.51970741531356,-31.1972095242992,-3.));
#14150=DIRECTION('',(0.,0.,1.));
#14151=DIRECTION('',(8.18840193770073E-10,1.,0.));
#14152=CARTESIAN_POINT('',(-17.1339388428883,-20.3209386317855,-3.));
#14153=CARTESIAN_POINT('',(-17.1339388428884,-20.3209386317854,-3.));
#14154=VECTOR('',#14155,1.);
#14155=DIRECTION('',(0.766044442047134,-0.642787610963913,0.));
#14156=AXIS2_PLACEMENT_3D('',#14157,#14158,#14159);
#14157=CARTESIAN_POINT('',(-6.51970741531356,-31.1972095242992,-3.));
#14158=DIRECTION('',(0.,0.,-1.));
#14159=DIRECTION('',(-0.698432920241261,0.715675524189045,0.));
#14160=CARTESIAN_POINT('',(17.1339388428884,-20.3209386317854,-3.));
#14161=VECTOR('',#14162,1.);
#14162=DIRECTION('',(-0.766044442047134,-0.642787610963913,0.));
#14163=CARTESIAN_POINT('',(-17.5529985950329,-19.8915333172722,-2.4));
#14164=VECTOR('',#14165,1.);
#14165=DIRECTION('',(0.493866654106515,-0.506059016283315,-0.707106781186546));
#14166=CARTESIAN_POINT('',(-18.1208797156674,-21.3802873330942,-3.07625246229667));
#14167=CARTESIAN_POINT('',(-18.120879715075,-21.3802873322657,-3.07625246347521));
#14168=CARTESIAN_POINT('',(-18.0130565829092,-21.2616282651497,-3.0593078334871));
#14169=CARTESIAN_POINT('',(-17.8002316895391,-21.0208120996015,-3.03102848629059));
#14170=CARTESIAN_POINT('',(-17.4752374928565,-20.6634019387412,-3.00561404523246));
#14171=CARTESIAN_POINT('',(-17.2504121380564,-20.4324518789823,-3.));
#14172=CARTESIAN_POINT('',(-17.1339388428884,-20.3209386317855,-3.));
#14173=CARTESIAN_POINT('',(-18.6210719662915,-21.0429589483609,-2.47958063069374));
#14174=VECTOR('',#14175,1.);
#14175=DIRECTION('',(0.589482219852633,-0.39754531613384,-0.703184495063463));
#14176=CARTESIAN_POINT('',(18.6486939044539,-22.9427460848715,-3.32735031655199));
#14177=CARTESIAN_POINT('',(17.674392579789,-21.7816189807936,-3.07842997674786));
#14178=AXIS2_PLACEMENT_3D('',#14179,#14180,#14181);
#14179=CARTESIAN_POINT('',(16.7318454470974,-20.6583350530351,-16.7467409821416));
#14180=DIRECTION('',(0.766044442047136,0.642787610963911,0.));
#14181=DIRECTION('',(0.0685651336587418,-0.0817127440877934,0.99429464943748));
#14182=CARTESIAN_POINT('',(16.6719348604536,-20.7086060043618,-3.));
#14183=CARTESIAN_POINT('',(16.7877234574233,-20.8241077710918,-3.));
#14184=CARTESIAN_POINT('',(17.0214422494619,-21.0530547377162,-3.00577902643353));
#14185=CARTESIAN_POINT('',(17.3551633445793,-21.4120380139,-3.03191076140707));
#14186=CARTESIAN_POINT('',(17.5691209505409,-21.6577392281136,-3.06098995709666));
#14187=CARTESIAN_POINT('',(17.6743925796612,-21.7816189806524,-3.07842997635366));
#14188=CARTESIAN_POINT('',(19.1083205696644,-22.557073518471,-3.32735031529066));
#14189=AXIS2_PLACEMENT_3D('',#14190,#14191,#14192);
#14190=CARTESIAN_POINT('',(17.1914721102524,-20.2726624881964,-16.7467409821416));
#14191=DIRECTION('',(-0.766044442047136,-0.642787610963911,0.));
#14192=DIRECTION('',(0.139440210726563,-0.166178371522724,0.976187060183952));
#14193=CARTESIAN_POINT('',(19.1083205696057,-22.5570735183534,-3.32735031567453));
#14194=VECTOR('',#14195,1.);
#14195=DIRECTION('',(-0.766044442047135,-0.642787610963912,0.));
#14196=CARTESIAN_POINT('',(28.3251203360884,-34.4746620487788,-6.6726496846253));
#14197=CARTESIAN_POINT('',(18.6486939044335,-22.9427460848846,-3.32735031567453));
#14198=VECTOR('',#14199,1.);
#14199=DIRECTION('',(0.627480947006841,-0.747802672911769,-0.216930457818656));
#14200=CARTESIAN_POINT('',(28.7847470014714,-34.0889894823691,-6.67264968275941));
#14201=CARTESIAN_POINT('',(28.7847470012377,-34.0889894822171,-6.67264968432547));
#14202=VECTOR('',#14203,1.);
#14203=DIRECTION('',(-0.627480947006841,0.747802672911769,0.216930457818656));
#14204=CARTESIAN_POINT('',(28.3251203360655,-34.4746620487484,-6.67264968432547));
#14205=VECTOR('',#14206,1.);
#14206=DIRECTION('',(0.766044442047138,0.642787610963909,0.));
#14207=CARTESIAN_POINT('',(30.2419687917124,-36.759073082154,-7.00000000134669));
#14208=AXIS2_PLACEMENT_3D('',#14209,#14210,#14211);
#14209=CARTESIAN_POINT('',(30.2419687954188,-36.7590730789053,6.74674098214159));
#14210=DIRECTION('',(-0.766044442047136,-0.642787610963911,-1.38777878078145E-17));
#14211=DIRECTION('',(-0.139440210726563,0.166178371522724,-0.976187060183952));
#14212=CARTESIAN_POINT('',(30.7015954568674,-36.3734005153871,-6.99999999953057));
#14213=AXIS2_PLACEMENT_3D('',#14214,#14215,#14216);
#14214=CARTESIAN_POINT('',(30.701595456902,-36.3734005154695,6.74674098214159));
#14215=DIRECTION('',(0.766044442047136,0.642787610963911,1.38777878078145E-17));
#14216=DIRECTION('',(-1.63757896132211E-15,1.91513471747839E-15,-1.));
#14217=CARTESIAN_POINT('',(30.2419687916737,-36.7590730820478,-7.));
#14218=VECTOR('',#14219,1.);
#14219=DIRECTION('',(0.766044442047139,0.642787610963908,0.));
#14220=CARTESIAN_POINT('',(43.0496141454436,-27.344367372257,-7.));
#14221=CARTESIAN_POINT('',(47.1131899900968,-38.5089502483867,-7.));
#14222=VECTOR('',#14223,1.);
#14223=DIRECTION('',(-0.342020143306626,0.939692620792839,0.));
#14224=CARTESIAN_POINT('',(30.2419687916738,-36.7590730820478,-7.));
#14225=VECTOR('',#14226,1.);
#14226=DIRECTION('',(0.642787609670424,-0.7660444431325,0.));
#14227=CARTESIAN_POINT('',(31.602861143068,-37.4474871348855,-7.));
#14228=CARTESIAN_POINT('',(31.602861143068,-37.4474871348855,-7.));
#14229=VECTOR('',#14230,1.);
#14230=DIRECTION('',(-0.642787609670425,0.7660444431325,0.));
#14231=AXIS2_PLACEMENT_3D('',#14232,#14233,#14234);
#14232=CARTESIAN_POINT('',(33.85011819787,-35.5618145691212,-7.));
#14233=DIRECTION('',(0.,0.,1.));
#14234=DIRECTION('',(-0.766044443132501,-0.642787609670423,0.));
#14235=CARTESIAN_POINT('',(43.5729649348233,-30.5365444888174,-7.));
#14236=AXIS2_PLACEMENT_3D('',#14237,#14238,#14239);
#14237=CARTESIAN_POINT('',(40.8162960622096,-31.5398899041137,-7.));
#14238=DIRECTION('',(0.,0.,1.));
#14239=DIRECTION('',(0.499999999982116,-0.866025403794764,0.));
#14240=CARTESIAN_POINT('',(42.4669290400265,-27.4977358425655,-7.));
#14241=CARTESIAN_POINT('',(42.4669290400265,-27.4977358425655,-7.));
#14242=VECTOR('',#14243,1.);
#14243=DIRECTION('',(0.342020143306626,-0.93969262079284,0.));
#14244=CARTESIAN_POINT('',(42.4669290400265,-27.4977358425655,-7.));
#14245=VECTOR('',#14246,1.);
#14246=DIRECTION('',(0.967062165836583,0.254540306056738,0.));
#14247=CARTESIAN_POINT('',(46.7138791847816,-46.0345752525677,-3.3));
#14248=CARTESIAN_POINT('',(47.5189734196826,-45.9669735811684,-3.9));
#14249=CARTESIAN_POINT('',(47.4688835817434,-45.9711794947348,-3.86117857868081));
#14250=CARTESIAN_POINT('',(47.3557015673022,-45.9806830944588,-3.77401882502822));
#14251=CARTESIAN_POINT('',(47.1825803231862,-45.9952196355861,-3.6427806764171));
#14252=CARTESIAN_POINT('',(47.0035508127967,-46.0102522784836,-3.5095693662128));
#14253=CARTESIAN_POINT('',(46.8485818360711,-46.0232646208748,-3.39644644944888));
#14254=CARTESIAN_POINT('',(46.753133976519,-46.0312791296832,-3.32795785088123));
#14255=CARTESIAN_POINT('',(46.7138791847816,-46.0345752525677,-3.29999999999999));
#14256=CARTESIAN_POINT('',(43.4540923676969,-47.9166140488226,-3.3));
#14257=AXIS2_PLACEMENT_3D('',#14258,#14259,#14260);
#14258=CARTESIAN_POINT('',(42.5,-42.5,-3.3));
#14259=DIRECTION('',(0.,0.,1.));
#14260=DIRECTION('',(0.173471339581261,-0.984838917967747,0.));
#14261=CARTESIAN_POINT('',(42.993000485449,-48.5800452729685,-3.9));
#14262=CARTESIAN_POINT('',(43.0216878324149,-48.5387691576261,-3.86117857868081));
#14263=CARTESIAN_POINT('',(43.0865091984277,-48.4455024577333,-3.77401882502823));
#14264=CARTESIAN_POINT('',(43.185658834391,-48.3028433329617,-3.64278067641711));
#14265=CARTESIAN_POINT('',(43.2881922402271,-48.1553155503903,-3.5095693662128));
#14266=CARTESIAN_POINT('',(43.3769457476686,-48.0276146509468,-3.39644644944892));
#14267=CARTESIAN_POINT('',(43.4316104456749,-47.9489616342442,-3.32795785088127));
#14268=CARTESIAN_POINT('',(43.4540923676969,-47.9166140488226,-3.30000000000002));
#14269=CARTESIAN_POINT('',(43.8630465742028,-47.3281998947519,-3.3));
#14270=VECTOR('',#14271,1.);
#14271=DIRECTION('',(-0.570709536367444,-0.821152010957324,0.));
#14272=CARTESIAN_POINT('',(38.2867555627712,-46.0353318531873,-8.));
#14273=AXIS2_PLACEMENT_3D('',#14274,#14275,#14276);
#14274=CARTESIAN_POINT('',(42.5,-42.5,-8.));
#14275=DIRECTION('',(0.,0.,1.));
#14276=DIRECTION('',(-0.7660444431325,-0.642787609670424,0.));
#14277=CARTESIAN_POINT('',(46.7138791847816,-46.0345752525677,-3.3));
#14278=VECTOR('',#14279,1.);
#14279=DIRECTION('',(-0.996493270044898,-0.0836729511564256,0.));
#14280=CARTESIAN_POINT('',(42.5,-46.05,-7.6));
#14281=AXIS2_PLACEMENT_3D('',#14282,#14283,#14284);
#14282=CARTESIAN_POINT('',(42.5,-42.5,-7.6));
#14283=DIRECTION('',(0.,0.,-1.));
#14284=DIRECTION('',(0.,-1.,0.));
#14285=CARTESIAN_POINT('',(42.0175036910744,-24.5323732731202,-6.67264968432547));
#14286=CARTESIAN_POINT('',(43.0496141454436,-27.344367372257,-7.));
#14287=CARTESIAN_POINT('',(42.9340687614271,-27.0294783395171,-7.));
#14288=CARTESIAN_POINT('',(42.7029130677131,-26.399680942024,-6.97565522056912));
#14289=CARTESIAN_POINT('',(42.3580044029882,-25.4598359855328,-6.86626312326846));
#14290=CARTESIAN_POINT('',(42.1303161996242,-24.8399164365843,-6.74512272614797));
#14291=CARTESIAN_POINT('',(42.0175036910744,-24.5323732731202,-6.67264968432547));
#14292=CARTESIAN_POINT('',(41.4313417581905,-24.686656878731,-6.67264968432547));
#14293=CARTESIAN_POINT('',(42.4669290400265,-27.4977358425655,-7.));
#14294=CARTESIAN_POINT('',(42.3509108043265,-27.1828722485826,-7.));
#14295=CARTESIAN_POINT('',(42.1188560969903,-26.5531170095209,-6.97563947573502));
#14296=CARTESIAN_POINT('',(41.7726825641086,-25.6135189899683,-6.86620841171763));
#14297=CARTESIAN_POINT('',(41.5446220257629,-24.9938664692532,-6.74507749898199));
#14298=CARTESIAN_POINT('',(41.4313417581905,-24.686656878731,-6.67264968432547));
#14299=CARTESIAN_POINT('',(41.4313417581905,-24.686656878731,-6.67264968432547));
#14300=VECTOR('',#14301,1.);
#14301=DIRECTION('',(0.967062165836582,0.254540306056742,0.));
#14302=CARTESIAN_POINT('',(37.4103864998086,-11.8744210251199,-3.69182218745631));
#14303=CARTESIAN_POINT('',(42.0175036910744,-24.5323732731202,-6.67264968432547));
#14304=VECTOR('',#14305,1.);
#14305=DIRECTION('',(-0.333941522864871,0.917496793547374,0.216061780833582));
#14306=CARTESIAN_POINT('',(36.8299713686427,-12.0444956341043,-3.69554078180995));
#14307=CARTESIAN_POINT('',(36.8299713686427,-12.0444956341043,-3.69554078180995));
#14308=VECTOR('',#14309,1.);
#14309=DIRECTION('',(0.333941522864872,-0.917496793547373,-0.216061780833582));
#14310=CARTESIAN_POINT('',(36.3099878878772,-10.4680712871213,-3.32735031567453));
#14311=CARTESIAN_POINT('',(36.3099878878772,-10.4680712871213,-3.32735031567453));
#14312=CARTESIAN_POINT('',(36.4250853705601,-10.8264031552972,-3.41086723589563));
#14313=CARTESIAN_POINT('',(36.5347407919401,-11.1865306871228,-3.49446222154528));
#14314=CARTESIAN_POINT('',(36.7124962438041,-11.7105434717162,-3.61712863610432));
#14315=CARTESIAN_POINT('',(36.7715603356551,-11.8774207421831,-3.65633194424285));
#14316=CARTESIAN_POINT('',(36.8299713686427,-12.0444956341043,-3.69554078180995));
#14317=CARTESIAN_POINT('',(36.8926858036949,-10.3146994449889,-3.32735031567453));
#14318=CARTESIAN_POINT('',(36.8926858036949,-10.3146994449889,-3.32735031567453));
#14319=VECTOR('',#14320,1.);
#14320=DIRECTION('',(-0.967062165836584,-0.254540306056732,0.));
#14321=CARTESIAN_POINT('',(36.8926858036949,-10.3146994449889,-3.32735031567453));
#14322=CARTESIAN_POINT('',(36.8943079986977,-10.3200993476438,-3.32860252802324));
#14323=CARTESIAN_POINT('',(36.8959871401399,-10.325481896303,-3.32985423209895));
#14324=CARTESIAN_POINT('',(36.9747910144149,-10.5825287791682,-3.38955180488597));
#14325=CARTESIAN_POINT('',(37.0547998078466,-10.8333725006884,-3.44798445719422));
#14326=CARTESIAN_POINT('',(37.2204348509116,-11.3331149444772,-3.56474952488453));
#14327=CARTESIAN_POINT('',(37.306092978468,-11.582115213508,-3.62310556609947));
#14328=CARTESIAN_POINT('',(37.3998154951378,-11.8448764441972,-3.6848750334163));
#14329=CARTESIAN_POINT('',(37.4050876492828,-11.8596527112725,-3.68834870998752));
#14330=CARTESIAN_POINT('',(37.4103866099161,-11.8744195322194,-3.69182187285615));
#14331=CARTESIAN_POINT('',(36.1390005287201,-7.42942109083665,-3.));
#14332=CARTESIAN_POINT('',(36.892685803695,-10.3146994449889,-3.32735031567453));
#14333=CARTESIAN_POINT('',(36.8479424495174,-10.1622570844383,-3.2920591542466));
#14334=CARTESIAN_POINT('',(36.7609075058537,-9.87313568876005,-3.2306023907757));
#14335=CARTESIAN_POINT('',(36.6401284697445,-9.45100454902397,-3.15645972578685));
#14336=CARTESIAN_POINT('',(36.527548252344,-9.03675332548406,-3.0975019136303));
#14337=CARTESIAN_POINT('',(36.4083317765871,-8.57796193947392,-3.04750755685479));
#14338=CARTESIAN_POINT('',(36.2756904449596,-8.03817744491064,-3.0096326963778));
#14339=CARTESIAN_POINT('',(36.1859270849421,-7.64187886701761,-3.));
#14340=CARTESIAN_POINT('',(36.1390005287201,-7.42942109083666,-3.));
#14341=CARTESIAN_POINT('',(35.558230888768,-7.58228539173088,-3.));
#14342=CARTESIAN_POINT('',(36.3099878878772,-10.4680712871213,-3.32735031567453));
#14343=CARTESIAN_POINT('',(36.2197752528919,-10.1759975160384,-3.25948003892634));
#14344=CARTESIAN_POINT('',(36.0575114861963,-9.60368238051156,-3.14846904815054));
#14345=CARTESIAN_POINT('',(35.8462219648976,-8.80965718958697,-3.05060329385231));
#14346=CARTESIAN_POINT('',(35.6847674164021,-8.14078267186241,-3.00758110079328));
#14347=CARTESIAN_POINT('',(35.5946625211269,-7.75344190219643,-3.));
#14348=CARTESIAN_POINT('',(35.5582308887678,-7.58228539173094,-3.));
#14349=CARTESIAN_POINT('',(36.1390005287201,-7.42942109083666,-3.));
#14350=VECTOR('',#14351,1.);
#14351=DIRECTION('',(-0.967062165836583,-0.254540306056736,0.));
#14352=CARTESIAN_POINT('',(36.1390005287201,7.42942109083664,-3.));
#14353=AXIS2_PLACEMENT_3D('',#14354,#14355,#14356);
#14354=CARTESIAN_POINT('',(70.2936009530387,-2.78621724483807E-15,-3.));
#14355=DIRECTION('',(0.,0.,1.));
#14356=DIRECTION('',(-0.977149584243672,0.212552793471219,0.));
#14357=CARTESIAN_POINT('',(35.558230888768,7.58228539173088,-3.));
#14358=AXIS2_PLACEMENT_3D('',#14359,#14360,#14361);
#14359=CARTESIAN_POINT('',(70.2936009530387,-5.82224936234316E-15,-3.));
#14360=DIRECTION('',(0.,0.,-1.));
#14361=DIRECTION('',(-0.976994321274153,-0.213265318788726,0.));
#14362=CARTESIAN_POINT('',(36.1390005287201,7.42942109083665,-3.));
#14363=VECTOR('',#14364,1.);
#14364=DIRECTION('',(-0.967062165836584,0.254540306056734,0.));
#14365=CARTESIAN_POINT('',(36.8926858036949,10.3146994449889,-3.32735031567453));
#14366=CARTESIAN_POINT('',(36.8926858036949,10.3146994449889,-3.32735031567453));
#14367=CARTESIAN_POINT('',(36.8479424495169,10.1622570844365,-3.29205915424619));
#14368=CARTESIAN_POINT('',(36.7609075058521,9.87313568875462,-3.23060239077458));
#14369=CARTESIAN_POINT('',(36.6401284697413,9.45100454901256,-3.15645972578497));
#14370=CARTESIAN_POINT('',(36.5275482523394,9.03675332546683,-3.09750191362808));
#14371=CARTESIAN_POINT('',(36.4083317765822,8.57796193945454,-3.04750755685308));
#14372=CARTESIAN_POINT('',(36.2756904449564,8.03817744489716,-3.00963269637735));
#14373=CARTESIAN_POINT('',(36.1859270849408,7.6418788670118,-3.));
#14374=CARTESIAN_POINT('',(36.1390005287201,7.42942109083666,-3.));
#14375=CARTESIAN_POINT('',(36.3099878878772,10.4680712871213,-3.32735031567453));
#14376=CARTESIAN_POINT('',(36.3099878878772,10.4680712871213,-3.32735031567453));
#14377=CARTESIAN_POINT('',(36.2197752528916,10.1759975160374,-3.25948003892611));
#14378=CARTESIAN_POINT('',(36.0575114861951,9.60368238050755,-3.1484690481498));
#14379=CARTESIAN_POINT('',(35.8462219648957,8.80965718957983,-3.05060329385157));
#14380=CARTESIAN_POINT('',(35.6847674164007,8.14078267185623,-3.00758110079308));
#14381=CARTESIAN_POINT('',(35.5946625211262,7.75344190219332,-3.));
#14382=CARTESIAN_POINT('',(35.5582308887678,7.58228539173093,-3.));
#14383=CARTESIAN_POINT('',(36.8926858036949,10.3146994449889,-3.32735031567453));
#14384=VECTOR('',#14385,1.);
#14385=DIRECTION('',(-0.967062165836583,0.254540306056737,0.));
#14386=CARTESIAN_POINT('',(37.4103864998086,11.8744210251199,-3.69182218745632));
#14387=CARTESIAN_POINT('',(36.8926858036949,10.3146994449889,-3.32735031567453));
#14388=CARTESIAN_POINT('',(36.8943079986977,10.3200993476438,-3.32860252802324));
#14389=CARTESIAN_POINT('',(36.8959871401399,10.325481896303,-3.32985423209895));
#14390=CARTESIAN_POINT('',(36.9747910144149,10.5825287791682,-3.38955180488597));
#14391=CARTESIAN_POINT('',(37.0547998078466,10.8333725006884,-3.44798445719422));
#14392=CARTESIAN_POINT('',(37.2204348509116,11.3331149444772,-3.56474952488453));
#14393=CARTESIAN_POINT('',(37.306092978468,11.582115213508,-3.62310556609947));
#14394=CARTESIAN_POINT('',(37.3998154951378,11.8448764441972,-3.6848750334163));
#14395=CARTESIAN_POINT('',(37.4050876492828,11.8596527112725,-3.68834870998752));
#14396=CARTESIAN_POINT('',(37.4103866099161,11.8744195322194,-3.69182187285614));
#14397=CARTESIAN_POINT('',(36.8299713686427,12.0444956341043,-3.69554078180995));
#14398=CARTESIAN_POINT('',(36.3099878878772,10.4680712871213,-3.32735031567453));
#14399=CARTESIAN_POINT('',(36.4250853705601,10.8264031552972,-3.41086723589563));
#14400=CARTESIAN_POINT('',(36.5347407919401,11.1865306871227,-3.49446222154528));
#14401=CARTESIAN_POINT('',(36.7124962438041,11.7105434717162,-3.61712863610432));
#14402=CARTESIAN_POINT('',(36.7715603356551,11.8774207421831,-3.65633194424285));
#14403=CARTESIAN_POINT('',(36.8299713686427,12.0444956341043,-3.69554078180995));
#14404=CARTESIAN_POINT('',(41.4313417581905,24.686656878731,-6.67264968432547));
#14405=CARTESIAN_POINT('',(36.8299713686427,12.0444956341043,-3.69554078180995));
#14406=VECTOR('',#14407,1.);
#14407=DIRECTION('',(0.333941522864871,0.917496793547373,-0.216061780833582));
#14408=CARTESIAN_POINT('',(42.0175036910744,24.5323732731202,-6.67264968432548));
#14409=CARTESIAN_POINT('',(41.4313417581905,24.686656878731,-6.67264968432547));
#14410=VECTOR('',#14411,1.);
#14411=DIRECTION('',(0.967062165836582,-0.254540306056741,0.));
#14412=CARTESIAN_POINT('',(42.0175036910744,24.5323732731202,-6.67264968432548));
#14413=VECTOR('',#14414,1.);
#14414=DIRECTION('',(-0.333941522864872,-0.917496793547373,0.216061780833582));
#14415=CARTESIAN_POINT('',(43.0496141454436,27.344367372257,-7.));
#14416=CARTESIAN_POINT('',(43.0496141454436,27.344367372257,-7.));
#14417=CARTESIAN_POINT('',(42.9340687614271,27.0294783395171,-7.));
#14418=CARTESIAN_POINT('',(42.7029130677131,26.399680942024,-6.97565522056912));
#14419=CARTESIAN_POINT('',(42.3580044029882,25.4598359855328,-6.86626312326846));
#14420=CARTESIAN_POINT('',(42.1303161996242,24.8399164365843,-6.74512272614797));
#14421=CARTESIAN_POINT('',(42.0175036910744,24.5323732731202,-6.67264968432547));
#14422=CARTESIAN_POINT('',(42.4669290400265,27.4977358425655,-7.));
#14423=CARTESIAN_POINT('',(42.4669290400265,27.4977358425655,-7.));
#14424=CARTESIAN_POINT('',(42.3509108043265,27.1828722485826,-7.));
#14425=CARTESIAN_POINT('',(42.1188560969903,26.5531170095209,-6.97563947573502));
#14426=CARTESIAN_POINT('',(41.7726825641086,25.6135189899683,-6.86620841171763));
#14427=CARTESIAN_POINT('',(41.5446220257629,24.9938664692532,-6.74507749898199));
#14428=CARTESIAN_POINT('',(41.4313417581905,24.686656878731,-6.67264968432547));
#14429=CARTESIAN_POINT('',(42.4669290400265,27.4977358425655,-7.));
#14430=VECTOR('',#14431,1.);
#14431=DIRECTION('',(0.967062165836583,-0.254540306056738,0.));
#14432=CARTESIAN_POINT('',(47.1131899900968,38.5089502483867,-7.));
#14433=VECTOR('',#14434,1.);
#14434=DIRECTION('',(-0.342020143306626,-0.939692620792839,0.));
#14435=CARTESIAN_POINT('',(43.5729649348233,30.5365444888174,-7.));
#14436=CARTESIAN_POINT('',(42.4669290400265,27.4977358425655,-7.));
#14437=VECTOR('',#14438,1.);
#14438=DIRECTION('',(0.342020143306627,0.939692620792839,0.));
#14439=AXIS2_PLACEMENT_3D('',#14440,#14441,#14442);
#14440=CARTESIAN_POINT('',(40.8162960622096,31.5398899041137,-7.));
#14441=DIRECTION('',(0.,0.,-1.));
#14442=DIRECTION('',(0.499999999982116,0.866025403794764,0.));
#14443=CARTESIAN_POINT('',(31.602861143068,37.4474871348855,-7.));
#14444=AXIS2_PLACEMENT_3D('',#14445,#14446,#14447);
#14445=CARTESIAN_POINT('',(33.85011819787,35.5618145691212,-7.));
#14446=DIRECTION('',(0.,0.,-1.));
#14447=DIRECTION('',(-0.766044443132501,0.642787609670423,0.));
#14448=CARTESIAN_POINT('',(30.7015954568674,36.3734005153871,-6.99999999953057));
#14449=CARTESIAN_POINT('',(31.602861143068,37.4474871348855,-7.));
#14450=VECTOR('',#14451,1.);
#14451=DIRECTION('',(-0.642787609670422,-0.766044443132502,0.));
#14452=CARTESIAN_POINT('',(30.2419687917124,36.759073082154,-7.00000000134669));
#14453=CARTESIAN_POINT('',(30.2419687916738,36.7590730820478,-7.));
#14454=VECTOR('',#14455,1.);
#14455=DIRECTION('',(0.766044442047133,-0.642787610963915,0.));
#14456=CARTESIAN_POINT('',(30.2419687916738,36.7590730820478,-7.));
#14457=VECTOR('',#14458,1.);
#14458=DIRECTION('',(0.642787609670424,0.7660444431325,-8.78987754999621E-17));
#14459=CARTESIAN_POINT('',(46.7138791847816,46.0345752525677,-3.3));
#14460=CARTESIAN_POINT('',(46.7138791847816,46.0345752525677,-3.3));
#14461=VECTOR('',#14462,1.);
#14462=DIRECTION('',(-0.996493270044898,0.0836729511564256,0.));
#14463=CARTESIAN_POINT('',(47.5189734196826,45.9669735811684,-3.9));
#14464=CARTESIAN_POINT('',(47.4688835817434,45.9711794947348,-3.86117857868081));
#14465=CARTESIAN_POINT('',(47.3557015673022,45.9806830944588,-3.77401882502823));
#14466=CARTESIAN_POINT('',(47.1825803231862,45.9952196355861,-3.64278067641711));
#14467=CARTESIAN_POINT('',(47.0035508127967,46.0102522784836,-3.50956936621281));
#14468=CARTESIAN_POINT('',(46.8485818360711,46.0232646208748,-3.39644644944891));
#14469=CARTESIAN_POINT('',(46.753133976519,46.0312791296832,-3.32795785088126));
#14470=CARTESIAN_POINT('',(46.7138791847816,46.0345752525677,-3.30000000000001));
#14471=CARTESIAN_POINT('',(38.2867555627713,46.0353318531873,-8.));
#14472=AXIS2_PLACEMENT_3D('',#14473,#14474,#14475);
#14473=CARTESIAN_POINT('',(42.5,42.5,-8.));
#14474=DIRECTION('',(0.,0.,-1.));
#14475=DIRECTION('',(-0.7660444431325,0.642787609670424,0.));
#14476=CARTESIAN_POINT('',(43.454092367697,47.9166140488226,-3.3));
#14477=CARTESIAN_POINT('',(43.8630465742028,47.3281998947519,-3.3));
#14478=VECTOR('',#14479,1.);
#14479=DIRECTION('',(-0.570709536367442,0.821152010957326,0.));
#14480=CARTESIAN_POINT('',(42.993000485449,48.5800452729685,-3.9));
#14481=CARTESIAN_POINT('',(43.0216878324149,48.5387691576261,-3.86117857868081));
#14482=CARTESIAN_POINT('',(43.0865091984277,48.4455024577333,-3.77401882502822));
#14483=CARTESIAN_POINT('',(43.185658834391,48.3028433329618,-3.64278067641709));
#14484=CARTESIAN_POINT('',(43.2881922402271,48.1553155503903,-3.50956936621276));
#14485=CARTESIAN_POINT('',(43.3769457476686,48.0276146509468,-3.39644644944888));
#14486=CARTESIAN_POINT('',(43.4316104456749,47.9489616342442,-3.32795785088122));
#14487=CARTESIAN_POINT('',(43.4540923676969,47.9166140488226,-3.29999999999997));
#14488=AXIS2_PLACEMENT_3D('',#14489,#14490,#14491);
#14489=CARTESIAN_POINT('',(42.5,42.5,-3.3));
#14490=DIRECTION('',(0.,0.,-1.));
#14491=DIRECTION('',(0.173471339581261,0.984838917967747,0.));
#14492=CARTESIAN_POINT('',(42.5,46.05,-7.6));
#14493=AXIS2_PLACEMENT_3D('',#14494,#14495,#14496);
#14494=CARTESIAN_POINT('',(42.5,42.5,-7.6));
#14495=DIRECTION('',(0.,0.,1.));
#14496=DIRECTION('',(0.,1.,0.));
#14497=CARTESIAN_POINT('',(28.3251203360884,34.4746620487788,-6.6726496846253));
#14498=AXIS2_PLACEMENT_3D('',#14499,#14500,#14501);
#14499=CARTESIAN_POINT('',(30.2419687954188,36.7590730789053,6.74674098214159));
#14500=DIRECTION('',(0.766044442047136,-0.642787610963911,0.));
#14501=DIRECTION('',(-0.139440210726563,-0.166178371522724,-0.976187060183952));
#14502=CARTESIAN_POINT('',(28.7847470014714,34.0889894823691,-6.67264968275941));
#14503=AXIS2_PLACEMENT_3D('',#14504,#14505,#14506);
#14504=CARTESIAN_POINT('',(30.701595456902,36.3734005154695,6.74674098214159));
#14505=DIRECTION('',(-0.766044442047136,0.642787610963911,0.));
#14506=DIRECTION('',(-1.74860126378462E-15,-2.08166817117217E-15,-1.));
#14507=CARTESIAN_POINT('',(28.3251203360655,34.4746620487484,-6.67264968432547));
#14508=VECTOR('',#14509,1.);
#14509=DIRECTION('',(0.766044442047138,-0.642787610963909,0.));
#14510=CARTESIAN_POINT('',(18.6486939044539,22.9427460848715,-3.32735031655199));
#14511=CARTESIAN_POINT('',(18.6486939044335,22.9427460848846,-3.32735031567453));
#14512=VECTOR('',#14513,1.);
#14513=DIRECTION('',(0.627480947006841,0.747802672911769,-0.216930457818656));
#14514=CARTESIAN_POINT('',(19.1083205696644,22.557073518471,-3.32735031529066));
#14515=CARTESIAN_POINT('',(28.7847470012377,34.0889894822171,-6.67264968432547));
#14516=VECTOR('',#14517,1.);
#14517=DIRECTION('',(-0.627480947006841,-0.747802672911769,0.216930457818657));
#14518=CARTESIAN_POINT('',(19.1083205696057,22.5570735183534,-3.32735031567453));
#14519=VECTOR('',#14520,1.);
#14520=DIRECTION('',(-0.766044442047135,0.642787610963912,0.));
#14521=CARTESIAN_POINT('',(17.674392579789,21.7816189807936,-3.07842997674786));
#14522=AXIS2_PLACEMENT_3D('',#14523,#14524,#14525);
#14523=CARTESIAN_POINT('',(16.7318454470974,20.6583350530351,-16.7467409821416));
#14524=DIRECTION('',(-0.766044442047136,0.642787610963911,0.));
#14525=DIRECTION('',(0.0685651336587419,0.0817127440877936,0.99429464943748));
#14526=AXIS2_PLACEMENT_3D('',#14527,#14528,#14529);
#14527=CARTESIAN_POINT('',(17.1914721102524,20.2726624881964,-16.7467409821416));
#14528=DIRECTION('',(0.766044442047136,-0.642787610963911,0.));
#14529=DIRECTION('',(0.139440210726563,0.166178371522724,0.976187060183952));
#14530=CARTESIAN_POINT('',(16.6719348604536,20.7086060043618,-3.));
#14531=CARTESIAN_POINT('',(16.7874829970952,20.8243518670825,-3.));
#14532=CARTESIAN_POINT('',(17.0205828141244,21.0538976906346,-3.00578223162388));
#14533=CARTESIAN_POINT('',(17.3543162998466,21.4127922716238,-3.03191407679615));
#14534=CARTESIAN_POINT('',(17.568772592293,21.6580354934997,-3.06099028238036));
#14535=CARTESIAN_POINT('',(17.6743925796612,21.7816189806524,-3.07842997635366));
#14536=CARTESIAN_POINT('',(-17.674392579789,21.7816189807936,-3.07842997674785));
#14537=CARTESIAN_POINT('',(-16.6719348604536,20.7086060043618,-3.));
#14538=CARTESIAN_POINT('',(-16.7874829970952,20.8243518670825,-3.));
#14539=CARTESIAN_POINT('',(-17.0205828141244,21.0538976906346,-3.00578223162388));
#14540=CARTESIAN_POINT('',(-17.3543162998466,21.4127922716238,-3.03191407679615));
#14541=CARTESIAN_POINT('',(-17.5687725922931,21.6580354934997,-3.06099028238036));
#14542=CARTESIAN_POINT('',(-17.6743925796612,21.7816189806524,-3.07842997635366));
#14543=CARTESIAN_POINT('',(-19.1083205696644,22.557073518471,-3.32735031529066));
#14544=AXIS2_PLACEMENT_3D('',#14545,#14546,#14547);
#14545=CARTESIAN_POINT('',(-17.1914721102524,20.2726624881964,-16.7467409821416));
#14546=DIRECTION('',(0.766044442047136,0.642787610963911,1.38777878078145E-17));
#14547=DIRECTION('',(-0.139440210726563,0.166178371522724,0.976187060183952));
#14548=CARTESIAN_POINT('',(-18.6486939044539,22.9427460848715,-3.32735031655199));
#14549=CARTESIAN_POINT('',(-19.1083205696057,22.5570735183534,-3.32735031567453));
#14550=VECTOR('',#14551,1.);
#14551=DIRECTION('',(0.766044442047135,0.642787610963912,0.));
#14552=AXIS2_PLACEMENT_3D('',#14553,#14554,#14555);
#14553=CARTESIAN_POINT('',(-16.7318454470974,20.6583350530351,-16.7467409821416));
#14554=DIRECTION('',(-0.766044442047136,-0.642787610963911,-1.38777878078145E-17));
#14555=DIRECTION('',(-0.0685651336587419,0.0817127440877935,0.99429464943748));
#14556=CARTESIAN_POINT('',(-28.3251203360884,34.4746620487788,-6.6726496846253));
#14557=CARTESIAN_POINT('',(-18.6486939044335,22.9427460848846,-3.32735031567453));
#14558=VECTOR('',#14559,1.);
#14559=DIRECTION('',(-0.627480947006841,0.747802672911769,-0.216930457818656));
#14560=CARTESIAN_POINT('',(-28.7847470014714,34.0889894823691,-6.67264968275941));
#14561=CARTESIAN_POINT('',(-28.7847470012377,34.0889894822171,-6.67264968432547));
#14562=VECTOR('',#14563,1.);
#14563=DIRECTION('',(0.627480947006841,-0.747802672911769,0.216930457818657));
#14564=CARTESIAN_POINT('',(-28.3251203360655,34.4746620487484,-6.67264968432547));
#14565=VECTOR('',#14566,1.);
#14566=DIRECTION('',(-0.76604444204714,-0.642787610963906,0.));
#14567=CARTESIAN_POINT('',(-30.2419687917124,36.759073082154,-7.00000000134669));
#14568=AXIS2_PLACEMENT_3D('',#14569,#14570,#14571);
#14569=CARTESIAN_POINT('',(-30.2419687954188,36.7590730789053,6.74674098214159));
#14570=DIRECTION('',(0.766044442047136,0.642787610963911,0.));
#14571=DIRECTION('',(0.139440210726563,-0.166178371522724,-0.976187060183952));
#14572=CARTESIAN_POINT('',(-30.7015954568674,36.373400515387,-6.99999999953057));
#14573=AXIS2_PLACEMENT_3D('',#14574,#14575,#14576);
#14574=CARTESIAN_POINT('',(-30.7015954569021,36.3734005154695,6.74674098214159));
#14575=DIRECTION('',(-0.766044442047136,-0.642787610963911,0.));
#14576=DIRECTION('',(1.47104550762833E-15,-1.77635683940025E-15,-1.));
#14577=CARTESIAN_POINT('',(-30.2419687916738,36.7590730820478,-7.));
#14578=VECTOR('',#14579,1.);
#14579=DIRECTION('',(-0.766044442047133,-0.642787610963915,0.));
#14580=CARTESIAN_POINT('',(-30.2419687916738,36.7590730820478,-7.));
#14581=VECTOR('',#14582,1.);
#14582=DIRECTION('',(-0.642787609670424,0.7660444431325,0.));
#14583=CARTESIAN_POINT('',(-31.602861143068,37.4474871348855,-7.));
#14584=CARTESIAN_POINT('',(-31.602861143068,37.4474871348855,-7.));
#14585=VECTOR('',#14586,1.);
#14586=DIRECTION('',(0.642787609670422,-0.766044443132502,0.));
#14587=AXIS2_PLACEMENT_3D('',#14588,#14589,#14590);
#14588=CARTESIAN_POINT('',(-33.85011819787,35.5618145691212,-7.));
#14589=DIRECTION('',(0.,0.,1.));
#14590=DIRECTION('',(0.766044443132501,0.642787609670423,0.));
#14591=CARTESIAN_POINT('',(-43.5729649348233,30.5365444888174,-7.));
#14592=AXIS2_PLACEMENT_3D('',#14593,#14594,#14595);
#14593=CARTESIAN_POINT('',(-40.8162960622096,31.5398899041137,-7.));
#14594=DIRECTION('',(0.,0.,1.));
#14595=DIRECTION('',(-0.499999999982115,0.866025403794765,0.));
#14596=CARTESIAN_POINT('',(-42.4669290400265,27.4977358425655,-7.));
#14597=CARTESIAN_POINT('',(-42.4669290400265,27.4977358425655,-7.));
#14598=VECTOR('',#14599,1.);
#14599=DIRECTION('',(-0.34202014330663,0.939692620792838,0.));
#14600=CARTESIAN_POINT('',(-43.0496141454437,27.344367372257,-7.));
#14601=CARTESIAN_POINT('',(-42.4669290400265,27.4977358425655,-7.));
#14602=VECTOR('',#14603,1.);
#14603=DIRECTION('',(-0.967062165836584,-0.254540306056732,0.));
#14604=CARTESIAN_POINT('',(-47.1131899900968,38.5089502483867,-7.));
#14605=VECTOR('',#14606,1.);
#14606=DIRECTION('',(0.342020143306626,-0.939692620792839,0.));
#14607=CARTESIAN_POINT('',(-46.7138791847816,46.0345752525677,-3.3));
#14608=CARTESIAN_POINT('',(-47.5189734196826,45.9669735811684,-3.9));
#14609=CARTESIAN_POINT('',(-47.4688835817434,45.9711794947348,-3.86117857868081));
#14610=CARTESIAN_POINT('',(-47.3557015673022,45.9806830944588,-3.77401882502822));
#14611=CARTESIAN_POINT('',(-47.1825803231862,45.9952196355861,-3.6427806764171));
#14612=CARTESIAN_POINT('',(-47.0035508127967,46.0102522784836,-3.50956936621276));
#14613=CARTESIAN_POINT('',(-46.8485818360712,46.0232646208747,-3.39644644944887));
#14614=CARTESIAN_POINT('',(-46.753133976519,46.0312791296831,-3.32795785088122));
#14615=CARTESIAN_POINT('',(-46.7138791847816,46.0345752525677,-3.29999999999997));
#14616=CARTESIAN_POINT('',(-43.454092367697,47.9166140488226,-3.3));
#14617=AXIS2_PLACEMENT_3D('',#14618,#14619,#14620);
#14618=CARTESIAN_POINT('',(-42.5,42.5,-3.3));
#14619=DIRECTION('',(0.,0.,1.));
#14620=DIRECTION('',(-0.173471339581263,0.984838917967747,0.));
#14621=CARTESIAN_POINT('',(-42.993000485449,48.5800452729685,-3.9));
#14622=CARTESIAN_POINT('',(-43.0216878324149,48.5387691576261,-3.86117857868081));
#14623=CARTESIAN_POINT('',(-43.0865091984277,48.4455024577332,-3.77401882502823));
#14624=CARTESIAN_POINT('',(-43.185658834391,48.3028433329617,-3.64278067641711));
#14625=CARTESIAN_POINT('',(-43.2881922402271,48.1553155503903,-3.50956936621281));
#14626=CARTESIAN_POINT('',(-43.3769457476687,48.0276146509468,-3.39644644944892));
#14627=CARTESIAN_POINT('',(-43.431610445675,47.9489616342442,-3.32795785088127));
#14628=CARTESIAN_POINT('',(-43.454092367697,47.9166140488226,-3.30000000000002));
#14629=CARTESIAN_POINT('',(-43.8630465742028,47.3281998947519,-3.3));
#14630=VECTOR('',#14631,1.);
#14631=DIRECTION('',(0.57070953636744,0.821152010957327,0.));
#14632=CARTESIAN_POINT('',(-38.2867555627713,46.0353318531873,-8.));
#14633=AXIS2_PLACEMENT_3D('',#14634,#14635,#14636);
#14634=CARTESIAN_POINT('',(-42.5,42.5,-8.));
#14635=DIRECTION('',(0.,0.,1.));
#14636=DIRECTION('',(0.7660444431325,0.642787609670425,0.));
#14637=CARTESIAN_POINT('',(-46.7138791847816,46.0345752525677,-3.3));
#14638=VECTOR('',#14639,1.);
#14639=DIRECTION('',(0.996493270044898,0.0836729511564256,0.));
#14640=CARTESIAN_POINT('',(-42.5,46.05,-7.6));
#14641=AXIS2_PLACEMENT_3D('',#14642,#14643,#14644);
#14642=CARTESIAN_POINT('',(-42.5,42.5,-7.6));
#14643=DIRECTION('',(0.,0.,-1.));
#14644=DIRECTION('',(0.,1.,0.));
#14645=CARTESIAN_POINT('',(-42.0175036910744,24.5323732731201,-6.67264968432547));
#14646=CARTESIAN_POINT('',(-43.0496141454437,27.344367372257,-7.));
#14647=CARTESIAN_POINT('',(-42.9340687614271,27.0294783395171,-7.));
#14648=CARTESIAN_POINT('',(-42.7029130677131,26.399680942024,-6.97565522056912));
#14649=CARTESIAN_POINT('',(-42.3580044029882,25.4598359855328,-6.86626312326846));
#14650=CARTESIAN_POINT('',(-42.1303161996242,24.8399164365843,-6.74512272614797));
#14651=CARTESIAN_POINT('',(-42.0175036910744,24.5323732731202,-6.67264968432547));
#14652=CARTESIAN_POINT('',(-41.4313417581905,24.686656878731,-6.67264968432547));
#14653=CARTESIAN_POINT('',(-42.4669290400265,27.4977358425655,-7.));
#14654=CARTESIAN_POINT('',(-42.3509108043265,27.1828722485826,-7.));
#14655=CARTESIAN_POINT('',(-42.1188560969903,26.5531170095208,-6.97563947573502));
#14656=CARTESIAN_POINT('',(-41.7726825641087,25.6135189899683,-6.86620841171763));
#14657=CARTESIAN_POINT('',(-41.544622025763,24.9938664692532,-6.74507749898199));
#14658=CARTESIAN_POINT('',(-41.4313417581905,24.686656878731,-6.67264968432547));
#14659=CARTESIAN_POINT('',(-41.4313417581905,24.686656878731,-6.67264968432547));
#14660=VECTOR('',#14661,1.);
#14661=DIRECTION('',(-0.967062165836583,-0.254540306056735,0.));
#14662=CARTESIAN_POINT('',(-37.4103864998086,11.8744210251199,-3.69182218745631));
#14663=CARTESIAN_POINT('',(-42.0175036910744,24.5323732731201,-6.67264968432547));
#14664=VECTOR('',#14665,1.);
#14665=DIRECTION('',(0.333941522864872,-0.917496793547373,0.216061780833582));
#14666=CARTESIAN_POINT('',(-36.8299713686427,12.0444956341043,-3.69554078180995));
#14667=CARTESIAN_POINT('',(-36.8299713686427,12.0444956341043,-3.69554078180995));
#14668=VECTOR('',#14669,1.);
#14669=DIRECTION('',(-0.333941522864871,0.917496793547373,-0.216061780833582));
#14670=CARTESIAN_POINT('',(-36.3099878878772,10.4680712871213,-3.32735031567453));
#14671=CARTESIAN_POINT('',(-36.3099878878772,10.4680712871213,-3.32735031567453));
#14672=CARTESIAN_POINT('',(-36.4250853705601,10.8264031552972,-3.41086723589563));
#14673=CARTESIAN_POINT('',(-36.5347407919401,11.1865306871227,-3.49446222154528));
#14674=CARTESIAN_POINT('',(-36.7124962438041,11.7105434717162,-3.61712863610432));
#14675=CARTESIAN_POINT('',(-36.7715603356551,11.8774207421831,-3.65633194424285));
#14676=CARTESIAN_POINT('',(-36.8299713686427,12.0444956341043,-3.69554078180995));
#14677=CARTESIAN_POINT('',(-36.8926858036949,10.3146994449889,-3.32735031567453));
#14678=CARTESIAN_POINT('',(-36.8926858036949,10.3146994449889,-3.32735031567453));
#14679=VECTOR('',#14680,1.);
#14680=DIRECTION('',(0.967062165836583,0.254540306056737,0.));
#14681=CARTESIAN_POINT('',(-36.8926858036949,10.3146994449889,-3.32735031567453));
#14682=CARTESIAN_POINT('',(-36.8943079986977,10.3200993476438,-3.32860252802324));
#14683=CARTESIAN_POINT('',(-36.8959871401399,10.325481896303,-3.32985423209895));
#14684=CARTESIAN_POINT('',(-36.9747910144149,10.5825287791682,-3.38955180488597));
#14685=CARTESIAN_POINT('',(-37.0547998078466,10.8333725006884,-3.44798445719422));
#14686=CARTESIAN_POINT('',(-37.2204348509116,11.3331149444772,-3.56474952488453));
#14687=CARTESIAN_POINT('',(-37.306092978468,11.582115213508,-3.62310556609947));
#14688=CARTESIAN_POINT('',(-37.3998154951378,11.8448764441972,-3.6848750334163));
#14689=CARTESIAN_POINT('',(-37.4050876492828,11.8596527112725,-3.68834870998752));
#14690=CARTESIAN_POINT('',(-37.4103866099161,11.8744195322194,-3.69182187285614));
#14691=CARTESIAN_POINT('',(-36.1390005287201,7.42942109083664,-3.));
#14692=CARTESIAN_POINT('',(-36.892685803695,10.3146994449889,-3.32735031567453));
#14693=CARTESIAN_POINT('',(-36.8479424495165,10.1622570844353,-3.2920591542459));
#14694=CARTESIAN_POINT('',(-36.760907505851,9.87313568875104,-3.23060239077384));
#14695=CARTESIAN_POINT('',(-36.6401284697395,9.45100454900599,-3.1564597257839));
#14696=CARTESIAN_POINT('',(-36.5275482523374,9.0367533254592,-3.09750191362713));
#14697=CARTESIAN_POINT('',(-36.4083317765806,8.57796193944806,-3.04750755685254));
#14698=CARTESIAN_POINT('',(-36.2756904449556,8.03817744489365,-3.00963269637723));
#14699=CARTESIAN_POINT('',(-36.1859270849406,7.64187886701059,-3.));
#14700=CARTESIAN_POINT('',(-36.1390005287201,7.42942109083665,-3.));
#14701=CARTESIAN_POINT('',(-35.558230888768,7.58228539173087,-3.));
#14702=CARTESIAN_POINT('',(-36.3099878878772,10.4680712871213,-3.32735031567453));
#14703=CARTESIAN_POINT('',(-36.219775252892,10.1759975160385,-3.25948003892636));
#14704=CARTESIAN_POINT('',(-36.0575114861964,9.60368238051198,-3.14846904815062));
#14705=CARTESIAN_POINT('',(-35.8462219648978,8.80965718958771,-3.05060329385239));
#14706=CARTESIAN_POINT('',(-35.6847674164023,8.14078267186305,-3.0075811007933));
#14707=CARTESIAN_POINT('',(-35.594662521127,7.75344190219675,-3.));
#14708=CARTESIAN_POINT('',(-35.5582308887678,7.58228539173093,-3.));
#14709=CARTESIAN_POINT('',(-36.1390005287201,7.42942109083665,-3.));
#14710=VECTOR('',#14711,1.);
#14711=DIRECTION('',(0.967062165836583,0.254540306056736,0.));
#14712=CARTESIAN_POINT('',(-36.1390005287201,-7.42942109083666,-3.));
#14713=AXIS2_PLACEMENT_3D('',#14714,#14715,#14716);
#14714=CARTESIAN_POINT('',(-70.2936009530387,-1.13947005856061E-14,-3.));
#14715=DIRECTION('',(0.,0.,-1.));
#14716=DIRECTION('',(0.977149584243672,0.212552793471219,0.));
#14717=CARTESIAN_POINT('',(-35.558230888768,-7.58228539173089,-3.));
#14718=AXIS2_PLACEMENT_3D('',#14719,#14720,#14721);
#14719=CARTESIAN_POINT('',(-70.2936009530387,-1.44307327031112E-14,-3.));
#14720=DIRECTION('',(0.,0.,1.));
#14721=DIRECTION('',(0.976994321274153,-0.213265318788726,0.));
#14722=CARTESIAN_POINT('',(-36.1390005287201,-7.42942109083666,-3.));
#14723=VECTOR('',#14724,1.);
#14724=DIRECTION('',(0.967062165836583,-0.254540306056736,0.));
#14725=CARTESIAN_POINT('',(-36.8926858036949,-10.3146994449889,-3.32735031567453));
#14726=CARTESIAN_POINT('',(-36.892685803695,-10.3146994449889,-3.32735031567453));
#14727=CARTESIAN_POINT('',(-36.8479424495183,-10.1622570844411,-3.29205915424725));
#14728=CARTESIAN_POINT('',(-36.7609075058561,-9.87313568876783,-3.23060239077731));
#14729=CARTESIAN_POINT('',(-36.6401284697484,-9.45100454903797,-3.15645972578913));
#14730=CARTESIAN_POINT('',(-36.5275482523483,-9.03675332550028,-3.09750191363233));
#14731=CARTESIAN_POINT('',(-36.4083317765906,-8.57796193948801,-3.04750755685598));
#14732=CARTESIAN_POINT('',(-36.2756904449614,-8.0381774449186,-3.00963269637805));
#14733=CARTESIAN_POINT('',(-36.1859270849427,-7.64187886702049,-3.));
#14734=CARTESIAN_POINT('',(-36.1390005287201,-7.42942109083666,-3.));
#14735=CARTESIAN_POINT('',(-36.3099878878772,-10.4680712871213,-3.32735031567453));
#14736=CARTESIAN_POINT('',(-36.3099878878772,-10.4680712871213,-3.32735031567453));
#14737=CARTESIAN_POINT('',(-36.2197752528922,-10.1759975160392,-3.25948003892654));
#14738=CARTESIAN_POINT('',(-36.0575114861973,-9.60368238051516,-3.1484690481512));
#14739=CARTESIAN_POINT('',(-35.8462219648992,-8.80965718959335,-3.05060329385297));
#14740=CARTESIAN_POINT('',(-35.6847674164034,-8.14078267186795,-3.00758110079346));
#14741=CARTESIAN_POINT('',(-35.5946625211275,-7.75344190219921,-3.));
#14742=CARTESIAN_POINT('',(-35.5582308887678,-7.58228539173094,-3.));
#14743=CARTESIAN_POINT('',(-36.8926858036949,-10.3146994449889,-3.32735031567453));
#14744=VECTOR('',#14745,1.);
#14745=DIRECTION('',(0.967062165836582,-0.25454030605674,0.));
#14746=CARTESIAN_POINT('',(-37.4103864998086,-11.8744210251199,-3.69182218745632));
#14747=CARTESIAN_POINT('',(-36.8926858036949,-10.3146994449889,-3.32735031567453));
#14748=CARTESIAN_POINT('',(-36.8943079986977,-10.3200993476438,-3.32860252802324));
#14749=CARTESIAN_POINT('',(-36.8959871401399,-10.325481896303,-3.32985423209895));
#14750=CARTESIAN_POINT('',(-36.9747910144149,-10.5825287791682,-3.38955180488597));
#14751=CARTESIAN_POINT('',(-37.0547998078466,-10.8333725006884,-3.44798445719422));
#14752=CARTESIAN_POINT('',(-37.2204348509116,-11.3331149444772,-3.56474952488453));
#14753=CARTESIAN_POINT('',(-37.306092978468,-11.582115213508,-3.62310556609947));
#14754=CARTESIAN_POINT('',(-37.3998154951378,-11.8448764441972,-3.6848750334163));
#14755=CARTESIAN_POINT('',(-37.4050876492828,-11.8596527112725,-3.68834870998752));
#14756=CARTESIAN_POINT('',(-37.4103866099161,-11.8744195322194,-3.69182187285614));
#14757=CARTESIAN_POINT('',(-36.8299713686427,-12.0444956341043,-3.69554078180995));
#14758=CARTESIAN_POINT('',(-36.3099878878772,-10.4680712871213,-3.32735031567453));
#14759=CARTESIAN_POINT('',(-36.4250853705601,-10.8264031552972,-3.41086723589563));
#14760=CARTESIAN_POINT('',(-36.5347407919401,-11.1865306871228,-3.49446222154528));
#14761=CARTESIAN_POINT('',(-36.7124962438041,-11.7105434717162,-3.61712863610432));
#14762=CARTESIAN_POINT('',(-36.7715603356551,-11.8774207421831,-3.65633194424285));
#14763=CARTESIAN_POINT('',(-36.8299713686427,-12.0444956341043,-3.69554078180995));
#14764=CARTESIAN_POINT('',(-41.4313417581905,-24.686656878731,-6.67264968432547));
#14765=CARTESIAN_POINT('',(-36.8299713686427,-12.0444956341043,-3.69554078180995));
#14766=VECTOR('',#14767,1.);
#14767=DIRECTION('',(-0.333941522864872,-0.917496793547373,-0.216061780833582));
#14768=CARTESIAN_POINT('',(-42.0175036910744,-24.5323732731202,-6.67264968432548));
#14769=CARTESIAN_POINT('',(-41.4313417581905,-24.686656878731,-6.67264968432547));
#14770=VECTOR('',#14771,1.);
#14771=DIRECTION('',(-0.967062165836582,0.254540306056739,0.));
#14772=CARTESIAN_POINT('',(-42.0175036910744,-24.5323732731202,-6.67264968432548));
#14773=VECTOR('',#14774,1.);
#14774=DIRECTION('',(0.333941522864871,0.917496793547374,0.216061780833582));
#14775=CARTESIAN_POINT('',(-43.0496141454436,-27.344367372257,-7.));
#14776=CARTESIAN_POINT('',(-43.0496141454436,-27.344367372257,-7.));
#14777=CARTESIAN_POINT('',(-42.934068761427,-27.0294783395171,-7.));
#14778=CARTESIAN_POINT('',(-42.702913067713,-26.399680942024,-6.97565522056912));
#14779=CARTESIAN_POINT('',(-42.3580044029882,-25.4598359855328,-6.86626312326846));
#14780=CARTESIAN_POINT('',(-42.1303161996242,-24.8399164365844,-6.74512272614797));
#14781=CARTESIAN_POINT('',(-42.0175036910744,-24.5323732731202,-6.67264968432547));
#14782=CARTESIAN_POINT('',(-42.4669290400265,-27.4977358425655,-7.));
#14783=CARTESIAN_POINT('',(-42.4669290400265,-27.4977358425655,-7.));
#14784=CARTESIAN_POINT('',(-42.3509108043264,-27.1828722485826,-7.));
#14785=CARTESIAN_POINT('',(-42.1188560969903,-26.5531170095209,-6.97563947573502));
#14786=CARTESIAN_POINT('',(-41.7726825641086,-25.6135189899683,-6.86620841171763));
#14787=CARTESIAN_POINT('',(-41.5446220257629,-24.9938664692532,-6.74507749898199));
#14788=CARTESIAN_POINT('',(-41.4313417581905,-24.686656878731,-6.67264968432547));
#14789=CARTESIAN_POINT('',(-42.4669290400265,-27.4977358425655,-7.));
#14790=VECTOR('',#14791,1.);
#14791=DIRECTION('',(-0.967062165836585,0.25454030605673,0.));
#14792=CARTESIAN_POINT('',(-30.2419687917124,-36.759073082154,-7.00000000134669));
#14793=CARTESIAN_POINT('',(-30.2419687916738,-36.7590730820478,-7.));
#14794=VECTOR('',#14795,1.);
#14795=DIRECTION('',(-0.642787609670424,-0.766044443132501,0.));
#14796=CARTESIAN_POINT('',(-47.1131899900968,-38.5089502483866,-7.));
#14797=VECTOR('',#14798,1.);
#14798=DIRECTION('',(0.342020143306626,0.939692620792839,0.));
#14799=CARTESIAN_POINT('',(-43.5729649348233,-30.5365444888174,-7.));
#14800=CARTESIAN_POINT('',(-42.4669290400265,-27.4977358425655,-7.));
#14801=VECTOR('',#14802,1.);
#14802=DIRECTION('',(-0.342020143306626,-0.93969262079284,0.));
#14803=AXIS2_PLACEMENT_3D('',#14804,#14805,#14806);
#14804=CARTESIAN_POINT('',(-40.8162960622096,-31.5398899041137,-7.));
#14805=DIRECTION('',(0.,0.,-1.));
#14806=DIRECTION('',(-0.499999999982115,-0.866025403794765,0.));
#14807=CARTESIAN_POINT('',(-31.602861143068,-37.4474871348855,-7.));
#14808=AXIS2_PLACEMENT_3D('',#14809,#14810,#14811);
#14809=CARTESIAN_POINT('',(-33.85011819787,-35.5618145691212,-7.));
#14810=DIRECTION('',(0.,0.,-1.));
#14811=DIRECTION('',(0.766044443132501,-0.642787609670423,0.));
#14812=CARTESIAN_POINT('',(-30.7015954568674,-36.3734005153871,-6.99999999953057));
#14813=CARTESIAN_POINT('',(-31.602861143068,-37.4474871348855,-7.));
#14814=VECTOR('',#14815,1.);
#14815=DIRECTION('',(0.642787609670424,0.766044443132501,0.));
#14816=CARTESIAN_POINT('',(-30.2419687916737,-36.7590730820478,-7.));
#14817=VECTOR('',#14818,1.);
#14818=DIRECTION('',(-0.766044442047136,0.642787610963912,0.));
#14819=CARTESIAN_POINT('',(-46.7138791847816,-46.0345752525678,-3.3));
#14820=CARTESIAN_POINT('',(-46.7138791847816,-46.0345752525677,-3.3));
#14821=VECTOR('',#14822,1.);
#14822=DIRECTION('',(0.996493270044898,-0.0836729511564256,0.));
#14823=CARTESIAN_POINT('',(-47.5189734196826,-45.9669735811684,-3.9));
#14824=CARTESIAN_POINT('',(-47.4688835817434,-45.9711794947349,-3.86117857868081));
#14825=CARTESIAN_POINT('',(-47.3557015673022,-45.9806830944588,-3.77401882502822));
#14826=CARTESIAN_POINT('',(-47.1825803231862,-45.9952196355861,-3.64278067641712));
#14827=CARTESIAN_POINT('',(-47.0035508127967,-46.0102522784836,-3.50956936621278));
#14828=CARTESIAN_POINT('',(-46.8485818360711,-46.0232646208748,-3.39644644944889));
#14829=CARTESIAN_POINT('',(-46.753133976519,-46.0312791296832,-3.32795785088124));
#14830=CARTESIAN_POINT('',(-46.7138791847816,-46.0345752525677,-3.29999999999999));
#14831=CARTESIAN_POINT('',(-38.2867555627712,-46.0353318531873,-8.));
#14832=AXIS2_PLACEMENT_3D('',#14833,#14834,#14835);
#14833=CARTESIAN_POINT('',(-42.5,-42.5,-8.));
#14834=DIRECTION('',(0.,0.,-1.));
#14835=DIRECTION('',(0.7660444431325,-0.642787609670424,0.));
#14836=CARTESIAN_POINT('',(-43.4540923676969,-47.9166140488226,-3.3));
#14837=CARTESIAN_POINT('',(-43.8630465742028,-47.3281998947519,-3.3));
#14838=VECTOR('',#14839,1.);
#14839=DIRECTION('',(0.570709536367442,-0.821152010957326,0.));
#14840=CARTESIAN_POINT('',(-42.993000485449,-48.5800452729685,-3.9));
#14841=CARTESIAN_POINT('',(-43.0216878324149,-48.5387691576261,-3.86117857868081));
#14842=CARTESIAN_POINT('',(-43.0865091984277,-48.4455024577333,-3.77401882502823));
#14843=CARTESIAN_POINT('',(-43.185658834391,-48.3028433329617,-3.64278067641712));
#14844=CARTESIAN_POINT('',(-43.2881922402271,-48.1553155503903,-3.50956936621281));
#14845=CARTESIAN_POINT('',(-43.3769457476686,-48.0276146509467,-3.39644644944894));
#14846=CARTESIAN_POINT('',(-43.4316104456749,-47.9489616342442,-3.32795785088129));
#14847=CARTESIAN_POINT('',(-43.4540923676969,-47.9166140488225,-3.30000000000005));
#14848=AXIS2_PLACEMENT_3D('',#14849,#14850,#14851);
#14849=CARTESIAN_POINT('',(-42.5,-42.5,-3.3));
#14850=DIRECTION('',(0.,0.,-1.));
#14851=DIRECTION('',(-0.173471339581261,-0.984838917967747,0.));
#14852=CARTESIAN_POINT('',(-42.5,-46.05,-7.6));
#14853=AXIS2_PLACEMENT_3D('',#14854,#14855,#14856);
#14854=CARTESIAN_POINT('',(-42.5,-42.5,-7.6));
#14855=DIRECTION('',(0.,0.,1.));
#14856=DIRECTION('',(0.,-1.,0.));
#14857=CARTESIAN_POINT('',(-28.3251203360884,-34.4746620487788,-6.6726496846253));
#14858=AXIS2_PLACEMENT_3D('',#14859,#14860,#14861);
#14859=CARTESIAN_POINT('',(-30.2419687954188,-36.7590730789053,6.74674098214159));
#14860=DIRECTION('',(-0.766044442047136,0.64278761096391,0.));
#14861=DIRECTION('',(0.139440210726563,0.166178371522724,-0.976187060183952));
#14862=CARTESIAN_POINT('',(-28.7847470014714,-34.0889894823691,-6.67264968275941));
#14863=AXIS2_PLACEMENT_3D('',#14864,#14865,#14866);
#14864=CARTESIAN_POINT('',(-30.701595456902,-36.3734005154695,6.74674098214159));
#14865=DIRECTION('',(0.766044442047136,-0.64278761096391,0.));
#14866=DIRECTION('',(1.63757896132211E-15,1.97064586870965E-15,-1.));
#14867=CARTESIAN_POINT('',(-28.3251203360655,-34.4746620487484,-6.67264968432547));
#14868=VECTOR('',#14869,1.);
#14869=DIRECTION('',(-0.766044442047142,0.642787610963903,0.));
#14870=CARTESIAN_POINT('',(-18.6486939044539,-22.9427460848716,-3.32735031655199));
#14871=CARTESIAN_POINT('',(-18.6486939044335,-22.9427460848847,-3.32735031567453));
#14872=VECTOR('',#14873,1.);
#14873=DIRECTION('',(-0.627480947006841,-0.747802672911769,-0.216930457818656));
#14874=CARTESIAN_POINT('',(-19.1083205696644,-22.557073518471,-3.32735031529066));
#14875=CARTESIAN_POINT('',(-28.7847470012377,-34.0889894822171,-6.67264968432547));
#14876=VECTOR('',#14877,1.);
#14877=DIRECTION('',(0.627480947006841,0.747802672911769,0.216930457818656));
#14878=CARTESIAN_POINT('',(-19.1083205696057,-22.5570735183534,-3.32735031567453));
#14879=VECTOR('',#14880,1.);
#14880=DIRECTION('',(0.76604444204714,-0.642787610963906,0.));
#14881=CARTESIAN_POINT('',(-17.674392579789,-21.7816189807936,-3.07842997674786));
#14882=CARTESIAN_POINT('',(-16.6719348604536,-20.7086060043618,-3.));
#14883=CARTESIAN_POINT('',(-16.7877234574233,-20.8241077710918,-3.));
#14884=CARTESIAN_POINT('',(-17.0214422494619,-21.0530547377162,-3.00577902643353));
#14885=CARTESIAN_POINT('',(-17.3551633445793,-21.4120380139,-3.03191076140707));
#14886=CARTESIAN_POINT('',(-17.5691209505409,-21.6577392281136,-3.06098995709666));
#14887=CARTESIAN_POINT('',(-17.6743925796612,-21.7816189806524,-3.07842997635366));
#14888=AXIS2_PLACEMENT_3D('',#14889,#14890,#14891);
#14889=CARTESIAN_POINT('',(-16.7318454470974,-20.6583350530351,-16.7467409821416));
#14890=DIRECTION('',(0.766044442047136,-0.642787610963911,-1.38777878078145E-17));
#14891=DIRECTION('',(-0.0685651336587416,-0.0817127440877933,0.99429464943748));
#14892=AXIS2_PLACEMENT_3D('',#14893,#14894,#14895);
#14893=CARTESIAN_POINT('',(-17.1914721102524,-20.2726624881964,-16.7467409821416));
#14894=DIRECTION('',(-0.766044442047136,0.642787610963911,1.38777878078145E-17));
#14895=DIRECTION('',(-0.139440210726563,-0.166178371522724,0.976187060183952));
#14896=CARTESIAN_POINT('',(40.9219841719228,-25.0073173430761,-6.09823388836988));
#14897=CARTESIAN_POINT('',(36.3206137823751,-12.3651560984495,-3.12112498585436));
#14898=VECTOR('',#14899,1.);
#14899=DIRECTION('',(0.333941522864871,-0.917496793547374,-0.216061780833582));
#14900=CARTESIAN_POINT('',(41.9031134675508,-27.7029479285495,-6.4));
#14901=CARTESIAN_POINT('',(41.9031134675508,-27.7029479285495,-6.4));
#14902=CARTESIAN_POINT('',(41.8969616791981,-27.6860460289601,-6.40039093684836));
#14903=CARTESIAN_POINT('',(41.8908116281178,-27.6691489024874,-6.40011305336566));
#14904=CARTESIAN_POINT('',(41.7538842496167,-27.2929440219268,-6.40014758747128));
#14905=CARTESIAN_POINT('',(41.6227277563859,-26.9325945183374,-6.38357503487968));
#14906=CARTESIAN_POINT('',(41.3622510958251,-26.2169407751068,-6.3175429917131));
#14907=CARTESIAN_POINT('',(41.2320734854611,-25.8592807300905,-6.26789111013808));
#14908=CARTESIAN_POINT('',(41.0426204366565,-25.3387627564203,-6.17105603481498));
#14909=CARTESIAN_POINT('',(40.9823745147062,-25.1732384462372,-6.13317758617072));
#14910=CARTESIAN_POINT('',(40.9219841719228,-25.0073173430762,-6.09823388836988));
#14911=CARTESIAN_POINT('',(41.9031134675508,-27.7029479285495,-6.4));
#14912=VECTOR('',#14913,1.);
#14913=DIRECTION('',(0.342020143306626,-0.939692620792839,0.));
#14914=CARTESIAN_POINT('',(43.0091493623476,-30.7417565748014,-6.4));
#14915=VECTOR('',#14916,1.);
#14916=DIRECTION('',(0.664463024393574,0.241844762634511,-0.707106781186548));
#14917=CARTESIAN_POINT('',(31.602861143068,-37.4474871348855,-7.));
#14918=VECTOR('',#14919,1.);
#14919=DIRECTION('',(0.541675220429268,0.454519477660646,0.707106781186546));
#14920=CARTESIAN_POINT('',(41.9031134675508,27.7029479285494,-6.4));
#14921=CARTESIAN_POINT('',(41.9031134675508,27.7029479285494,-6.4));
#14922=VECTOR('',#14923,1.);
#14923=DIRECTION('',(0.342020143306628,0.939692620792839,0.));
#14924=CARTESIAN_POINT('',(40.9219841719228,25.0073173430761,-6.09823388836988));
#14925=CARTESIAN_POINT('',(41.9031134675508,27.7029479285494,-6.4));
#14926=CARTESIAN_POINT('',(41.8969616791981,27.6860460289601,-6.40039093684836));
#14927=CARTESIAN_POINT('',(41.8908116281178,27.6691489024874,-6.40011305336566));
#14928=CARTESIAN_POINT('',(41.7538842496167,27.2929440219268,-6.40014758747128));
#14929=CARTESIAN_POINT('',(41.6227277563859,26.9325945183374,-6.38357503487968));
#14930=CARTESIAN_POINT('',(41.3622510958251,26.2169407751068,-6.3175429917131));
#14931=CARTESIAN_POINT('',(41.2320734854611,25.8592807300905,-6.26789111013808));
#14932=CARTESIAN_POINT('',(41.0426204366565,25.3387627564203,-6.17105603481498));
#14933=CARTESIAN_POINT('',(40.9823745147062,25.1732384462372,-6.13317758617072));
#14934=CARTESIAN_POINT('',(40.9219841719228,25.0073173430761,-6.09823388836988));
#14935=CARTESIAN_POINT('',(36.3206137823751,12.3651560984495,-3.12112498585436));
#14936=VECTOR('',#14937,1.);
#14937=DIRECTION('',(0.333941522864871,0.917496793547374,-0.216061780833582));
#14938=CARTESIAN_POINT('',(43.0091493623476,30.7417565748014,-6.4));
#14939=VECTOR('',#14940,1.);
#14940=DIRECTION('',(0.664463024393574,-0.241844762634511,-0.707106781186548));
#14941=CARTESIAN_POINT('',(31.602861143068,37.4474871348855,-7.));
#14942=VECTOR('',#14943,1.);
#14943=DIRECTION('',(0.541675220429266,-0.454519477660652,0.707106781186543));
#14944=CARTESIAN_POINT('',(-41.9031134675508,-27.7029479285495,-6.4));
#14945=CARTESIAN_POINT('',(-41.9031134675508,-27.7029479285495,-6.4));
#14946=VECTOR('',#14947,1.);
#14947=DIRECTION('',(-0.342020143306626,-0.93969262079284,0.));
#14948=CARTESIAN_POINT('',(-40.9219841719228,-25.0073173430761,-6.09823388836988));
#14949=CARTESIAN_POINT('',(-41.9031134675508,-27.7029479285495,-6.4));
#14950=CARTESIAN_POINT('',(-41.8969616791981,-27.6860460289601,-6.40039093684836));
#14951=CARTESIAN_POINT('',(-41.8908116281178,-27.6691489024874,-6.40011305336566));
#14952=CARTESIAN_POINT('',(-41.7538842496167,-27.2929440219268,-6.40014758747128));
#14953=CARTESIAN_POINT('',(-41.6227277563859,-26.9325945183374,-6.38357503487968));
#14954=CARTESIAN_POINT('',(-41.3622510958251,-26.2169407751068,-6.3175429917131));
#14955=CARTESIAN_POINT('',(-41.2320734854611,-25.8592807300905,-6.26789111013808));
#14956=CARTESIAN_POINT('',(-41.0426204366565,-25.3387627564203,-6.17105603481498));
#14957=CARTESIAN_POINT('',(-40.9823745147062,-25.1732384462372,-6.13317758617072));
#14958=CARTESIAN_POINT('',(-40.9219841719228,-25.0073173430762,-6.09823388836988));
#14959=CARTESIAN_POINT('',(-36.3206137823751,-12.3651560984495,-3.12112498585436));
#14960=VECTOR('',#14961,1.);
#14961=DIRECTION('',(-0.333941522864871,-0.917496793547373,-0.216061780833582));
#14962=CARTESIAN_POINT('',(-43.0091493623476,-30.7417565748014,-6.4));
#14963=VECTOR('',#14964,1.);
#14964=DIRECTION('',(-0.664463024393574,0.241844762634511,-0.707106781186548));
#14965=CARTESIAN_POINT('',(-31.602861143068,-37.4474871348855,-7.));
#14966=VECTOR('',#14967,1.);
#14967=DIRECTION('',(-0.541675220429266,0.454519477660652,0.707106781186543));
#14968=CARTESIAN_POINT('',(-40.9219841719228,25.0073173430761,-6.09823388836988));
#14969=CARTESIAN_POINT('',(-36.3206137823751,12.3651560984495,-3.12112498585436));
#14970=VECTOR('',#14971,1.);
#14971=DIRECTION('',(-0.333941522864872,0.917496793547373,-0.216061780833582));
#14972=CARTESIAN_POINT('',(-41.9031134675508,27.7029479285494,-6.4));
#14973=CARTESIAN_POINT('',(-41.9031134675508,27.7029479285494,-6.4));
#14974=CARTESIAN_POINT('',(-41.8969616791981,27.6860460289601,-6.40039093684836));
#14975=CARTESIAN_POINT('',(-41.8908116281178,27.6691489024874,-6.40011305336566));
#14976=CARTESIAN_POINT('',(-41.7538842496167,27.2929440219268,-6.40014758747128));
#14977=CARTESIAN_POINT('',(-41.6227277563859,26.9325945183374,-6.38357503487968));
#14978=CARTESIAN_POINT('',(-41.3622510958251,26.2169407751068,-6.3175429917131));
#14979=CARTESIAN_POINT('',(-41.2320734854611,25.8592807300905,-6.26789111013808));
#14980=CARTESIAN_POINT('',(-41.0426204366565,25.3387627564203,-6.17105603481498));
#14981=CARTESIAN_POINT('',(-40.9823745147062,25.1732384462372,-6.13317758617072));
#14982=CARTESIAN_POINT('',(-40.9219841719228,25.0073173430761,-6.09823388836988));
#14983=CARTESIAN_POINT('',(-41.9031134675508,27.7029479285494,-6.4));
#14984=VECTOR('',#14985,1.);
#14985=DIRECTION('',(-0.342020143306628,0.939692620792839,0.));
#14986=CARTESIAN_POINT('',(-43.0091493623476,30.7417565748014,-6.4));
#14987=VECTOR('',#14988,1.);
#14988=DIRECTION('',(-0.664463024393574,-0.241844762634511,-0.707106781186548));
#14989=CARTESIAN_POINT('',(-31.602861143068,37.4474871348855,-7.));
#14990=VECTOR('',#14991,1.);
#14991=DIRECTION('',(-0.541675220429268,-0.454519477660646,0.707106781186546));
#14992=CARTESIAN_POINT('',(-19.6516113622419,-22.271107975847,-2.74163807967505));
#14993=VECTOR('',#14994,1.);
#14994=DIRECTION('',(0.640274339523228,-0.337013624244296,-0.690268489228516));
#14995=CARTESIAN_POINT('',(-29.3280377940448,-33.8030239399145,-6.08693744609619));
#14996=VECTOR('',#14997,1.);
#14997=DIRECTION('',(0.640274339503068,-0.337013624185778,-0.690268489275787));
#14998=CARTESIAN_POINT('',(-31.1612221229655,-35.9877279498865,-6.4));
#14999=VECTOR('',#15000,1.);
#15000=DIRECTION('',(0.541675221175424,-0.454519477583653,-0.707106780664447));
#15001=CARTESIAN_POINT('',(-34.9720342960038,-7.71024458300403,-2.4));
#15002=VECTOR('',#15003,1.);
#15003=DIRECTION('',(-0.690839309753699,0.15080135310742,-0.70710678118655));
#15004=CARTESIAN_POINT('',(-34.9720342960038,7.71024458300402,-2.4));
#15005=VECTOR('',#15006,1.);
#15006=DIRECTION('',(-0.690839309753699,-0.150801353107418,-0.707106781186551));
#15007=CARTESIAN_POINT('',(-35.7811159994545,10.7679768278785,-2.74727849298402));
#15008=CARTESIAN_POINT('',(-35.8398795476472,10.734654003573,-2.81173092741588));
#15009=CARTESIAN_POINT('',(-35.9574066406759,10.6680083459243,-2.94063578982061));
#15010=CARTESIAN_POINT('',(-36.1336972701499,10.5680398323387,-3.13399306405074));
#15011=CARTESIAN_POINT('',(-36.2512243497534,10.5013941385396,-3.26289790061958));
#15012=CARTESIAN_POINT('',(-36.3099878878772,10.4680712871213,-3.32735031567453));
#15013=CARTESIAN_POINT('',(-36.320613782375,12.3651560984495,-3.12112498585436));
#15014=VECTOR('',#15015,1.);
#15015=DIRECTION('',(-0.612209614293492,-0.385409826983051,-0.690404702642956));
#15016=CARTESIAN_POINT('',(-36.320613782375,-12.3651560984495,-3.12112498585436));
#15017=VECTOR('',#15018,1.);
#15018=DIRECTION('',(-0.612209614293487,0.385409826983053,-0.690404702642959));
#15019=CARTESIAN_POINT('',(-35.7811159994545,-10.7679768278785,-2.74727849298402));
#15020=CARTESIAN_POINT('',(-35.8398795476472,-10.734654003573,-2.81173092741588));
#15021=CARTESIAN_POINT('',(-35.9574066406759,-10.6680083459243,-2.94063578982061));
#15022=CARTESIAN_POINT('',(-36.1336972701499,-10.5680398323387,-3.13399306405074));
#15023=CARTESIAN_POINT('',(-36.2512243497534,-10.5013941385396,-3.26289790061958));
#15024=CARTESIAN_POINT('',(-36.3099878878772,-10.4680712871213,-3.32735031567453));
#15025=CARTESIAN_POINT('',(-31.1612221229655,35.9877279498864,-6.4));
#15026=VECTOR('',#15027,1.);
#15027=DIRECTION('',(0.54167522117542,0.454519477583666,-0.707106780664442));
#15028=CARTESIAN_POINT('',(-29.3280377940448,33.8030239399144,-6.08693744609619));
#15029=VECTOR('',#15030,1.);
#15030=DIRECTION('',(0.640274339503063,0.337013624185787,-0.690268489275787));
#15031=CARTESIAN_POINT('',(-19.6516113622419,22.271107975847,-2.74163807967505));
#15032=VECTOR('',#15033,1.);
#15033=DIRECTION('',(0.640274339523228,0.337013624244296,-0.690268489228516));
#15034=CARTESIAN_POINT('',(19.6516113622419,22.271107975847,-2.74163807967505));
#15035=VECTOR('',#15036,1.);
#15036=DIRECTION('',(-0.640274339523229,0.337013624244293,-0.690268489228517));
#15037=CARTESIAN_POINT('',(29.3280377940448,33.8030239399144,-6.08693744609619));
#15038=VECTOR('',#15039,1.);
#15039=DIRECTION('',(-0.640274339503065,0.337013624185779,-0.690268489275789));
#15040=CARTESIAN_POINT('',(31.1612221229655,35.9877279498864,-6.4));
#15041=VECTOR('',#15042,1.);
#15042=DIRECTION('',(-0.541675221175424,0.454519477583653,-0.707106780664447));
#15043=CARTESIAN_POINT('',(34.9720342960038,-7.71024458300403,-2.4));
#15044=VECTOR('',#15045,1.);
#15045=DIRECTION('',(0.690839309753699,0.150801353107418,-0.707106781186551));
#15046=CARTESIAN_POINT('',(35.7811159994545,-10.7679768278785,-2.74727849298402));
#15047=CARTESIAN_POINT('',(35.8398795476472,-10.734654003573,-2.81173092741588));
#15048=CARTESIAN_POINT('',(35.9574066406759,-10.6680083459243,-2.94063578982061));
#15049=CARTESIAN_POINT('',(36.1336972701499,-10.5680398323387,-3.13399306405074));
#15050=CARTESIAN_POINT('',(36.2512243497534,-10.5013941385396,-3.26289790061958));
#15051=CARTESIAN_POINT('',(36.3099878878772,-10.4680712871213,-3.32735031567453));
#15052=CARTESIAN_POINT('',(36.320613782375,-12.3651560984495,-3.12112498585436));
#15053=VECTOR('',#15054,1.);
#15054=DIRECTION('',(0.612209614293486,0.385409826983055,-0.690404702642959));
#15055=CARTESIAN_POINT('',(36.320613782375,12.3651560984495,-3.12112498585436));
#15056=VECTOR('',#15057,1.);
#15057=DIRECTION('',(0.612209614293492,-0.385409826983051,-0.690404702642956));
#15058=CARTESIAN_POINT('',(35.7811159994545,10.7679768278785,-2.74727849298402));
#15059=CARTESIAN_POINT('',(35.8398795476472,10.734654003573,-2.81173092741588));
#15060=CARTESIAN_POINT('',(35.9574066406759,10.6680083459243,-2.94063578982061));
#15061=CARTESIAN_POINT('',(36.1336972701499,10.5680398323387,-3.13399306405074));
#15062=CARTESIAN_POINT('',(36.2512243497534,10.5013941385396,-3.26289790061958));
#15063=CARTESIAN_POINT('',(36.3099878878772,10.4680712871213,-3.32735031567453));
#15064=CARTESIAN_POINT('',(34.9720342960038,7.71024458300403,-2.4));
#15065=VECTOR('',#15066,1.);
#15066=DIRECTION('',(0.690839309753695,-0.15080135310742,-0.707106781186554));
#15067=CARTESIAN_POINT('',(31.1612221229655,-35.9877279498864,-6.4));
#15068=VECTOR('',#15069,1.);
#15069=DIRECTION('',(-0.54167522117542,-0.454519477583666,-0.707106780664442));
#15070=CARTESIAN_POINT('',(29.3280377940448,-33.8030239399144,-6.08693744609619));
#15071=VECTOR('',#15072,1.);
#15072=DIRECTION('',(-0.640274339503063,-0.337013624185787,-0.690268489275787));
#15073=CARTESIAN_POINT('',(19.6516113622419,-22.271107975847,-2.74163807967505));
#15074=VECTOR('',#15075,1.);
#15075=DIRECTION('',(-0.640274339523226,-0.337013624244297,-0.690268489228518));
#15076=CARTESIAN_POINT('',(41.9031134675508,-27.7029479285495,-6.4));
#15077=VECTOR('',#15078,1.);
#15078=DIRECTION('',(0.664463024393574,0.241844762634515,-0.707106781186547));
#15079=CARTESIAN_POINT('',(42.5,-46.05,-8.));
#15080=AXIS2_PLACEMENT_3D('',#15081,#15082,#15083);
#15081=CARTESIAN_POINT('',(42.5,-42.5,-8.));
#15082=DIRECTION('',(0.,0.,-1.));
#15083=DIRECTION('',(6.12323399573677E-17,-1.,0.));
#15084=CARTESIAN_POINT('',(40.9219841719228,-25.0073173430761,-6.09823388836988));
#15085=VECTOR('',#15086,1.);
#15086=DIRECTION('',(0.612209614293491,0.385409826983055,-0.690404702642955));
#15087=CARTESIAN_POINT('',(40.9219841719228,25.0073173430761,-6.09823388836988));
#15088=VECTOR('',#15089,1.);
#15089=DIRECTION('',(0.61220961429349,-0.385409826983058,-0.690404702642954));
#15090=CARTESIAN_POINT('',(41.9031134675508,27.7029479285494,-6.4));
#15091=VECTOR('',#15092,1.);
#15092=DIRECTION('',(0.664463024393575,-0.241844762634511,-0.707106781186548));
#15093=CARTESIAN_POINT('',(42.5,46.05,-8.));
#15094=AXIS2_PLACEMENT_3D('',#15095,#15096,#15097);
#15095=CARTESIAN_POINT('',(42.5,42.5,-8.));
#15096=DIRECTION('',(0.,0.,1.));
#15097=DIRECTION('',(1.83696781819328E-16,1.,0.));
#15098=CARTESIAN_POINT('',(-41.9031134675508,27.7029479285494,-6.4));
#15099=VECTOR('',#15100,1.);
#15100=DIRECTION('',(-0.664463024393575,-0.241844762634511,-0.707106781186548));
#15101=CARTESIAN_POINT('',(-42.5,46.05,-8.));
#15102=AXIS2_PLACEMENT_3D('',#15103,#15104,#15105);
#15103=CARTESIAN_POINT('',(-42.5,42.5,-8.));
#15104=DIRECTION('',(0.,0.,-1.));
#15105=DIRECTION('',(-3.06161461734063E-16,1.,0.));
#15106=CARTESIAN_POINT('',(-40.9219841719228,25.0073173430761,-6.09823388836988));
#15107=VECTOR('',#15108,1.);
#15108=DIRECTION('',(-0.612209614293491,-0.385409826983055,-0.690404702642955));
#15109=CARTESIAN_POINT('',(-40.9219841719228,-25.0073173430761,-6.09823388836988));
#15110=VECTOR('',#15111,1.);
#15111=DIRECTION('',(-0.612209614293485,0.385409826983057,-0.690404702642959));
#15112=CARTESIAN_POINT('',(-41.9031134675508,-27.7029479285495,-6.4));
#15113=VECTOR('',#15114,1.);
#15114=DIRECTION('',(-0.664463024393576,0.241844762634507,-0.707106781186549));
#15115=CARTESIAN_POINT('',(-42.5,-46.05,-8.));
#15116=AXIS2_PLACEMENT_3D('',#15117,#15118,#15119);
#15117=CARTESIAN_POINT('',(-42.5,-42.5,-8.));
#15118=DIRECTION('',(0.,0.,1.));
#15119=DIRECTION('',(6.12323399573677E-17,-1.,0.));
#15120=CARTESIAN_POINT('',(-43.4254911937608,27.2075593149343,-6.6));
#15121=VECTOR('',#15122,1.);
#15122=DIRECTION('',(0.664463024393575,0.241844762634515,-0.707106781186547));
#15123=CARTESIAN_POINT('',(-42.4311578728481,24.4756509681431,-6.27418136600619));
#15124=VECTOR('',#15125,1.);
#15125=DIRECTION('',(0.71671643449366,0.0982796982859595,-0.690404702642962));
#15126=CARTESIAN_POINT('',(-37.8240405718599,11.8177002129031,-3.29335418070483));
#15127=VECTOR('',#15128,1.);
#15128=DIRECTION('',(0.716716791346603,0.0982771868605207,-0.690404689689034));
#15129=CARTESIAN_POINT('',(-37.3043531308381,10.2781281255962,-2.93303848605304));
#15130=CARTESIAN_POINT('',(-37.2586123165981,10.2821916057668,-2.97685091161011));
#15131=CARTESIAN_POINT('',(-37.1671306881934,10.2903185659492,-3.0644757626952));
#15132=CARTESIAN_POINT('',(-37.0299082458124,10.3025090057468,-3.19591303923569));
#15133=CARTESIAN_POINT('',(-36.938426617709,10.3106359652944,-3.2835378902046));
#15134=CARTESIAN_POINT('',(-36.8926858036949,10.3146994449889,-3.32735031567453));
#15135=CARTESIAN_POINT('',(-36.5298603624176,7.34439997344813,-2.6));
#15136=VECTOR('',#15137,1.);
#15137=DIRECTION('',(0.69094909725231,0.150297521623644,-0.707106781186553));
#15138=CARTESIAN_POINT('',(-36.5298603624176,-7.34439997344818,-2.6));
#15139=VECTOR('',#15140,1.);
#15140=DIRECTION('',(0.690949097252311,-0.150297521623639,-0.707106781186553));
#15141=CARTESIAN_POINT('',(-37.3043531308984,-10.2781281257899,-2.93303847982296));
#15142=CARTESIAN_POINT('',(-37.258612329291,-10.2821916154944,-2.97685089190688));
#15143=CARTESIAN_POINT('',(-37.167130717725,-10.290318588373,-3.06447572549536));
#15144=CARTESIAN_POINT('',(-37.0299082753233,-10.3025090281041,-3.19591300412168));
#15145=CARTESIAN_POINT('',(-36.9384266303545,-10.3106359748695,-3.28353787535613));
#15146=CARTESIAN_POINT('',(-36.892685803695,-10.3146994449889,-3.32735031567453));
#15147=CARTESIAN_POINT('',(-37.8240405718599,-11.8177002129031,-3.29335418070483));
#15148=VECTOR('',#15149,1.);
#15149=DIRECTION('',(0.716716791346614,-0.0982771868605125,-0.690404689689025));
#15150=CARTESIAN_POINT('',(-42.4311578728481,-24.4756509681431,-6.27418136600619));
#15151=VECTOR('',#15152,1.);
#15152=DIRECTION('',(0.716716434493669,-0.0982796982859636,-0.690404702642951));
#15153=CARTESIAN_POINT('',(-43.4254911937608,-27.2075593149343,-6.6));
#15154=VECTOR('',#15155,1.);
#15155=DIRECTION('',(0.664463024393571,-0.241844762634512,-0.707106781186551));
#15156=CARTESIAN_POINT('',(29.9355510147365,37.0161881262922,-6.6000000021245));
#15157=VECTOR('',#15158,1.);
#15158=DIRECTION('',(0.5416752196749,-0.454519477671021,-0.707106781757756));
#15159=CARTESIAN_POINT('',(28.0744786434022,34.798248441582,-6.28217486035528));
#15160=VECTOR('',#15161,1.);
#15161=DIRECTION('',(0.443076101175008,-0.572025331274171,-0.690268490479052));
#15162=CARTESIAN_POINT('',(18.398052211751,23.2663324776955,-2.9368754928469));
#15163=VECTOR('',#15164,1.);
#15164=DIRECTION('',(0.443076101159603,-0.572025331335392,-0.690268490438206));
#15165=CARTESIAN_POINT('',(17.3954008565841,22.0714191230048,-2.68071211663221));
#15166=VECTOR('',#15167,1.);
#15167=DIRECTION('',(0.4931923479683,-0.512299113406178,-0.703072490081044));
#15168=CARTESIAN_POINT('',(16.3937384715274,20.9960199378943,-2.6));
#15169=VECTOR('',#15170,1.);
#15170=DIRECTION('',(0.491786382777917,-0.508080853520586,-0.70710678118655));
#15171=CARTESIAN_POINT('',(6.51970740368832,17.,-2.6));
#15172=VECTOR('',#15173,1.);
#15173=DIRECTION('',(-2.89503068086867E-10,-0.707106781186546,-0.707106781186549));
#15174=CARTESIAN_POINT('',(-6.51970740368832,17.,-2.6));
#15175=VECTOR('',#15176,1.);
#15176=DIRECTION('',(2.89506208271784E-10,-0.707106781186546,-0.707106781186549));
#15177=CARTESIAN_POINT('',(-16.3937384715274,20.9960199378943,-2.6));
#15178=VECTOR('',#15179,1.);
#15179=DIRECTION('',(-0.491786382777924,-0.50808085352058,-0.70710678118655));
#15180=CARTESIAN_POINT('',(-17.3954008565841,22.0714191230048,-2.68071211663221));
#15181=VECTOR('',#15182,1.);
#15182=DIRECTION('',(-0.493192347968303,-0.512299113406182,-0.703072490081039));
#15183=CARTESIAN_POINT('',(-18.398052211751,23.2663324776954,-2.9368754928469));
#15184=VECTOR('',#15185,1.);
#15185=DIRECTION('',(-0.443076101159595,-0.572025331335391,-0.690268490438212));
#15186=CARTESIAN_POINT('',(-28.0744786434022,34.798248441582,-6.28217486035528));
#15187=VECTOR('',#15188,1.);
#15188=DIRECTION('',(-0.443076101175009,-0.572025331274159,-0.690268490479061));
#15189=CARTESIAN_POINT('',(-29.9355510147365,37.0161881262922,-6.6000000021245));
#15190=VECTOR('',#15191,1.);
#15191=DIRECTION('',(-0.541675219674905,-0.454519477670999,-0.707106781757767));
#15192=CARTESIAN_POINT('',(29.9355510147365,-37.0161881262922,-6.6000000021245));
#15193=VECTOR('',#15194,1.);
#15194=DIRECTION('',(0.541675219674898,0.454519477671019,-0.707106781757759));
#15195=CARTESIAN_POINT('',(28.0744786434022,-34.798248441582,-6.28217486035528));
#15196=VECTOR('',#15197,1.);
#15197=DIRECTION('',(0.44307610117501,0.572025331274165,-0.690268490479055));
#15198=CARTESIAN_POINT('',(18.398052211751,-23.2663324776955,-2.9368754928469));
#15199=VECTOR('',#15200,1.);
#15200=DIRECTION('',(0.443076101159598,0.572025331335388,-0.690268490438213));
#15201=CARTESIAN_POINT('',(17.3954008565841,-22.0714191230048,-2.68071211663222));
#15202=VECTOR('',#15203,1.);
#15203=DIRECTION('',(0.493192347968302,0.512299113406181,-0.70307249008104));
#15204=CARTESIAN_POINT('',(16.3937384715274,-20.9960199378943,-2.6));
#15205=VECTOR('',#15206,1.);
#15206=DIRECTION('',(0.491786382777919,0.508080853520582,-0.707106781186553));
#15207=CARTESIAN_POINT('',(6.51970740368832,-17.,-2.6));
#15208=VECTOR('',#15209,1.);
#15209=DIRECTION('',(-2.89504638179326E-10,0.707106781186546,-0.707106781186549));
#15210=CARTESIAN_POINT('',(-6.51970740368832,-17.,-2.6));
#15211=VECTOR('',#15212,1.);
#15212=DIRECTION('',(2.89503068086867E-10,0.707106781186546,-0.707106781186549));
#15213=CARTESIAN_POINT('',(-16.3937384715274,-20.9960199378943,-2.6));
#15214=VECTOR('',#15215,1.);
#15215=DIRECTION('',(-0.491786382777922,0.508080853520585,-0.707106781186548));
#15216=CARTESIAN_POINT('',(-17.3954008565841,-22.0714191230048,-2.68071211663221));
#15217=VECTOR('',#15218,1.);
#15218=DIRECTION('',(-0.493192347968305,0.512299113406184,-0.703072490081036));
#15219=CARTESIAN_POINT('',(-18.398052211751,-23.2663324776955,-2.9368754928469));
#15220=VECTOR('',#15221,1.);
#15221=DIRECTION('',(-0.443076101159601,0.572025331335396,-0.690268490438205));
#15222=CARTESIAN_POINT('',(-28.0744786434022,-34.798248441582,-6.28217486035528));
#15223=VECTOR('',#15224,1.);
#15224=DIRECTION('',(-0.443076101175009,0.572025331274165,-0.690268490479056));
#15225=CARTESIAN_POINT('',(-29.9355510147365,-37.0161881262923,-6.6000000021245));
#15226=VECTOR('',#15227,1.);
#15227=DIRECTION('',(-0.541675219674904,0.454519477671019,-0.707106781757755));
#15228=CARTESIAN_POINT('',(-13.4,4.6,2.7));
#15229=VECTOR('',#15230,1.);
#15230=DIRECTION('',(0.577350269189626,0.577350269189627,-0.577350269189624));
#15231=CARTESIAN_POINT('',(-13.4,9.40000000000001,2.7));
#15232=VECTOR('',#15233,1.);
#15233=DIRECTION('',(0.577350269189631,-0.577350269189623,-0.577350269189623));
#15234=CARTESIAN_POINT('',(13.4,9.39999999999999,2.7));
#15235=VECTOR('',#15236,1.);
#15236=DIRECTION('',(-0.577350269189626,-0.577350269189626,-0.577350269189625));
#15237=CARTESIAN_POINT('',(13.4,4.6,2.7));
#15238=VECTOR('',#15239,1.);
#15239=DIRECTION('',(-0.577350269189629,0.577350269189624,-0.577350269189624));
#15240=CARTESIAN_POINT('',(43.4254911937608,-27.2075593149343,-6.6));
#15241=VECTOR('',#15242,1.);
#15242=DIRECTION('',(-0.664463024393575,-0.241844762634509,-0.707106781186548));
#15243=CARTESIAN_POINT('',(42.4311578728481,-24.4756509681431,-6.27418136600619));
#15244=VECTOR('',#15245,1.);
#15245=DIRECTION('',(-0.716716434493668,-0.0982796982859714,-0.690404702642951));
#15246=CARTESIAN_POINT('',(37.8240405718599,-11.8177002129031,-3.29335418070483));
#15247=VECTOR('',#15248,1.);
#15248=DIRECTION('',(-0.716716791346613,-0.0982771868605202,-0.690404689689025));
#15249=CARTESIAN_POINT('',(37.3043531308381,-10.2781281255962,-2.93303848605304));
#15250=CARTESIAN_POINT('',(37.2586123165981,-10.2821916057668,-2.97685091161011));
#15251=CARTESIAN_POINT('',(37.1671306881934,-10.2903185659492,-3.0644757626952));
#15252=CARTESIAN_POINT('',(37.0299082458124,-10.3025090057468,-3.19591303923569));
#15253=CARTESIAN_POINT('',(36.938426617709,-10.3106359652945,-3.28353789020459));
#15254=CARTESIAN_POINT('',(36.8926858036949,-10.3146994449889,-3.32735031567453));
#15255=CARTESIAN_POINT('',(36.5298603624176,-7.34439997344817,-2.6));
#15256=VECTOR('',#15257,1.);
#15257=DIRECTION('',(-0.690949097252298,-0.150297521623642,-0.707106781186566));
#15258=CARTESIAN_POINT('',(36.5298603624176,7.34439997344814,-2.6));
#15259=VECTOR('',#15260,1.);
#15260=DIRECTION('',(-0.690949097252304,0.150297521623642,-0.707106781186559));
#15261=CARTESIAN_POINT('',(37.3043531308984,10.2781281257899,-2.93303847982296));
#15262=CARTESIAN_POINT('',(37.258612329291,10.2821916154944,-2.97685089190688));
#15263=CARTESIAN_POINT('',(37.167130717725,10.290318588373,-3.06447572549536));
#15264=CARTESIAN_POINT('',(37.0299082753233,10.3025090281041,-3.19591300412168));
#15265=CARTESIAN_POINT('',(36.9384266303545,10.3106359748694,-3.28353787535613));
#15266=CARTESIAN_POINT('',(36.8926858036949,10.3146994449889,-3.32735031567453));
#15267=CARTESIAN_POINT('',(37.8240405718599,11.8177002129031,-3.29335418070483));
#15268=VECTOR('',#15269,1.);
#15269=DIRECTION('',(-0.716716791346614,0.0982771868605156,-0.690404689689024));
#15270=CARTESIAN_POINT('',(42.4311578728481,24.4756509681431,-6.27418136600619));
#15271=VECTOR('',#15272,1.);
#15272=DIRECTION('',(-0.716716434493663,0.0982796982859706,-0.690404702642957));
#15273=CARTESIAN_POINT('',(43.4254911937608,27.2075593149343,-6.6));
#15274=VECTOR('',#15275,1.);
#15275=DIRECTION('',(-0.664463024393576,0.241844762634503,-0.70710678118655));
ENDSEC;
END-ISO-10303-21;
